Utilities - Regulated Electric,159.75562196278042
Information Technology Services,112.47402055316877
Capital Markets,92.39465769853383
Auto & Truck Dealerships,89.81539409234882
N/A,65.30785872552926
Gold,60.2451761366303
Internet Retail,37.30768943914537
REIT - Office,2.772597700270151
"Furnishings, Fixtures & Appliances",-7.569342068972454
Specialty Retail,-17.107579871541997
