Education & Training Services,112.16216651604411
Auto & Truck Dealerships,89.81539409234882
Gold,60.2451761366303
Information Technology Services,58.983769713522115
Capital Markets,49.49719794820551
Internet Retail,37.30768943914537
Utilities - Regulated Electric,27.783239409939966
Specialty Industrial Machinery,17.696996710956924
N/A,14.270640117087979
Diagnostics & Research,11.70061153059569
Semiconductors,11.60190682069462
Semiconductor Equipment & Materials,10.116301995186493
Internet Content & Information,7.043510433535074
Chemicals,6.731471273167797
Leisure,6.397617520242001
Specialty Chemicals,6.048308198212865
Oil & Gas Refining & Marketing,5.658890653059469
Drug Manufacturers - General,5.606779997705841
Credit Services,5.589129591866615
Restaurants,5.14982812789514
Household & Personal Products,3.890550399772054
REIT - Diversified,3.27503578477054
REIT - Hotel & Motel,2.8901735378628564
Biotechnology,2.8731674340813766
REIT - Office,2.772597700270151
Medical Distribution,2.058171332578868
Utilities - Regulated Water,2.030305214541711
Trucking,1.5217986260208998
REIT - Specialty,1.2160561157211986
Banks - Diversified,1.1063397011530565
Engineering & Construction,0.8981653009716185
Building Products & Equipment,0.8821453728085851
Electronic Components,0.6534855608317168
Software - Infrastructure,0.23322954062256596
Beverages - Non-Alcoholic,-0.26933792027452297
REIT - Industrial,-0.5071231254697867
Farm Products,-0.5133474694210645
Travel Services,-0.6244780002982515
Other Industrial Metals & Mining,-0.7698755873021084
Insurance - Life,-0.7786633796397299
Financial Data & Stock Exchanges,-0.8204454875279102
Insurance - Property & Casualty,-1.3337089962993125
Packaged Foods,-1.995550517413501
Apparel Manufacturing,-2.7079026685355245
Software - Application,-3.308018550764616
Asset Management,-5.107382959967492
Integrated Freight & Logistics,-5.25820821680449
Aerospace & Defense,-5.666237645727695
Advertising Agencies,-7.4153718275028115
"Furnishings, Fixtures & Appliances",-7.569342068972454
Specialty Retail,-9.631856818690963
Medical Instruments & Supplies,-15.419237205133488
Utilities - Renewable,-16.147722144475786
