BAM,0.01,44.85,75.59,1.61,0,0.01,0.04,0/13,hold,42.2-59.33,-16.08,24.0,70.0,63.43,Sell ALL,2.78 million,Financial Services,Asset Management,1.26,49.14,59.07,1.1,0.76,0.28
IR,0.01,76.07,73.09,0.01,-2,0.06,0.08,-2/13,hold,68.07-100.96,-8.2,25.0,109.0,101.86,Buy time,4.55 million,Industrials,Specialty Industrial Machinery,1.147,80.27,96.13,1.06,0.79,0.18
INTA,0.04,36.49,19.65,88.38,-3,0.06,0.16,-3/13,hold,19.01-47.93,-5.48,24.0,47.0,43.64,Sell ALL,655.71 thousand,Technology,Software - Application,0.45,36.28,42.83,0.99,0.85,0.06
KGC,0.16,24.06,112.78,21.78,-2,0.02,0.04,-2/13,buy,22.01-39.11,-15.21,38.0,50.0,42.03,Sell ALL,8.27 million,Basic Materials,Gold,1.477,27.17,32.4,1.13,0.74,0.17
CYH,0.21,2.72,139.88,-60.6,-2,-0.48,-5.45,-2/13,hold,2.41-4.43,-8.46,39.0,4.0,3.58,Sell ALL,1.93 million,Healthcare,Medical Care Facilities,1.862,3.07,3.8,1.13,0.72,0.29
SNFCA,0.29,9.07,65.44,-10.9,-3,0.01,0.16,-3/13,,7.333333-10.23,5.18,11.0,0.1,0.1,Buy time,34.75 thousand,Financial Services,Insurance - Life,0.678,9.25,11.38,1.02,0.8,0.36
QRHC,0.32,1.37,14.5,30.52,-1,0,0,-1/13,buy,0.81-2.41,-18.98,43.0,4.0,3.62,Sell ALL,32.11 thousand,Industrials,Waste Management,0.173,1.42,1.78,1.04,0.77,0.95
SBR,0.34,70.41,10.99,-7.42,1,0,0,1/13,,65.31-79.86,-2.77,12.0,0.1,0.1,Sell ALL,37.46 thousand,Energy,Oil & Gas Midstream,0.229,73.66,89.43,1.05,0.79,0.24
RDW,0.36,10.88,198.31,46.24,-1,0.09,0.59,-1/13,buy,4.87-26.64,-23.25,59.0,20.0,17.34,Sell ALL,15.77 million,Industrials,Aerospace & Defense,3.094,11.39,13.73,1.05,0.79,0.2
AHCO,0.41,5.6,123.98,-95.63,-3,-0.29,-6.69,-3/13,buy,5.21-13.43,-3.75,57.99999999999999,10.0,9.5,Sell ALL,2.50 million,Healthcare,Medical Devices,1.394,7.39,8.54,1.32,0.66,0.47
MAPS,0.57,0.36,13.42,-7.61,-4,-0.03,-1.0,-4/13,buy,0.31-1.24,-11.11,71.0,2.61,2.61,Sell,350.46 thousand,Technology,Software - Application,0.87,0.39,0.52,1.08,0.69,1.88
NXE,0.82,9.0,144.17,0.87,0,0.01,0.13,0/13,strongBuy,7.33-13.96,-19.44,36.0,18.875315,17.6,Sell ALL,5.63 million,Energy,Uranium,1.668,10.09,12.23,1.12,0.74,0.34
GRW,0.84,31.2,62.95,-4.11,-3,1,1,-3/13,,26.63-33.03,-3.71,6.0,0.1,0.1,Buy time,4.32 thousand,N/A,N/A,1,31.57,45.05,1.01,0.69,2.37
AMPY,0.9,4.36,17.4,25.02,0,-0.16,-1.0,0/13,buy,3.65-6.79,-10.55,36.0,9.0,8.38,Buy,653.40 thousand,Energy,Oil & Gas E&P,1,4.5,5.33,1.03,0.82,0.15
SHLS,1.07,8.3,80.0,-29.95,-3,0.03,0.31,-3/13,buy,5.43-13.18,0.84,37.0,15.0,13.08,Buy time,4.31 million,Technology,Solar,1.888,8.6,10.1,1.04,0.82,0.11
PGP,1.12,8.42,86.22,1.22,1,1,1,1/13,,8.04-9.41,-4.02,11.0,0.1,0.1,== less Sell ALL==,62.48 thousand,Financial Services,Asset Management,1.014,8.57,10.16,1.02,0.83,0.26
CSR,1.13,54.5,57.24,1.09,-3,-0.15,-0.04,-3/13,hold,52.0-69.61,1.13,22.0,80.0,72.07,Sell ALL,215.61 thousand,Real Estate,REIT - Residential,0.879,55.65,70.44,1.02,0.77,0.38
RES,1.16,5.86,114.17,18.37,0,0.04,1.15,0/13,hold,4.18-8.16,-12.12,28.000000000000004,9.0,7.7,Buy,1.83 million,Energy,Oil & Gas Equipment & Services,0.699,6.12,7.32,1.04,0.8,0.16
GDRX,1.2,3.28,111.8,31.52,0,-0.0,-0.02,0/13,hold,1.77-5.81,-13.41,44.0,5.0,4.47,Sell ALL,1.10 million,Healthcare,Health Information Services,1.598,3.42,4.17,1.04,0.79,0.32
CLNE,1.21,1.56,107.07,-80.71,-2,0.02,0.64,-2/13,buy,1.54-3.11,-6.41,50.0,7.0,5.5,Sell ALL,2.27 million,Energy,Oil & Gas Refining & Marketing,1.823,1.86,2.24,1.19,0.7,0.41
PRME,1.22,2.98,152.84,-91.43,-2,-0.01,-0.07,-2/13,buy,2.67-6.94,-6.38,56.99999999999999,11.0,9.06,Sell ALL,3.39 million,Healthcare,Biotechnology,2.349,3.44,3.99,1.15,0.75,0.01
FWONA,1.26,83.39,67.03,-15.1,2,0.07,0.34,2/13,buy,73.7-99.52,-12.08,16.0,124.0,117.5,Sell ALL,161.17 thousand,Communication Services,Entertainment,0.652,91.45,109.52,1.1,0.76,0.15
BKE,1.28,42.9,59.98,12.62,-1,0.24,0.32,-1/13,hold,39.44-58.67,-0.68,27.0,46.0,46.0,Buy time,533.52 thousand,Consumer Cyclical,Apparel Retail,1.021,43.27,51.74,1.01,0.83,0.03
EFOI,1.4,2.98,133.92,6.61,-2,0.02,0.07,-2/13,,1.66-9.84,2.18,70.0,0.1,0.1,Buy time,10.53 thousand,Consumer Cyclical,Furnishings, Fixtures & Appliances,2.17,2.98,3.64,1.0,0.82,0.45
AAOI,1.47,115.59,344.22,53.15,1,0.03,2.55,1/13,hold,18.5-233.67,-34.0,51.0,220.0,191.7,Buy time,10.31 million,Technology,Communication Equipment,3.783,120.17,150.0,1.04,0.77,0.26
MOVE,1.48,11.65,-21.69,-66.86,-4,1,1,-4/13,buy,3.438881-26.72,12.79,56.00000000000001,18.75,18.75,Buy time,165.22 thousand,Technology,Software - Infrastructure,1.224,12.88,16.22,1.11,0.72,0.8
MCBS,1.58,35.23,62.09,3.76,0,0.0,0.01,0/13,hold,24.528-37.46,-2.64,6.0,38.0,38.0,Buy,79.60 thousand,Financial Services,Banks - Regional,0.684,35.77,43.3,1.02,0.81,0.19
JMSB,1.62,23.01,34.63,18.46,-1,0.1,0.22,-1/13,strongBuy,18.5-24.26,-0.35,5.0,28.0,27.5,Sell ALL,57.30 thousand,Financial Services,Banks - Regional,0.416,23.2,28.49,1.01,0.81,0.39
HTH,1.83,38.45,72.47,7.13,0,0.29,0.59,0/13,hold,30.78-40.41,-2.29,5.0,42.0,41.83,Sell ALL,283.93 thousand,Financial Services,Financial Conglomerates,0.874,38.88,47.75,1.01,0.81,0.22
WASH,1.86,38.46,74.83,28.52,0,-0.04,-0.05,0/13,hold,25.23-40.54,-3.03,5.0,41.0,39.5,Sell ALL,124.50 thousand,Financial Services,Banks - Regional,0.703,38.47,46.21,1.0,0.83,0.13
RL,1.89,363.37,101.91,-8.73,0,0.53,0.16,0/13,buy,306.55-421.6,-4.09,14.000000000000002,520.0,483.35,Buy time,708.21 thousand,Consumer Cyclical,Apparel Manufacturing,1.353,372.65,443.86,1.03,0.82,0.08
KMPR,1.93,25.67,64.14,-24.51,0,-0.48,-0.41,0/13,buy,22.69-51.0,-2.1,50.0,43.0,39.67,Sell ALL,914.89 thousand,Financial Services,Insurance - Property & Casualty,1.03,28.25,33.64,1.1,0.76,0.14
SAMG,1.98,10.54,44.12,10.37,-3,-0.08,-0.2,-3/13,buy,9.09-16.16,5.63,35.0,18.0,18.0,- Buy time -,90.85 thousand,Financial Services,Asset Management,0.669,10.18,12.47,0.97,0.85,0.28
IBKR,2.02,88.3,101.09,-11.32,1,0.05,0.08,1/13,buy,58.95-98.75,-6.73,11.0,121.0,113.2,Sell ALL,4.83 million,Financial Services,Capital Markets,1.349,92.55,110.83,1.05,0.8,0.23
CRMD,2.06,7.19,66.9,-46.61,0,0.07,0.28,0/13,strongBuy,6.13-13.02,-6.68,45.0,19.0,17.17,Sell ALL,1.05 million,Healthcare,Biotechnology,1.502,8.04,9.71,1.12,0.74,0.34
TPG,2.07,44.67,146.1,24.36,2,-0.18,-0.32,2/13,buy,36.95-70.38,-15.89,37.0,68.0,63.65,Sell ALL,3.13 million,Financial Services,Asset Management,1.45,48.01,57.2,1.07,0.78,0.24
KOF,2.1,106.5,33.03,8.39,1,0.19,0.13,1/13,buy,80.22-117.09,-2.06,9.0,134.0,127.8,Sell ALL,130.36 thousand,Consumer Defensive,Beverages - Non-Alcoholic,0.525,109.87,131.91,1.03,0.81,0.19
CHCO,2.19,142.82,57.64,24.09,1,0.17,0.08,1/13,hold,113.21-148.99,-2.01,4.0,147.0,144.7,- Buy time -,154.02 thousand,Financial Services,Banks - Regional,0.469,143.02,171.92,1.0,0.83,0.05
SRI,2.34,6.72,172.02,-6.85,2,0,0,2/13,hold,4.6-9.71,-5.06,31.0,0.1,0.1,Sell ALL,180.53 thousand,Consumer Cyclical,Auto Parts,1.886,7.26,8.81,1.08,0.76,0.24
KRNY,2.35,9.32,41.32,9.59,2,-0.02,-0.09,2/13,strongBuy,6.23-10.24,-4.83,9.0,11.0,10.83,Sell ALL,738.52 thousand,Financial Services,Banks - Regional,0.608,9.61,11.8,1.03,0.79,0.35
CGNX,2.54,64.97,108.46,9.83,0,0.12,0.43,0/13,buy,34.6-72.88,-2.51,11.0,92.0,85.79,Buy time,2.14 million,Technology,Scientific & Technical Instruments,1.49,64.07,77.31,0.99,0.84,0.2
MAC,2.61,23.05,170.65,-14.57,0,-0.12,-1.64,0/13,buy,16.03-26.68,-6.18,14.000000000000002,30.0,28.53,Buy time,3.92 million,Real Estate,REIT - Retail,2.055,24.21,30.12,1.05,0.77,0.56
QCRH,2.65,100.95,79.51,17.86,1,0.49,0.27,1/13,strongBuy,66.65-108.11,-3.7,7.000000000000001,123.0,116.75,Buy,127.42 thousand,Financial Services,Banks - Regional,0.736,101.77,125.79,1.01,0.8,0.42
KBDC,2.79,12.67,94.86,-9.06,1,0.05,0.12,1/13,strongBuy,12.55-15.87,-1.91,20.0,15.0,14.75,Sell ALL,354.45 thousand,Financial Services,Asset Management,1,13.21,15.99,1.04,0.79,0.42
AMCX,2.84,11.16,95.22,29.61,3,-0.33,-3.17,3/13,hold,6.47-12.93,-8.33,14.000000000000002,11.0,10.42,Sell ALL,560.16 thousand,Communication Services,Entertainment,1.354,11.62,14.18,1.04,0.79,0.26
CADL,2.9,10.18,38.61,19.42,5,0.07,0.04,5/13,buy,4.35-14.0,-19.45,27.0,29.0,25.38,Sell ALL,1.56 million,Healthcare,Biotechnology,1,11.29,13.53,1.11,0.75,0.29
NTGR,2.94,23.56,111.3,20.77,-2,0.14,1.8,-2/13,buy,19.0-36.86,4.03,36.0,36.0,35.5,Buy time,422.63 thousand,Technology,Communication Equipment,1.176,23.37,28.52,0.99,0.83,0.28
NFLX,2.96,67.06,109.4,-27.07,4,-0.01,0.0,4/13,buy,65.08-124.86,-13.36,46.0,135.0,113.96,Sell ALL,34.71 million,Communication Services,Entertainment,1.526,75.78,90.6,1.13,0.74,0.14
MQ,2.99,16.55,118.39,21.4,-3,0.2,7.93,-3/13,hold,14.8-22.28,6.22,26.0,28.0,24.25,- Buy time -,1.07 million,Technology,Software - Infrastructure,1.287,16.58,20.44,1.0,0.81,0.24
MRAM,3.03,18.83,164.98,40.91,-1,0.04,0.49,-1/13,buy,7.35-51.5,-5.42,63.0,38.0,31.83,Buy time,1.17 million,Technology,Semiconductors,1.922,17.33,20.56,0.92,0.92,0.12
IPAR,3.16,113.95,104.53,-0.0,0,0.15,0.12,0/13,buy,77.21-129.29,2.6,12.0,151.0,138.83,Buy time,305.76 thousand,Consumer Defensive,Household & Personal Products,1.134,117.92,143.55,1.03,0.79,0.2
RBB,3.19,26.19,95.95,2.12,3,0.26,0.56,3/13,hold,16.74-28.24,-4.31,7.000000000000001,30.0,29.15,Sell ALL,130.78 thousand,Financial Services,Banks - Regional,1.016,26.83,32.27,1.02,0.81,0.07
BHE,3.27,87.39,143.27,24.95,-1,0.09,0.14,-1/13,strongBuy,35.91-100.41,3.88,13.0,92.0,89.0,Buy time,377.44 thousand,Technology,Electronic Components,1.268,80.32,96.72,0.92,0.9,0.18
WHLM,3.31,0.5,53.25,0.0,0,0.0,0.0,0/13,,0.5-3.7,0.0,86.0,0.1,0.1,Sell ALL,15,Industrials,Specialty Business Services,0.639,0.67,inf,1.34,0.0,2.5
CTBI,3.42,76.21,59.37,20.97,3,0.23,0.16,3/13,strongBuy,50.25-79.92,-2.04,5.0,82.0,81.67,Buy,114.67 thousand,Financial Services,Banks - Regional,0.546,76.24,92.27,1.0,0.83,0.19
NVT,3.43,169.56,197.53,34.03,0,0.44,0.4,0/13,buy,93.22-184.64,-4.51,8.0,240.0,222.22,Buy time,1.95 million,Industrials,Electrical Equipment & Parts,1.355,161.8,194.4,0.95,0.87,0.14
FSLY,3.47,25.81,81.26,87.14,4,0.12,1.77,4/13,hold,7.735-34.82,-12.51,26.0,37.0,32.45,Sell,5.75 million,Technology,Software - Application,0.358,24.59,28.84,0.95,0.89,0.16
FNKO,3.48,5.86,132.36,33.12,1,0.64,3.04,1/13,buy,2.72-7.35,-3.92,20.0,8.0,7.62,Buy time,1.31 million,Consumer Cyclical,Leisure,0.949,6.1,7.36,1.04,0.8,0.37
VCNX,3.55,1.01,10.96,-34.94,-5,44.1,0.61,-5/13,,0.31-1.5,22.77,33.0,0.1,0.1,- Buy time -,369,Healthcare,Biotechnology,0.677,1.04,inf,1.03,0.0,2.5
ARTW,3.58,3.12,61.52,78.28,0,-0.21,-2.6,0/13,,2.05-4.17,-3.04,25.0,0.1,0.1,Sell ALL,50.13 thousand,Industrials,Farm & Heavy Construction Machinery,1.018,2.82,4.4,0.9,0.71,2.5
BME,3.67,43.34,43.84,3.99,6,1,1,6/13,,37.37-46.43,-1.84,7.000000000000001,0.1,0.1,Sell ALL,46.36 thousand,Financial Services,Asset Management,0.586,44.2,52.58,1.02,0.82,0.27
NE,3.68,40.7,125.99,13.98,4,-0.12,-0.68,4/13,hold,26.695-54.98,-9.85,26.0,59.0,53.59,Sell ALL,1.55 million,Energy,Oil & Gas Drilling,0.928,43.74,53.59,1.07,0.76,0.19
IEX,3.76,232.99,97.06,18.04,3,0.44,0.23,3/13,buy,159.27-243.8,-2.85,4.0,280.0,267.96,Buy time,664.82 thousand,Industrials,Specialty Industrial Machinery,0.972,229.37,277.27,0.98,0.84,0.15
TRMB,3.83,57.52,98.68,28.38,0,0.13,0.17,0/13,buy,47.92-84.42,3.18,32.0,94.0,86.75,Sell ALL,2.92 million,Technology,Scientific & Technical Instruments,1.362,57.89,69.69,1.01,0.83,0.22
OUST,3.88,44.39,278.98,32.31,0,-0.25,-2.07,0/13,buy,16.4-63.79,-8.43,30.0,75.0,67.2,Buy time,3.08 million,Technology,Electronic Components,3.246,41.25,49.53,0.93,0.9,0.07
RCKY,3.92,46.74,179.23,50.72,0,1.52,4.32,0/13,hold,26.29-53.01,0.5,12.0,50.0,50.0,Buy time,52.60 thousand,Consumer Cyclical,Footwear & Accessories,2.357,44.63,54.4,0.95,0.86,0.16
CION,4.03,7.0,98.87,42.13,2,-0.03,-0.06,2/13,hold,5.83-10.4,-1.57,33.0,9.0,8.88,Sell ALL,507.13 thousand,Financial Services,Asset Management,1.119,6.93,8.36,0.99,0.84,0.36
ADMA,4.06,9.72,30.24,18.75,1,-0.02,-0.12,1/13,buy,7.21-20.458,3.91,52.0,21.0,19.0,Buy time,2.66 million,Healthcare,Biotechnology,0.774,9.45,11.41,0.97,0.85,0.16
CNMD,4.06,46.32,110.55,90.9,3,0.34,0.33,3/13,hold,31.44-53.66,-6.33,14.000000000000002,49.0,47.25,- Buy time -,590.22 thousand,Healthcare,Medical Devices,0.907,46.64,56.97,1.01,0.81,0.23
VHI,4.28,14.89,131.13,29.62,6,2.17,3.65,6/13,,11.44-19.19,-8.65,22.0,0.1,0.1,Sell ALL,14.59 thousand,Basic Materials,Chemicals,1.023,16.24,19.71,1.09,0.76,0.74
PTEN,4.34,11.21,67.95,45.33,5,0.02,-0.05,5/13,hold,5.24-13.39,-8.15,16.0,19.0,16.47,Sell ALL,9.62 million,Energy,Oil & Gas Drilling,0.672,11.31,13.48,1.01,0.83,0.12
SSNC,4.54,78.53,93.61,50.28,3,0.12,0.07,3/13,buy,61.4-89.93,-1.25,13.0,112.0,102.78,Sell ALL,1.62 million,Technology,Software - Application,1.094,77.76,93.69,0.99,0.84,0.12
GJH,4.76,9.32,78.53,-4.57,3,1,1,3/13,,9.0-9.99,-1.07,7.000000000000001,0.1,0.1,Sell ALL,1.60 thousand,N/A,N/A,1,9.43,17.89,1.01,0.52,2.5
LOCL,4.78,1.1,256.39,-19.92,1,-0.53,-0.82,1/13,,0.95-3.995,3.2,73.0,0.1,0.1,Buy time,40.19 thousand,Consumer Defensive,Farm Products,2.732,1.17,1.52,1.06,0.72,0.91
AU,4.82,94.92,71.32,56.28,5,0.15,0.06,5/13,buy,62.55-129.14,-4.93,26.0,140.0,128.75,Sell ALL,2.32 million,Basic Materials,Gold,0.75,96.55,114.98,1.02,0.83,0.11
NBXG,4.93,15.98,113.81,9.38,6,1,1,6/13,,12.32-17.43,1.72,8.0,0.1,0.1,Buy time,168.37 thousand,Financial Services,Asset Management,1,15.44,18.54,0.97,0.86,0.07
SAJ,5.06,25.22,87.79,3.92,3,1,1,3/13,,24.95-27.92,-0.4,10.0,0.1,0.1,- +Buy time -,1.93 thousand,N/A,N/A,1,25.17,29.96,1.0,0.84,2.5
MITP,5.08,25.37,84.95,3.0,6,1,1,6/13,,24.43-25.7,0.55,1.0,0.1,0.1,Sell ALL,11.33 thousand,N/A,N/A,1,25.27,31.45,1.0,0.81,0.82
GH,5.66,177.8,92.5,38.56,2,-0.01,-0.03,2/13,buy,61.0-183.51,9.07,3.0,225.0,211.22,- Buy time -,2.19 million,Healthcare,Diagnostics & Research,1.576,166.6,202.81,0.94,0.88,0.33
LAND,6.14,9.56,91.77,35.42,2,0.08,0.26,2/13,hold,7.92-13.0,14.24,26.0,10.5,9.92,Sell ALL,701.42 thousand,Real Estate,REIT - Specialty,1.084,8.92,10.65,0.93,0.9,0.15
PMTU,6.15,25.21,86.83,3.15,5,1,1,5/13,,25.02-26.26,-0.04,4.0,0.1,0.1,Sell ALL,1.77 thousand,N/A,N/A,1,25.3,35.27,1.0,0.71,2.5
KODK,6.23,9.81,152.55,52.84,5,1,1,5/13,strongBuy,5.78-14.87,-1.63,34.0,12.0,12.0,Buy time,895.96 thousand,Industrials,Specialty Business Services,1.577,9.31,11.25,0.95,0.87,0.33
GRI,6.25,1.96,-77.85,46.24,1,2.42,0.81,1/13,buy,1.36-64.12,11.73,97.0,27.0,22.75,Buy,94.91 thousand,Healthcare,Biotechnology,1,1.86,2.35,0.95,0.83,1.52
ADIL,6.37,4.12,288.29,119.65,4,0.39,-0.08,4/13,buy,1.31-10.75,-21.12,62.0,11.0,9.67,Sell ALL,63.03 thousand,Healthcare,Biotechnology,1.388,4.54,5.51,1.1,0.75,0.62
ZBRA,6.55,375.86,154.97,101.63,4,2.47,0.57,4/13,buy,199.05-386.23,1.22,3.0,455.0,433.23,Buy time,671.16 thousand,Technology,Communication Equipment,1.607,338.46,407.8,0.9,0.92,0.14
TWN,7.07,104.29,164.97,33.27,7,1,1,7/13,,51.37-108.83,5.87,4.0,0.1,0.1,Buy time,30.02 thousand,Financial Services,Asset Management,1.493,98.07,118.71,0.94,0.88,0.14
TSM,7.13,472.78,97.5,23.12,5,0.58,0.16,5/13,buy,266.82-479.0,9.09,1.0,700.0,626.13,Buy time,11.76 million,Technology,Semiconductors,1.247,430.85,518.54,0.91,0.91,0.11
VICR,7.15,308.9,167.33,79.81,-1,0.58,0.99,-1/13,strongBuy,48.53-382.65,17.93,19.0,450.0,421.88,Buy time,916.95 thousand,Technology,Electronic Components,2.36,232.36,286.41,0.75,1.08,0.4
SGMT,7.31,9.14,385.28,63.94,3,0.03,0.07,3/13,buy,4.5-11.449,-14.11,20.0,56.0,41.95,Sell ALL,1.11 million,Healthcare,Biotechnology,3.486,9.58,12.1,1.05,0.76,0.41
ZD,7.58,55.2,110.04,15.84,8,0.15,0.18,8/13,hold,22.45-60.48,1.61,9.0,75.0,69.33,Sell ALL,737.75 thousand,Communication Services,Advertising Agencies,1.022,55.8,67.18,1.01,0.82,0.3
XNCR,7.82,24.84,103.49,124.95,4,-0.41,-0.63,4/13,buy,10.375-30.61,6.92,19.0,46.0,38.71,Sell ALL,1.25 million,Healthcare,Biotechnology,0.883,22.85,27.2,0.92,0.91,0.14
PARR,7.83,84.0,152.41,60.69,7,1.74,0.03,7/13,buy,33.21-87.72,2.3,4.0,104.0,94.93,- Buy time -,1.10 million,Energy,Oil & Gas Refining & Marketing,0.773,79.96,95.17,0.95,0.88,0.11
IBAC,7.85,10.9,1.37,2.58,10,1,1,10/13,,10.19-11.64,0.18,6.0,0.1,0.1,mere Buy (some sold),2.30 thousand,Financial Services,Shell Companies,1,10.88,13.43,1.0,0.81,2.5
COCP,8.14,1.14,113.57,44.82,5,-0.09,-0.53,5/13,buy,0.76-2.03,4.8,44.0,10.0,9.5,Sell ALL,41.99 thousand,Healthcare,Biotechnology,1.483,1.12,1.34,0.98,0.85,0.31
MDIA,8.22,1.07,6.34,29.67,4,1,1,4/13,,0.538-1.64,18.5,35.0,0.1,0.1,Sell,35.50 thousand,Communication Services,Broadcasting,1,1.08,1.37,1.01,0.78,2.5
AFGE,8.24,16.76,99.55,19.96,10,1,1,10/13,,15.6-19.239,5.06,13.0,0.1,0.1,mere Buy (some sold),13.41 thousand,N/A,N/A,1,16.08,19.93,0.96,0.84,0.75
PBHC,8.34,17.43,17.68,26.55,8,1,1,8/13,,12.06-18.3,6.66,5.0,0.1,0.1,Buy time,10.81 thousand,Financial Services,Banks - Regional,0.123,16.88,26.71,0.97,0.65,2.5
HRMY,8.59,39.64,97.88,12.52,9,0.2,0.15,9/13,buy,25.52-43.49,3.78,9.0,70.0,58.82,Sell ALL,976.45 thousand,Healthcare,Biotechnology,0.925,39.66,47.81,1.0,0.83,0.18
CYCN,8.74,29.19,218.34,73.15,3,1,1,3/9,,2.82-59.36,14.39,51.0,0.1,0.1,- Buy time -,6.37 thousand,Healthcare,Biotechnology,1.755,27.39,36.94,0.94,0.79,1.43
SXC,8.91,9.9,146.53,54.3,9,0.02,0.18,9/13,buy,5.52-10.68,3.94,7.000000000000001,10.0,9.75,Buy,1.29 million,Basic Materials,Coking Coal,1.009,9.47,11.48,0.96,0.86,0.22
CURI,9.3,2.91,230.42,32.16,5,0.16,4.71,5/13,strongBuy,2.3-5.38,1.6,46.0,6.0,5.67,Buy time,1.06 million,Communication Services,Broadcasting,1.792,2.75,3.67,0.95,0.79,1.35
DSX,9.4,2.86,65.68,75.75,9,0,0,9/13,buy,1.57-3.2,6.99,11.0,3.8,3.8,mere Sell (some bought),931.93 thousand,Industrials,Marine Shipping,0.464,2.62,3.19,0.92,0.9,0.57
WK,9.47,71.23,98.41,86.34,10,0.26,0.39,10/13,buy,43.34-97.095,1.91,27.0,105.0,97.4,Sell ALL,1.08 million,Technology,Software - Application,0.487,67.86,81.91,0.95,0.87,0.34
EXPD,9.48,192.47,132.36,40.73,11,0.71,0.48,11/13,hold,112.95-194.59,2.18,1.0,220.0,199.77,Buy time,1.10 million,Industrials,Integrated Freight & Logistics,1.058,185.1,226.43,0.96,0.85,0.22
WEAV,9.59,7.37,144.61,50.38,3,0.01,0.48,3/13,hold,4.24-7.7,24.97,4.0,7.4,7.4,Buy time,2.36 million,Healthcare,Health Information Services,1.686,6.74,8.39,0.91,0.88,0.59
YEXT,9.61,6.51,124.24,75.79,8,0.05,0.31,8/13,hold,3.265-9.03,10.29,28.000000000000004,7.0,7.0,Buy time,1.13 million,Technology,Software - Infrastructure,1.154,6.12,7.46,0.94,0.87,0.33
ACIU,9.78,2.72,161.61,23.4,6,0.12,1.11,6/13,buy,2.095-4.0,7.16,32.0,11.9507475,10.26,Buy time,188.03 thousand,Healthcare,Biotechnology,1.595,2.61,3.3,0.96,0.82,0.71
NTAP,9.82,226.27,187.46,84.53,7,0.62,0.29,7/13,hold,93.69-231.9,9.75,2.0,260.0,230.53,Buy time,2.56 million,Technology,Software - Infrastructure,1.432,191.5,234.47,0.85,0.97,0.27
DDS,9.91,654.11,192.27,62.69,7,3.14,0.6,7/13,hold,503.06-741.98,11.42,12.0,650.0,597.83,Buy,213.12 thousand,Consumer Cyclical,Department Stores,1.189,618.16,746.98,0.95,0.88,0.42
APA,10.15,43.68,73.92,58.98,12,0.26,0.22,12/13,hold,21.63-47.44,4.81,8.0,62.0,54.1,Sell ALL,6.42 million,Energy,Oil & Gas E&P,0.366,40.73,48.63,0.93,0.9,0.1
AMPL,11.52,14.52,323.66,143.48,5,-0.01,-1.45,5/13,buy,5.51-14.76,13.15,2.0,18.0,16.27,- Buy time -,2.11 million,Technology,Software - Application,1.502,12.04,14.69,0.83,0.99,0.15
PLSE,11.69,47.9,301.2,149.28,8,-0.02,-0.08,8/13,buy,12.56-58.9,2.32,19.0,73.0,63.5,Sell ALL,592.27 thousand,Healthcare,Medical Instruments & Supplies,1.625,44.88,54.07,0.94,0.89,0.48
HAE,11.93,104.68,132.26,92.28,11,0.08,0.07,11/13,buy,48.17-110.45,13.77,5.0,125.0,118.25,Sell ALL,613.47 thousand,Healthcare,Medical Devices,0.543,94.0,111.48,0.9,0.94,0.1
DT,12.29,59.32,120.3,82.24,10,0.06,0.14,10/13,buy,31.635-60.24,19.74,2.0,74.0,66.99,- +Buy time -,5.76 million,Technology,Software - Application,0.741,50.72,60.97,0.86,0.97,0.16
MLAB,12.82,132.55,158.27,100.49,11,-0.81,-0.18,11/13,hold,66.56-138.66,18.89,4.0,125.0,125.0,Buy time,179.83 thousand,Technology,Scientific & Technical Instruments,0.965,115.76,141.32,0.87,0.94,-0.02
HAFN,13.67,10.25,110.15,102.92,10,0.0,0.1,10/13,buy,5.17-10.28,27.48,0.0,12.0,11.12,- Buy time -,1.79 million,Industrials,Marine Shipping,1,8.21,10.13,0.8,1.01,0.2
FRO,13.74,52.74,98.21,102.11,11,-0.04,-0.02,11/13,buy,20.47-54.91,25.07,4.0,70.0,60.38,- Buy time -,3.03 million,Energy,Oil & Gas Midstream,0.063,42.4,51.53,0.8,1.02,0.14
LOGC,14.46,15.06,293.17,135.06,9,-0.19,-2.54,9/13,,7.05-15.41,25.3,2.0,0.1,0.1,Sell ALL,136.82 thousand,Consumer Cyclical,Internet Retail,2.113,12.0,15.7,0.8,0.96,0.61
RNG,15.93,78.28,221.56,197.89,13,0.08,0.07,13/13,hold,24.14-81.9,18.15,4.0,85.0,71.32,Buy time,2.05 million,Technology,Software - Application,1.15,62.88,76.98,0.8,1.02,0.22
IRTC,0.03,110.37,82.78,-26.34,-3,0.83,13.03,-3/13,buy,100.846-212.0,-5.93,48.0,196.0,186.07,Sell ALL,693.05 thousand,Healthcare,Medical Devices,1.316,120.15,144.19,1.09,0.77,0.18
CCJ,0.03,85.18,63.05,-21.0,0,-0.07,-0.14,0/13,buy,77.7-135.24,-15.73,37.0,169.1534,148.01,Sell ALL,3.28 million,Energy,Uranium,1.012,95.89,116.16,1.13,0.73,0.2
ESNT,0.11,60.22,57.23,-12.73,1,0.42,0.24,1/13,hold,55.34-70.37,-14.71,14.000000000000002,80.0,77.36,Sell ALL,745.35 thousand,Financial Services,Insurance - Specialty,0.758,67.14,80.82,1.11,0.75,0.22
CGTX,0.23,0.93,53.51,-30.51,-2,0.04,0.63,-2/13,buy,0.55-2.05,-10.26,55.00000000000001,4.0,3.67,Sell ALL,866.81 thousand,Healthcare,Biotechnology,1.79,1.04,1.3,1.12,0.72,0.14
RF,0.23,27.1,92.55,-19.96,1,0.08,0.12,1/13,hold,22.7-32.47,-15.8,17.0,36.0,34.17,Sell ALL,9.09 million,Financial Services,Banks - Regional,1.003,30.24,36.13,1.12,0.75,0.2
AIMD,0.26,1.35,175.39,-62.79,-2,1,1,-2/13,,1.2-4.44,-4.95,70.0,0.1,0.1,Sell ALL,44.88 thousand,Technology,Scientific & Technical Instruments,2.485,1.56,1.88,1.16,0.72,0.77
DTF,0.35,11.25,20.18,-3.73,-2,1,1,-2/13,,11.14-11.61,-2.28,3.0,0.1,0.1,Sell ALL,8.11 thousand,Financial Services,Asset Management,0.289,11.46,14.79,1.02,0.76,1.59
HUMA,0.36,0.52,99.77,-65.15,-4,-0.03,-0.33,-4/13,buy,0.501-2.55,-7.57,80.0,4.0,2.92,Sell ALL,6.75 million,Healthcare,Biotechnology,2.454,0.65,0.77,1.25,0.68,0.72
RELL,0.41,18.99,109.81,51.53,-5,0.2,4.73,-5/13,buy,9.37-23.15,-4.9,18.0,24.0,22.25,Buy time,269.15 thousand,Technology,Electronic Components,1.243,18.77,24.07,0.99,0.79,0.79
BB,0.44,9.3,75.35,-33.28,-5,0.04,1.25,-5/13,hold,3.12-13.59,6.13,32.0,13.0,11.4,Buy time,16.26 million,Technology,Software - Infrastructure,1.437,9.02,10.72,0.97,0.87,0.15
PAM,0.45,76.39,-33.45,-17.01,-1,2.95,1.67,-1/13,buy,58.5-94.5,-4.54,19.0,160.0,140.55,Sell ALL,177.34 thousand,Industrials,Conglomerates,1,84.33,101.12,1.1,0.76,0.22
ONDS,0.48,7.24,208.54,3.6,-1,-0.07,-1.72,-1/13,buy,4.95-15.28,-24.31,53.0,25.0,22.21,Sell ALL,72.65 million,Technology,Communication Equipment,2.736,8.1,9.65,1.12,0.75,0.09
MTN,0.51,141.16,53.92,-0.95,-2,-0.42,-0.06,-2/13,hold,118.51-163.34,-3.85,14.000000000000002,191.0,167.42,Buy time,849.40 thousand,Consumer Cyclical,Resorts & Casinos,0.7,146.2,176.52,1.04,0.8,0.26
GAM,0.58,63.76,65.89,-1.33,1,1,1,1/13,,56.24-68.57,-6.2,7.000000000000001,0.1,0.1,Sell ALL,20.25 thousand,Financial Services,Asset Management,0.817,65.99,78.77,1.03,0.81,0.36
CTXR,0.62,0.53,12.47,19.23,-3,0.02,0.06,-3/13,buy,0.469-2.19,-5.72,76.0,4.0,4.0,Sell ALL,497.79 thousand,Healthcare,Biotechnology,0.999,0.61,0.77,1.15,0.69,0.21
JBK,0.65,24.75,83.33,-2.91,-4,1,1,-4/13,,24.21-29.0,-3.92,15.0,0.1,0.1,Sell ALL,677,N/A,N/A,1,25.46,45.14,1.03,0.55,2.5
FSS,0.69,116.34,100.15,-3.87,-1,0.43,0.44,-1/13,buy,101.19-134.51,-8.42,14.000000000000002,155.0,150.31,- Buy time -,466.25 thousand,Industrials,Farm & Heavy Construction Machinery,1.226,120.98,146.52,1.04,0.79,0.21
SYF,0.69,71.77,99.07,15.64,0,0.57,0.27,0/13,buy,63.08-88.77,-12.51,19.0,104.0,96.59,Sell ALL,3.83 million,Financial Services,Credit Services,1.308,76.79,91.88,1.07,0.78,0.05
TY,0.76,34.3,70.7,-2.21,1,1,1,1/13,buy,30.53-36.55,-4.07,6.0,0.1,0.1,Sell,35.10 thousand,Financial Services,Asset Management,0.85,35.27,42.2,1.03,0.81,0.14
MUX,0.83,17.74,98.78,10.68,-3,0.0,-0.06,-3/13,buy,14.93-29.7,-6.26,40.0,37.0,34.1,Sell ALL,1.06 million,Basic Materials,Other Precious Metals & Mining,1.264,19.04,22.76,1.07,0.78,0.13
PKG,0.85,228.54,77.35,8.21,0,0.31,0.14,0/13,buy,191.5-259.98,-9.98,12.0,320.0,289.6,Sell ALL,723.36 thousand,Consumer Cyclical,Packaging & Containers,0.797,241.72,293.69,1.06,0.78,0.16
IBCP,0.85,36.37,71.7,11.61,-1,0.08,0.09,-1/13,hold,29.83-39.24,-5.53,7.000000000000001,42.0,41.1,Buy,206.09 thousand,Financial Services,Banks - Regional,0.695,37.21,44.82,1.02,0.81,0.21
JOUT,0.86,44.91,82.34,12.95,-1,0.76,1.11,-1/13,strongBuy,35.65-53.54,-6.3,16.0,57.0,57.0,- Buy time -,43.83 thousand,Consumer Cyclical,Leisure,0.806,46.44,56.57,1.03,0.79,0.1
SPGI,0.92,386.27,86.25,-24.94,-1,0.0,0.0,-1/13,buy,361.03122-522.46924,-6.28,26.0,553.0,536.65,Sell ALL,2.26 million,Financial Services,Financial Data & Stock Exchanges,1.077,425.07,522.42,1.1,0.74,0.37
IRDM,1.03,48.96,64.29,-4.71,-1,-0.18,-0.62,-1/13,hold,15.65-57.18,-1.89,14.000000000000002,54.0,48.0,Buy time,1.34 million,Communication Services,Telecom Services,0.88,48.72,58.18,1.0,0.84,0.09
MBIN,1.09,49.95,78.88,19.97,0,0.35,0.29,0/13,hold,30.37-56.87,-8.96,12.0,65.0,64.75,Sell ALL,165.66 thousand,Financial Services,Banks - Regional,1.144,51.98,62.92,1.04,0.79,0.18
FCAP,1.1,62.9,65.25,10.77,0,1,1,0/13,,37.64-71.0,-0.74,11.0,0.1,0.1,- +Buy time -,20.34 thousand,Financial Services,Banks - Regional,0.733,62.85,78.1,1.0,0.81,0.36
ESEA,1.36,72.42,53.0,15.19,0,0.87,0.2,0/13,buy,51.0-79.67,-5.42,9.0,93.0,91.5,Sell ALL,41.63 thousand,Industrials,Marine Shipping,0.551,75.22,90.7,1.04,0.8,0.22
TREX,1.37,43.56,117.48,-8.85,1,0.07,0.14,1/13,buy,29.77-54.3,-11.91,20.0,61.0,57.83,- Buy time -,1.92 million,Industrials,Building Products & Equipment,1.47,46.33,55.39,1.06,0.79,0.21
AEG,1.4,8.45,63.04,0.16,1,1,1,1/13,strongBuy,6.75-9.61,-8.74,12.0,10.6,10.24,Sell ALL,5.78 million,Financial Services,Insurance - Diversified,0.618,9.0,10.91,1.07,0.77,0.38
ZTS,1.48,69.69,49.74,-15.46,-1,-0.07,-0.04,-1/13,hold,68.77-148.3,-4.71,53.0,155.0,125.5,Sell ALL,6.34 million,Healthcare,Drug Manufacturers - Specialty & Generic,0.729,75.3,89.89,1.08,0.78,0.18
RNR,1.49,325.53,2.8,3.52,-1,3.7,0.33,-1/13,hold,231.17-340.24,2.28,4.0,422.0,384.66,Sell ALL,326.13 thousand,Financial Services,Insurance - Reinsurance,0.171,327.72,400.07,1.01,0.81,0.26
ARLO,1.58,12.78,97.06,4.65,-1,0.17,0.89,-1/13,buy,11.05-19.94,-7.28,36.0,25.0,23.0,Sell ALL,1.45 million,Industrials,Building Products & Equipment,1.543,13.85,16.56,1.08,0.77,0.22
VAC,1.59,104.2,122.46,36.13,1,-0.16,-0.12,1/13,buy,44.58-131.34,-13.75,21.0,147.0,135.15,Buy time,509.08 thousand,Consumer Cyclical,Resorts & Casinos,1.244,107.41,128.09,1.03,0.81,0.18
PPT,1.6,3.27,27.12,-6.68,3,1,1,3/13,,3.23-3.74,-4.68,13.0,0.1,0.1,Sell ALL,110.34 thousand,Financial Services,Asset Management,0.271,3.37,4.07,1.03,0.8,0.54
WTI,1.89,3.56,39.24,6.94,2,-0.03,-1.43,2/13,buy,1.5-5.08,-5.34,30.0,4.25,4.2,Sell ALL,4.50 million,Energy,Oil & Gas E&P,0.281,3.77,4.51,1.06,0.79,0.02
OPBK,2.05,15.48,41.94,19.59,0,0.16,0.38,0/13,buy,12.41-16.83,-0.32,8.0,18.0,17.88,- Buy time -,57.14 thousand,Financial Services,Banks - Regional,0.585,15.45,18.34,1.0,0.84,0.25
KOSS,2.08,3.86,125.25,5.3,-1,1,1,-1/13,,3.3-5.7,4.15,32.0,0.1,0.1,Buy time,18.02 thousand,Technology,Consumer Electronics,1.66,3.75,4.53,0.97,0.85,0.39
SKE,2.2,29.94,220.88,46.24,0,1,1,0/13,,15.43-38.77,-7.38,23.0,0.1,0.1,Sell ALL,614.02 thousand,Basic Materials,Other Industrial Metals & Mining,2.28,31.0,37.67,1.04,0.79,0.41
MSM,2.23,130.12,82.11,23.84,-2,0.14,0.11,-2/13,hold,78.8-132.33,4.24,2.0,155.0,143.0,Buy time,807.68 thousand,Industrials,Industrial Distribution,0.818,124.29,150.29,0.96,0.87,0.18
COCH,2.26,0.68,120.11,-8.3,-1,0.01,0.12,-1/13,buy,0.363-1.89,-8.41,64.0,2.0,2.0,Sell ALL,117.72 thousand,Healthcare,Medical Devices,1.895,0.74,0.88,1.09,0.77,0.33
BVN,2.34,31.39,81.19,30.1,1,0.09,0.06,1/13,hold,21.0-44.67,-8.19,30.0,50.0,43.77,Sell ALL,930.70 thousand,Basic Materials,Other Precious Metals & Mining,0.454,33.44,40.05,1.07,0.78,0.35
LIDR,2.39,1.12,92.29,-27.01,-2,-0.01,-0.11,-2/13,buy,1.01-4.0,-14.29,72.0,6.0,5.38,Sell ALL,10.74 million,Technology,Software - Infrastructure,2.838,1.3,3.52,1.16,0.32,2.5
ALEC,2.42,1.81,38.03,16.52,1,0.09,0.32,1/13,buy,1.09-3.4,-13.26,47.0,6.0,4.55,Sell ALL,1.16 million,Healthcare,Biotechnology,0.648,2.01,2.46,1.11,0.74,0.91
PNRG,2.5,204.66,3.33,27.52,3,0,0,3/13,hold,126.4-278.9,-2.9,27.0,166.0,166.0,Sell,94.81 thousand,Energy,Oil & Gas E&P,1,203.87,245.84,1.0,0.83,0.26
GDST,2.51,12.5,0.0,0.0,0,1,1,0/13,,10.2-12.5,0.0,0.0,0.1,0.1,Sell ALL,15,Financial Services,Shell Companies,1,12.5,inf,1.0,0.0,2.5
ALNY,2.52,219.72,45.02,-83.05,1,0.22,0.21,1/13,buy,197.81-495.55,-2.22,56.00000000000001,536.0,453.56,Sell ALL,1.63 million,Healthcare,Biotechnology,0.3,256.72,306.17,1.17,0.72,0.33
SENEB,2.6,174.22,0.0,-6.35,3,1,1,3/13,,108.68-208.53,-8.37,16.0,0.1,0.1,Sell ALL,100,Consumer Defensive,Packaged Foods,1,181.27,inf,1.04,0.0,2.5
BCX,2.64,11.9,107.0,13.27,4,1,1,4/13,,9.68-13.86,-6.55,14.000000000000002,0.1,0.1,Sell ALL,187.89 thousand,Financial Services,Asset Management,1,12.36,14.93,1.04,0.8,0.26
GJT,2.67,23.1,75.07,-3.32,-1,1,1,-1/13,,22.05-23.75,-0.75,3.0,0.1,0.1,Sell ALL,1.41 thousand,N/A,N/A,1,23.25,inf,1.01,0.0,2.5
NEXT,2.84,6.48,140.22,-45.59,2,-0.08,-0.16,2/13,hold,4.75-9.24,-7.25,30.0,11.0,9.85,Sell ALL,2.80 million,Energy,Oil & Gas Equipment & Services,1.569,7.41,8.88,1.14,0.73,0.21
SOTK,2.92,6.2,-38.09,48.82,-3,0.02,0.76,-3/13,buy,3.4-6.38,12.9,3.0,10.0,9.25,Buy time,60.07 thousand,Technology,Scientific & Technical Instruments,1,5.31,6.42,0.86,0.97,0.61
SWIM,2.97,6.41,138.72,34.49,1,-0.02,-0.04,1/13,buy,4.64-8.966,-11.23,28.999999999999996,13.0,10.8,Buy time,852.82 thousand,Industrials,Building Products & Equipment,1.722,6.69,8.14,1.04,0.79,0.34
WSM,2.99,232.3,128.91,18.88,1,0.91,0.45,1/13,hold,165.51-254.89,-3.5,9.0,280.0,263.93,Buy time,1.19 million,Consumer Cyclical,Specialty Retail,1.463,234.0,283.08,1.01,0.82,0.16
SCYX,3.06,5.12,-66.79,54.54,-2,-1.23,-0.16,-2/13,buy,3.53-9.12,0.59,44.0,44.0,40.17,Buy time,117.81 thousand,Healthcare,Drug Manufacturers - Specialty & Generic,1.109,4.91,6.09,0.96,0.84,1.58
TRST,3.06,55.69,74.66,12.98,4,1,1,4/13,,34.31-59.28,-1.28,6.0,0.1,0.1,Sell ALL,142.00 thousand,Financial Services,Banks - Regional,0.642,56.97,68.28,1.02,0.82,0.17
FDS,3.13,266.0,73.01,28.42,2,-0.01,-0.01,2/13,hold,185.0-320.48,-3.65,17.0,340.0,308.78,Sell ALL,929.23 thousand,Financial Services,Financial Data & Stock Exchanges,0.711,280.06,333.17,1.05,0.8,0.27
LH,3.19,308.49,90.52,28.97,2,0.35,0.08,2/13,buy,244.52-341.8,-4.59,10.0,385.0,364.91,Sell ALL,722.77 thousand,Healthcare,Diagnostics & Research,0.851,314.62,383.11,1.02,0.81,0.31
KN,3.2,40.05,169.02,40.01,-2,0.06,0.22,-2/13,buy,20.57-42.93,2.65,7.000000000000001,48.0,45.88,Buy time,931.58 thousand,Technology,Electronic Components,1.595,37.45,46.17,0.94,0.87,0.24
RMBI,3.35,15.44,44.75,12.95,5,1,1,5/13,,12.77-16.59,-1.75,7.000000000000001,0.1,0.1,Sell,90.84 thousand,Financial Services,Banks - Regional,0.306,15.74,19.56,1.02,0.79,0.35
STT,3.44,175.96,136.81,0.38,4,0.51,0.17,4/13,buy,104.64-195.93,-9.13,10.0,215.0,207.48,Sell ALL,1.82 million,Financial Services,Asset Management,1.418,186.37,223.61,1.06,0.79,0.09
HMY,3.44,17.38,92.86,58.02,5,1,1,5/13,hold,13.03-26.06,-15.25,33.0,24.0,23.09,mere Sell (some bought),4.25 million,Basic Materials,Gold,0.814,18.62,22.11,1.07,0.79,0.3
SFBC,3.48,46.21,3.43,20.3,4,1,1,4/13,,40.68-49.21,-0.19,6.0,0.1,0.1,Sell ALL,7.38 thousand,Financial Services,Banks - Regional,0.002,46.7,56.99,1.01,0.81,1.14
TWI,3.49,6.99,145.17,-0.64,-2,0.12,2.5,-2/13,buy,6.37-11.7,5.29,40.0,13.0,12.5,Sell ALL,568.32 thousand,Industrials,Farm & Heavy Construction Machinery,1.463,7.42,8.92,1.06,0.78,0.14
CNXC,3.67,24.91,-14.18,61.26,0,0.22,0.08,0/13,buy,19.12-49.37,6.34,50.0,45.0,39.25,Sell ALL,1.64 million,Technology,Information Technology Services,0.457,27.09,32.46,1.09,0.77,0.28
DMA,3.72,7.44,89.74,8.16,4,1,1,4/13,,6.94-9.15,-0.21,19.0,0.1,0.1,Sell ALL,16.31 thousand,Financial Services,Asset Management,1,7.54,9.16,1.01,0.81,0.52
CZR,3.77,29.65,145.92,-1.37,1,-0.6,-4.44,1/13,hold,17.86-30.88,-0.03,4.0,35.0,33.13,Sell ALL,4.82 million,Consumer Cyclical,Resorts & Casinos,1.751,29.86,36.23,1.01,0.82,0.42
FCBC,3.84,48.0,48.31,28.07,4,0.04,0.05,4/13,hold,31.21-50.17,-2.46,4.0,50.0,50.0,Buy time,89.09 thousand,Financial Services,Banks - Regional,0.469,47.82,57.1,1.0,0.84,0.25
EML,3.91,24.61,122.3,-3.46,5,1,1,5/13,,17.61-29.91,-2.03,18.0,0.1,0.1,Sell ALL,13.73 thousand,Industrials,Tools & Accessories,0.864,25.85,31.18,1.05,0.79,0.26
VOYA,3.95,96.65,93.18,3.14,4,-0.2,-0.11,4/13,strongBuy,64.5-105.64,-3.61,9.0,125.0,116.54,Sell ALL,1.10 million,Financial Services,Financial Conglomerates,0.89,100.57,120.63,1.04,0.8,0.06
ASO,4.07,48.73,98.67,36.36,0,0.25,0.14,0/13,hold,41.29-62.445,5.68,22.0,69.0,63.92,Buy,1.72 million,Consumer Cyclical,Specialty Retail,1.019,48.74,58.6,1.0,0.83,0.16
CWBC,4.08,26.53,67.33,2.86,3,-0.11,-0.18,3/13,buy,19.79-28.17,2.07,6.0,31.0,30.35,Buy,237.49 thousand,Financial Services,Banks - Regional,0.801,26.3,31.43,0.99,0.84,0.18
MHK,4.09,126.41,118.25,46.02,4,1.18,0.47,4/13,hold,92.99-140.3,-7.06,10.0,155.0,145.29,Buy,1.06 million,Consumer Cyclical,Furnishings, Fixtures & Appliances,1.184,126.35,152.8,1.0,0.83,0.09
PFX,4.13,44.88,30.98,15.43,3,0.53,1.13,3/13,hold,38.3-56.477,-2.8,21.0,0.1,0.1,mere Buy (some sold),20.70 thousand,Financial Services,Asset Management,0.277,46.4,78.95,1.03,0.57,2.5
BAH,4.15,67.35,65.53,24.55,5,0.75,0.53,5/13,hold,59.5-109.1,-11.31,38.0,140.0,112.62,Sell ALL,2.42 million,Industrials,Consulting Services,0.365,73.74,89.31,1.09,0.75,0.33
SYNA,4.24,121.1,105.12,8.9,-3,0.1,0.1,-3/13,hold,58.28-149.11,8.69,19.0,170.0,150.61,Buy time,1.39 million,Technology,Semiconductors,1.942,109.56,141.61,0.9,0.86,1.66
ITIC,4.35,290.2,70.29,16.57,5,0.42,1.05,5/13,,209.75-309.55,0.79,6.0,0.1,0.1,- Buy time -,67.41 thousand,Financial Services,Insurance - Specialty,0.613,292.38,350.4,1.01,0.83,0.6
STEP,4.44,45.27,97.08,19.88,3,0.05,0.09,3/13,buy,38.85-77.795,-5.95,42.0,88.0,77.8,Sell ALL,1.48 million,Financial Services,Asset Management,1.284,47.79,58.59,1.06,0.77,0.6
PEN,4.53,317.55,64.04,0.33,5,-0.22,-0.19,5/13,hold,221.26-362.41,-3.03,12.0,374.0,367.92,Sell ALL,378.68 thousand,Healthcare,Medical Devices,0.698,321.62,394.8,1.01,0.8,0.49
KSS,4.59,18.81,134.28,47.56,1,0.77,1.56,1/13,hold,11.38-25.22,-1.81,25.0,41.5,30.12,Buy time,4.14 million,Consumer Cyclical,Department Stores,1.404,18.3,22.03,0.97,0.85,0.1
DXYZ,4.6,32.8,169.31,82.02,4,1,1,4/13,,19.711-72.87,-3.66,55.00000000000001,0.1,0.1,Buy time,1.17 million,Financial Services,Asset Management,1,29.85,36.11,0.91,0.91,0.27
NRP,4.82,109.5,52.68,28.99,5,0.28,0.95,5/13,,95.51-128.6,5.08,15.0,0.1,0.1,- Buy time -,39.82 thousand,Energy,Thermal Coal,0.167,106.06,128.93,0.97,0.85,0.41
AEHR,4.85,107.21,604.79,199.39,0,0.14,15.95,0/13,buy,18.7-147.4,-35.82,27.0,175.0,151.5,Buy time,2.32 million,Technology,Semiconductor Equipment & Materials,3.067,97.5,124.34,0.91,0.86,0.16
MNSB,5.09,24.93,71.31,11.24,5,0.15,0.31,5/13,buy,17.86-25.87,1.3,4.0,27.5,27.5,Buy,30.01 thousand,Financial Services,Banks - Regional,0.535,24.77,29.7,0.99,0.84,0.2
DBX,5.2,33.9,81.95,45.96,4,0.07,0.11,4/13,hold,21.695-38.17,1.53,11.0,42.0,36.9,Sell ALL,4.88 million,Technology,Software - Infrastructure,0.649,33.85,40.96,1.0,0.83,0.15
CVCO,5.2,585.13,130.26,14.29,5,0.0,0.0,5/13,buy,443.34-713.01,-2.54,18.0,720.0,692.5,Buy time,110.45 thousand,Consumer Cyclical,Residential Construction,1.28,575.46,694.85,0.98,0.84,0.12
UNMA,5.43,21.31,78.12,-1.69,6,1,1,6/13,,20.9-24.49,2.47,13.0,0.1,0.1,Sell ALL,33.34 thousand,N/A,N/A,1,21.33,25.86,1.0,0.82,0.98
PEB,5.49,19.07,136.7,19.05,3,0.18,0.96,3/13,hold,9.99-19.93,4.93,4.0,22.0,20.62,Buy time,2.40 million,Real Estate,REIT - Hotel & Motel,1.4,18.61,22.53,0.98,0.85,0.16
CRESY,5.66,11.34,41.23,21.86,4,1,1,4/13,strongBuy,8.692683-14.21,6.7,20.0,17.0,16.43,Sell ALL,253.75 thousand,Industrials,Conglomerates,1,11.54,14.15,1.02,0.8,0.21
CME,5.75,263.14,60.93,22.17,7,0.07,0.03,7/13,hold,218.31-329.16,-1.33,20.0,330.0,306.69,Sell ALL,2.14 million,Financial Services,Financial Data & Stock Exchanges,0.275,267.28,319.19,1.02,0.82,0.1
KOS,5.93,2.51,138.41,31.69,5,-0.07,-4.22,5/13,buy,0.84-3.34,-3.59,25.0,4.7,3.84,Sell ALL,16.00 million,Energy,Oil & Gas E&P,0.732,2.7,3.26,1.08,0.77,0.1
MANH,6.0,204.15,89.86,78.49,4,0.2,0.17,4/13,buy,119.06-227.03,3.76,10.0,260.0,240.35,Sell ALL,794.03 thousand,Technology,Software - Application,0.947,193.69,233.34,0.95,0.87,0.1
PMTS,6.13,24.86,148.8,89.11,5,-0.02,-0.03,5/13,buy,10.81-31.25,-15.45,20.0,34.0,33.25,Buy time,223.21 thousand,Financial Services,Credit Services,0.968,24.98,32.99,1.0,0.75,2.05
MCK,6.15,902.28,51.2,25.83,6,0.51,0.05,6/13,buy,723.68-999.0,4.8,10.0,1065.0,1022.18,- Buy time -,1.12 million,Healthcare,Medical Distribution,0.307,880.5,1051.78,0.98,0.86,0.13
WPM,6.58,136.28,123.27,70.23,5,0.09,0.08,5/13,buy,92.57-165.76,-0.24,18.0,224.11,200.96,Sell ALL,1.94 million,Basic Materials,Gold,1.274,135.27,163.14,0.99,0.84,0.17
PPSI,6.64,3.31,124.75,-18.0,0,-0.18,-1.55,0/13,buy,2.35-6.29,11.18,47.0,12.0,10.75,Sell ALL,134.35 thousand,Industrials,Electrical Equipment & Parts,1.911,3.29,4.19,0.99,0.79,0.93
KT,6.68,18.94,15.46,9.87,9,1,1,9/13,hold,17.13-24.58,-0.32,23.0,26.0,23.97,Sell ALL,1.52 million,Communication Services,Telecom Services,0.092,19.11,23.14,1.01,0.82,0.34
TDC,6.76,30.14,63.19,-31.87,6,0.24,0.37,6/13,hold,20.33-41.78,8.66,28.000000000000004,49.0,41.25,Buy time,2.36 million,Technology,Software - Infrastructure,0.578,29.88,35.49,0.99,0.85,0.14
LILAK,6.82,8.5,79.63,35.55,8,-0.36,-6.26,8/13,hold,4.605978-8.915,0.71,5.0,9.0,8.1,Sell ALL,1.38 million,Communication Services,Telecom Services,0.742,8.36,10.06,0.98,0.84,0.12
GOLD,6.92,42.29,95.25,16.98,8,-0.07,-0.11,8/13,buy,23.0-66.7,-4.64,37.0,90.0,77.2,Sell ALL,514.51 thousand,Financial Services,Capital Markets,0.623,43.53,51.93,1.03,0.81,0.08
IGA,6.95,10.01,65.93,12.41,11,1,1,11/13,,9.21-10.77,-3.27,7.000000000000001,0.1,0.1,Sell ALL,101.92 thousand,Financial Services,Asset Management,0.462,10.2,12.4,1.02,0.81,0.81
FET,7.0,83.14,133.47,154.21,6,0.63,1.12,6/13,strongBuy,25.24-87.42,-3.81,5.0,91.0,91.0,- Buy time -,189.88 thousand,Energy,Oil & Gas Equipment & Services,0.593,74.14,88.29,0.89,0.94,0.17
ICU,7.04,4.69,-102.33,2.32,-3,-0.02,-0.03,-3/13,strongBuy,2.07-7.35,30.7,36.0,12.0,11.0,Buy time,98.55 thousand,Healthcare,Biotechnology,1,3.78,4.8,0.81,0.98,2.02
CBNK,7.17,40.45,51.97,43.2,5,0.0,-0.0,5/13,buy,26.4-40.7,6.9,1.0,43.75,42.84,- Buy time -,111.48 thousand,Financial Services,Banks - Regional,0.509,37.08,47.79,0.92,0.85,1.22
MSFT,7.24,517.53,110.27,84.19,4,0.7,0.17,4/13,buy,349.2-553.72,7.18,7.000000000000001,870.0,724.41,Buy time,27.04 million,Technology,Software - Infrastructure,1.108,469.05,558.01,0.91,0.93,0.06
SFL,7.42,13.45,78.71,55.19,6,0.21,4.26,6/13,buy,6.73-13.98,8.83,4.0,14.0,13.58,Sell ALL,1.56 million,Industrials,Marine Shipping,0.437,12.36,14.88,0.92,0.9,0.22
VTS,7.49,16.87,86.38,22.09,8,-0.08,4.19,8/13,buy,15.0-23.8,3.76,28.999999999999996,22.5,22.0,== less Sell ALL==,565.72 thousand,Energy,Oil & Gas E&P,0.627,16.64,19.95,0.99,0.85,0.08
AMWL,7.59,12.39,190.87,104.98,4,0.19,0.27,4/13,hold,3.71-14.19,0.4,13.0,16.0,14.4,Sell ALL,138.17 thousand,Healthcare,Health Information Services,1.712,12.46,15.72,1.01,0.79,0.79
REFI,7.89,10.06,51.81,-2.14,9,-0.32,-0.73,9/13,buy,9.69-13.49,2.4,25.0,20.0,17.56,Sell ALL,186.38 thousand,Real Estate,REIT - Mortgage,0.335,10.25,12.33,1.02,0.82,0.18
TAIT,7.89,2.05,68.44,69.89,5,1,1,5/13,,0.95-2.72,6.83,25.0,0.1,0.1,Sell,5.58 thousand,Technology,Electronics & Computer Distribution,0.496,1.93,2.54,0.94,0.81,2.5
DE,8.1,687.0,80.14,37.73,6,1.2,0.22,6/13,hold,433.0-721.22,12.88,5.0,813.18,752.51,Buy time,1.31 million,Industrials,Farm & Heavy Construction Machinery,0.911,643.36,789.13,0.94,0.87,0.26
HZO,8.13,52.35,143.43,120.24,7,-0.01,0.46,7/13,hold,21.42-52.56,0.19,0.0,53.0,51.2,Sell ALL,571.81 thousand,Consumer Cyclical,Specialty Retail,1.666,45.81,55.66,0.88,0.94,0.44
CLPS,8.29,1.03,67.06,58.52,7,1,1,7/13,,0.8-1.88,16.89,45.0,0.1,0.1,Buy,9.22 thousand,Technology,Information Technology Services,0.716,0.96,1.14,0.93,0.9,0.24
DUOL,8.35,144.27,129.56,40.0,6,-0.48,-0.3,6/13,hold,87.89-353.0,9.78,59.0,210.0,172.15,Sell ALL,1.24 million,Technology,Software - Application,0.89,140.93,168.7,0.98,0.86,0.16
HURN,8.97,162.15,74.92,123.87,7,0.42,0.21,7/13,buy,84.88-186.78,8.52,13.0,215.0,202.88,Buy time,279.47 thousand,Industrials,Consulting Services,0.071,143.98,173.18,0.89,0.94,0.3
OLLI,9.28,88.06,84.46,95.71,6,0.34,0.31,6/13,buy,60.29-133.28,14.91,34.0,130.0,114.97,Buy time,2.17 million,Consumer Defensive,Discount Stores,0.501,75.08,90.67,0.85,0.97,0.11
AMLX,9.68,27.79,4.48,166.46,3,-0.06,-0.18,3/13,buy,10.83-41.14,22.89,32.0,57.0,49.68,Sell ALL,1.70 million,Healthcare,Drug Manufacturers - Specialty & Generic,1,26.68,32.23,0.96,0.86,0.31
CLMB,9.72,32.8,131.1,75.27,7,-0.07,-0.26,7/13,buy,15.25-36.255,15.12,10.0,34.0,33.17,Buy time,171.80 thousand,Technology,Electronics & Computer Distribution,1.078,28.32,34.24,0.86,0.96,0.12
KFFB,10.11,5.64,59.61,40.33,11,0.02,0.4,11/13,,2.97-6.46,3.97,13.0,0.1,0.1,Sell ALL,5.94 thousand,Financial Services,Banks - Regional,0.136,5.55,7.25,0.98,0.78,2.5
VIR,10.16,11.17,154.14,24.56,5,-1.76,-3.24,5/13,buy,4.815-11.94,15.94,6.0,30.0,25.39,Buy time,1.98 million,Healthcare,Biotechnology,1.625,10.3,12.42,0.92,0.9,0.21
INDP,10.18,2.38,29.38,188.82,-8,-3.64,-0.82,-8/13,,0.92-5.96,57.98,60.0,0.1,0.1,Sell ALL,492.87 thousand,Healthcare,Biotechnology,1.171,2.23,2.81,0.94,0.85,2.16
BMRA,10.61,2.14,40.21,82.99,4,1,1,4/13,,1.45-3.21,27.17,33.0,0.1,0.1,mere Buy (some sold),261.06 thousand,Healthcare,Medical Devices,0.37,1.97,9.94,0.92,0.22,2.5
HBIO,10.76,8.34,150.64,78.25,6,0.07,0.33,6/13,strongBuy,3.8-9.4,22.06,11.0,7.5,7.5,Buy time,17.39 thousand,Healthcare,Medical Instruments & Supplies,1.534,7.22,8.88,0.87,0.94,0.4
HQI,10.81,18.81,164.65,117.07,7,0.1,0.77,7/13,strongBuy,7.38-20.84,14.46,10.0,19.0,19.0,Buy time,16.96 thousand,Industrials,Staffing & Employment Services,1.145,15.68,19.22,0.83,0.98,0.5
HBB,10.94,37.99,123.78,171.11,10,-0.46,-0.47,10/13,,13.75-39.99,10.86,5.0,0.1,0.1,Buy time,107.84 thousand,Consumer Cyclical,Furnishings, Fixtures & Appliances,0.29,30.0,35.67,0.79,1.07,0.54
RCMT,11.02,42.01,73.81,122.87,11,0.12,0.17,11/13,buy,17.26-43.09,3.76,3.0,45.0,45.0,Buy time,88.00 thousand,Industrials,Conglomerates,0.321,35.46,43.79,0.84,0.96,1.33
BIRD,11.33,3.37,235.7,56.25,2,0,0,2/13,hold,2.15-24.31,26.3,86.0,0.1,0.1,- Buy time -,1.27 million,Technology,Software - Infrastructure,2.615,2.65,3.94,0.79,0.86,2.5
FSCO,11.43,5.11,112.15,21.84,18,1,1,18/13,,4.13-7.15,1.26,28.999999999999996,0.1,0.1,Sell ALL,1.01 million,Financial Services,Asset Management,1,5.04,6.11,0.99,0.84,0.19
SMCI,11.71,43.69,283.71,122.72,6,0.96,1.12,6/13,hold,19.48-58.78,12.38,26.0,60.0,51.19,Buy time,54.04 million,Technology,Computer Hardware,1.996,35.96,44.77,0.82,0.98,0.5
PRTS,11.86,8.63,59.35,118.74,4,0.17,-3.54,4/13,buy,3.7-10.98,29.55,21.0,15.0,12.93,Buy,56.87 thousand,Consumer Cyclical,Auto Parts,0.708,7.22,8.85,0.84,0.98,1.04
FOSL,12.06,6.8,276.26,141.7,5,0.55,1.59,5/13,buy,1.7-7.06,15.59,4.0,12.0,10.5,Buy time,985.18 thousand,Consumer Cyclical,Footwear & Accessories,1.622,5.21,6.46,0.77,1.05,0.32
DOCU,12.65,69.01,142.84,101.93,12,0.17,0.17,12/13,hold,40.16-75.0,13.32,8.0,86.0,78.0,Buy,2.90 million,Technology,Software - Application,0.9,61.09,72.85,0.89,0.95,0.08
MTW,12.98,23.22,257.25,170.16,9,0.18,-0.76,9/13,sell,9.93-23.56,13.05,1.0,16.0,15.0,Buy time,477.87 thousand,Industrials,Farm & Heavy Construction Machinery,1.773,18.68,23.21,0.8,1.0,0.54
MPC,13.12,422.33,162.71,108.14,12,4.68,1.48,12/13,hold,161.93-431.08,15.19,2.0,472.0,428.78,Buy,2.80 million,Energy,Oil & Gas Refining & Marketing,0.527,358.54,429.6,0.85,0.98,0.07
VSTM,13.19,7.7,120.23,109.57,13,0.18,0.38,13/13,buy,3.43-10.82,6.75,28.999999999999996,18.0,16.33,Sell ALL,2.58 million,Healthcare,Biotechnology,0.321,7.02,8.35,0.91,0.92,0.28
KRT,14.98,54.57,191.01,131.49,15,0.99,1.96,15/13,buy,20.61-54.91,12.41,1.0,60.0,53.25,Buy time,162.72 thousand,Consumer Cyclical,Packaging & Containers,0.811,46.13,56.74,0.85,0.96,0.26
LRHC,15.21,1.56,-124.07,913.98,-12,1,1,-12/13,,1.51-4589.4,61.28,100.0,0.1,0.1,Sell ALL,422.08 thousand,Real Estate,Real Estate Services,1.24,1.35,2.06,0.87,0.76,2.5
SBC,17.79,5.09,186.87,144.07,13,-0.01,-0.02,13/13,buy,2.78-5.295,28.29,4.0,11.0,9.88,== less Sell ALL==,173.22 thousand,Industrials,Consulting Services,0.631,3.88,4.67,0.76,1.09,0.29
AGEN,18.27,8.36,229.04,306.17,9,-1.88,-2.27,9/13,buy,2.71-10.31,14.47,19.0,40.0,33.17,Buy time,14.66 million,Healthcare,Biotechnology,1.396,7.44,17.93,0.89,0.47,2.5
QSI,18.73,1.55,217.13,220.73,0,0.01,0.16,0/13,buy,0.69-3.1,52.0,50.0,3.95,3.12,Buy time,6.00 million,Healthcare,Medical Devices,3.253,0.87,1.26,0.56,1.23,2.5
EAT,0.01,202.0,96.28,42.16,0,0.02,0.01,0/13,buy,100.3-254.99,-19.66,21.0,310.0,286.3,Buy,1.32 million,Consumer Cyclical,Restaurants,1.256,215.34,256.71,1.07,0.79,0.23
BVFL,0.01,21.23,6.22,-0.32,-1,1,1,-1/13,,14.6-22.17,-0.61,4.0,0.1,0.1,- Buy time -,19.66 thousand,Financial Services,Banks - Regional,0.066,21.44,26.64,1.01,0.8,0.57
RY,0.01,195.67,86.35,-10.11,-1,0.32,0.08,-1/13,buy,143.13-218.57,-10.49,10.0,224.8003,216.16,Sell ALL,1.40 million,Financial Services,Banks - Diversified,0.915,208.82,248.54,1.07,0.79,0.28
AMP,0.03,490.91,90.81,3.0,0,1.31,0.13,0/13,hold,422.37-572.56,-14.41,14.000000000000002,645.0,610.5,Sell ALL,613.92 thousand,Financial Services,Asset Management,1.134,546.0,649.27,1.11,0.76,0.08
CSX,0.04,47.43,102.61,-4.29,-3,0.06,0.14,-3/13,buy,33.63-53.6,-6.35,12.0,60.0,56.44,- Buy time -,13.13 million,Industrials,Railroads,1.207,50.09,60.64,1.06,0.78,0.3
BG,0.05,106.72,28.38,-14.34,-1,1.02,1.12,-1/13,buy,79.11-134.87,-7.67,21.0,155.0,148.39,Sell ALL,1.62 million,Consumer Defensive,Farm Products,0.66,117.05,140.08,1.1,0.76,0.25
CFG,0.05,64.33,102.87,-12.8,0,0.09,0.08,0/13,buy,47.955-75.33,-15.51,15.0,89.0,84.37,Sell ALL,4.49 million,Financial Services,Banks - Regional,0.997,70.85,85.88,1.1,0.75,0.25
CII,0.09,24.13,79.17,-6.32,-1,1,1,-1/13,hold,20.43-26.17,-1.68,8.0,0.1,0.1,Sell ALL,85.21 thousand,Financial Services,Asset Management,1.073,24.57,29.48,1.02,0.82,0.07
CCS,0.1,59.87,111.21,-12.06,0,0.94,1.51,0/13,strongBuy,47.275-76.0,-17.32,21.0,92.0,85.0,Sell ALL,343.91 thousand,Real Estate,Real Estate - Development,1.291,67.09,79.32,1.12,0.75,0.34
VSAT,0.13,72.0,71.18,2.12,-1,-0.26,-0.27,-1/13,buy,29.13-93.03,-13.07,23.0,140.0,121.97,Sell ALL,1.80 million,Technology,Communication Equipment,1.702,76.85,92.05,1.07,0.78,0.09
WAL,0.15,76.38,106.29,-5.42,-3,-0.2,-0.12,-3/13,buy,65.82-97.23,-6.99,21.0,97.0,94.53,Sell ALL,1.26 million,Financial Services,Banks - Regional,1.324,80.88,96.97,1.06,0.79,0.49
KEY,0.18,20.08,85.94,-26.47,-1,0.05,0.12,-1/13,hold,16.47-24.07,-13.65,17.0,43.0,34.27,Sell ALL,12.49 million,Financial Services,Banks - Regional,1.023,22.18,26.72,1.1,0.75,0.18
GGZ,0.18,15.38,65.65,-7.65,1,1,1,1/13,,13.35-17.08,-8.7,10.0,0.1,0.1,Sell ALL,5.23 thousand,Financial Services,Asset Management,1,16.11,19.62,1.05,0.78,0.45
ALV,0.19,111.85,98.31,-7.85,-2,0.18,0.11,-2/13,buy,99.16-132.17,-7.2,15.0,148.0,141.16,Sell ALL,628.88 thousand,Consumer Cyclical,Auto Parts,1.37,120.04,144.96,1.07,0.77,0.1
ONEW,0.21,9.82,179.98,-15.4,-1,-0.46,-5.92,-1/13,buy,8.12-17.35,-16.8,43.0,14.0,13.67,Buy time,99.52 thousand,Consumer Cyclical,Specialty Retail,1.532,11.81,14.02,1.2,0.7,0.25
TCBI,0.21,93.76,50.92,-18.54,-1,0.19,0.14,-1/13,hold,75.41-108.92,-7.6,14.000000000000002,115.0,111.08,Sell ALL,581.30 thousand,Financial Services,Banks - Regional,0.666,99.27,120.07,1.06,0.78,0.41
VHC,0.24,10.48,225.64,7.22,0,1,1,0/13,,8.41-29.0,-29.2,64.0,0.1,0.1,mere Buy (some sold),61.85 thousand,Technology,Software - Infrastructure,2.247,12.86,16.87,1.23,0.62,2.5
MGRB,0.27,15.75,75.09,-4.46,-2,1,1,-2/13,,15.73-18.31,-1.67,14.000000000000002,0.1,0.1,Sell,25.48 thousand,N/A,N/A,1,16.17,19.95,1.03,0.79,0.79
CALX,0.27,34.81,103.3,-17.31,-2,0.1,0.23,-2/13,buy,32.35-71.22,-13.53,51.0,85.0,73.67,Sell ALL,1.07 million,Technology,Software - Infrastructure,1.245,38.0,45.7,1.09,0.76,0.18
COLD,0.29,13.97,63.05,-23.15,-3,-0.07,-2.39,-3/13,hold,10.1-16.88,-2.15,17.0,21.0,18.69,Sell ALL,4.46 million,Real Estate,REIT - Industrial,1.003,14.83,17.71,1.06,0.79,0.27
LEN,0.29,79.81,90.19,-10.42,-2,0.02,0.02,-2/13,hold,75.7-133.76,-8.43,40.0,120.0,99.5,Buy,4.35 million,Consumer Cyclical,Residential Construction,1.398,84.71,104.51,1.06,0.76,0.35
UZE,0.29,15.85,73.43,-8.52,-1,1,1,-1/13,,15.72-19.25,-3.42,18.0,0.1,0.1,Sell ALL,10.39 thousand,N/A,N/A,1,16.54,19.95,1.04,0.79,0.64
INTS,0.29,3.44,230.13,-82.04,-2,-0.34,-0.44,-2/13,buy,3.21-43.5,-20.64,92.0,32.0,25.67,Sell ALL,27.66 thousand,Healthcare,Biotechnology,3.026,4.37,5.04,1.27,0.68,0.5
TPL,0.31,340.19,64.14,-31.37,-2,0.1,0.05,-2/13,buy,269.23334-547.2,-5.89,38.0,639.0,541.0,== less Sell ALL==,386.79 thousand,Energy,Oil & Gas E&P,0.618,380.04,455.28,1.12,0.75,0.09
SSD,0.32,173.56,97.58,-17.17,0,0.6,0.28,0/13,buy,156.32-213.49,-12.67,19.0,230.0,224.5,Buy time,351.25 thousand,Basic Materials,Lumber & Wood Production,1.307,187.44,226.39,1.08,0.77,0.2
SLNH,0.33,1.07,274.21,-26.8,-2,0,0,-2/13,buy,0.59-5.14,-24.3,79.0,4.0,4.0,Sell ALL,9.87 million,Financial Services,Capital Markets,5.087,1.25,1.47,1.17,0.73,0.05
KIDS,0.34,22.16,59.68,35.2,-1,0.04,0.12,-1/13,buy,14.42-26.74,-11.46,17.0,35.0,31.11,Sell ALL,206.20 thousand,Healthcare,Medical Devices,0.985,22.53,26.87,1.02,0.82,0.15
EOD,0.35,6.32,78.23,-2.34,-1,1,1,-1/13,,5.51-6.74,-4.09,6.0,0.1,0.1,Sell ALL,131.73 thousand,Financial Services,Asset Management,1,6.48,7.89,1.03,0.8,0.68
SAIA,0.37,351.12,160.97,-37.17,-2,0.16,0.06,-2/13,buy,249.32-494.71,-9.71,28.999999999999996,510.0,469.4,Buy time,434.32 thousand,Industrials,Trucking,2.139,381.67,452.09,1.09,0.78,0.18
APAM,0.39,34.88,175.02,1.88,0,-0.03,-0.03,0/13,hold,33.96-46.53,-18.92,25.0,45.0,41.75,Sell ALL,1.07 million,Financial Services,Asset Management,1.661,39.7,47.86,1.14,0.73,0.27
PLPC,0.39,419.45,74.38,92.47,-1,2.08,0.86,-1/13,buy,184.02-504.69,-13.19,17.0,480.0,480.0,Sell ALL,89.70 thousand,Industrials,Electrical Equipment & Parts,0.928,409.33,491.6,0.98,0.85,0.14
VMI,0.4,478.74,92.5,-27.81,-2,1.12,0.22,-2/13,buy,378.02-585.71,-5.68,18.0,678.0,651.25,- Buy time -,207.63 thousand,Industrials,Conglomerates,1.342,497.65,609.46,1.04,0.79,0.24
EVGO,0.42,1.38,171.07,-62.57,-3,0.14,0.96,-3/13,buy,1.23-5.15,-12.32,73.0,7.0,5.28,Sell ALL,3.81 million,Consumer Cyclical,Specialty Retail,2.839,1.57,1.82,1.14,0.76,0.21
EXTR,0.43,23.12,150.85,-65.72,-3,0.05,0.2,-3/13,buy,13.48-33.73,-5.02,31.0,38.0,35.75,Buy time,1.57 million,Technology,Communication Equipment,1.756,25.86,30.38,1.12,0.76,0.22
DOW,0.43,27.97,67.24,-4.23,0,0.31,0.64,0/13,hold,20.65-42.74,-10.76,35.0,41.0,37.31,Sell ALL,10.98 million,Basic Materials,Chemicals,0.424,30.09,35.88,1.08,0.78,0.05
LBRT,0.44,19.31,133.01,-42.36,-1,0.21,1.57,-1/13,buy,11.52-34.478,-14.66,44.0,36.0,32.3,Buy,5.13 million,Energy,Oil & Gas Equipment & Services,0.615,21.41,26.58,1.11,0.73,0.53
SLVM,0.46,32.48,75.59,-33.1,-1,-0.3,-1.53,-1/13,hold,31.58-56.8,-10.64,43.0,65.0,57.7,Sell ALL,353.14 thousand,Basic Materials,Paper & Paper Products,0.758,37.42,45.28,1.15,0.72,0.28
TMCI,0.46,4.39,99.62,13.23,-4,0.29,0.96,-4/13,hold,1.17-7.08,-2.51,38.0,7.0,6.25,== less Sell ALL==,371.04 thousand,Healthcare,Medical Devices,1.411,4.6,5.54,1.05,0.79,0.12
TRS,0.48,39.12,34.12,-10.04,-2,0.08,0.32,-2/13,strongBuy,30.43-45.43,-0.05,14.000000000000002,45.0,45.0,Buy time,376.90 thousand,Consumer Cyclical,Packaging & Containers,0.592,40.08,47.5,1.02,0.82,0.11
VERX,0.51,12.01,80.71,0.48,-4,0.01,0.08,-4/13,hold,10.21-26.54,-3.83,55.00000000000001,25.0,21.08,Sell ALL,2.06 million,Technology,Software - Application,0.824,12.82,15.77,1.07,0.76,0.26
EDIT,0.51,2.62,92.64,-71.11,-2,0.11,0.39,-2/13,buy,1.66-4.537,-8.4,42.0,15.0,10.45,Sell ALL,2.15 million,Healthcare,Biotechnology,2.087,3.0,3.47,1.15,0.76,0.1
SMRT,0.52,1.2,130.45,55.09,2,-0.01,-1.04,2/13,hold,0.905-2.2,-23.33,45.0,1.5,1.48,Buy time,1.50 million,Technology,Software - Application,1.56,1.24,1.52,1.03,0.79,0.06
CTO,0.54,20.54,57.57,-5.74,-1,0.39,6.88,-1/13,buy,15.07-22.71,-4.78,10.0,25.0,24.8,Buy,365.97 thousand,Real Estate,REIT - Diversified,0.633,21.27,25.69,1.04,0.8,0.06
BORR,0.55,3.91,55.56,-31.18,2,-0.05,-1.21,2/13,buy,2.44-6.655,-15.09,41.0,6.0,5.48,Sell ALL,6.56 million,Energy,Oil & Gas Drilling,1.02,4.39,5.34,1.12,0.73,0.22
DMRC,0.57,6.36,57.71,-4.82,-3,0.02,0.16,-3/13,strongBuy,4.07-17.47,-6.6,64.0,15.0,13.25,Buy time,187.28 thousand,Technology,Software - Application,2.285,6.66,8.12,1.05,0.78,0.3
FXED,0.58,16.58,80.93,-9.29,0,1,1,0/13,,16.48-19.0,-3.67,13.0,0.1,0.1,Sell ALL,4.25 thousand,N/A,N/A,1,17.15,20.86,1.03,0.79,0.37
AQMS,0.58,2.33,43.35,-32.28,1,0.4,0.05,1/13,strongBuy,2.16-39.4,-15.45,94.0,5.0,5.0,Sell ALL,32.92 thousand,Industrials,Waste Management,0.328,2.73,3.32,1.17,0.7,0.37
BFST,0.59,30.9,65.51,12.31,-2,0.05,0.08,-2/13,buy,22.56-32.525,-3.92,5.0,37.0,35.95,Buy,244.11 thousand,Financial Services,Banks - Regional,0.766,31.33,37.94,1.01,0.81,0.22
OBK,0.59,53.62,60.6,17.14,-3,0.1,0.1,-3/13,strongBuy,32.125-55.57,-0.07,4.0,62.0,60.4,Sell ALL,197.42 thousand,Financial Services,Banks - Regional,0.707,53.62,64.27,1.0,0.83,0.14
CWK,0.61,11.92,106.74,-26.47,1,0.02,0.13,1/13,hold,11.57-17.4,-18.2,31.0,21.0,19.36,Sell ALL,2.06 million,Real Estate,Real Estate Services,1.441,13.52,16.53,1.13,0.72,0.47
SGA,0.62,8.47,-13.14,-0.59,0,0.33,1.83,0/13,hold,8.08-13.19,-7.95,36.0,14.0,14.0,Sell ALL,14.30 thousand,Communication Services,Broadcasting,1,9.0,10.86,1.06,0.78,0.47
CRUS,0.62,121.17,62.21,-44.09,-3,0.22,0.12,-3/13,buy,106.26-180.42,1.07,33.0,200.0,182.5,Buy time,869.53 thousand,Technology,Semiconductors,1.16,127.33,149.54,1.05,0.81,0.14
MIRA,0.64,0.73,87.91,-36.08,-7,0,0,-7/13,strongBuy,0.6-2.45,-8.2,70.0,3.5,3.5,Sell ALL,2.40 million,Healthcare,Drug Manufacturers - General,1.535,0.87,3.65,1.19,0.2,2.5
EOG,0.65,141.38,12.66,10.02,-1,0.3,0.08,-1/13,hold,101.59-154.16,-3.37,8.0,193.0,178.5,Sell ALL,3.57 million,Energy,Oil & Gas E&P,0.272,144.17,173.41,1.02,0.82,0.12
ACMR,0.67,83.38,56.26,-23.11,-3,0.41,1.54,-3/13,buy,28.46-127.19,-2.71,34.0,166.0,140.94,Buy time,1.13 million,Technology,Semiconductor Equipment & Materials,1.953,83.26,98.02,1.0,0.85,0.33
PASG,0.67,4.12,60.74,-31.05,-4,0.4,0.14,-4/13,hold,3.29-20.0,-10.19,79.0,23.0,19.25,Sell,28.04 thousand,Healthcare,Biotechnology,1.429,4.75,6.11,1.15,0.67,1.54
PCOR,0.7,50.95,60.16,48.62,0,0.04,0.09,0/13,buy,38.03-82.315,-14.58,38.0,88.0,78.1,Sell ALL,2.51 million,Technology,Software - Application,0.745,53.57,63.78,1.05,0.8,0.21
RNGR,0.7,15.66,15.06,0.16,2,-0.07,-0.24,2/13,strongBuy,11.88-18.815,-12.71,17.0,21.0,19.83,Sell ALL,210.13 thousand,Energy,Oil & Gas Equipment & Services,0.136,16.67,20.41,1.06,0.77,0.28
AESI,0.71,12.04,82.15,-33.09,-2,-0.25,-1.73,-2/13,hold,7.642-20.13,-6.48,40.0,25.0,21.5,Sell ALL,3.17 million,Energy,Oil & Gas Equipment & Services,1.131,13.36,16.0,1.11,0.75,0.2
DWTX,0.73,1.46,261.8,32.43,2,-0.15,-1.24,2/13,strongBuy,1.28-7.2,-41.1,80.0,15.0,14.5,Sell ALL,64.49 thousand,Healthcare,Biotechnology,1.828,1.9,2.27,1.3,0.64,0.66
APG,0.73,40.48,122.0,-2.82,-1,0.03,0.07,-1/13,buy,33.52-49.99,-10.47,19.0,55.0,53.68,Buy time,3.12 million,Industrials,Engineering & Construction,1.599,40.75,49.2,1.01,0.82,0.3
SNOA,0.73,1.24,71.55,9.44,-3,-0.19,-0.66,-3/13,,0.85-4.6,-6.45,73.0,0.1,0.1,Sell ALL,146.56 thousand,Healthcare,Drug Manufacturers - Specialty & Generic,1.313,1.31,1.73,1.06,0.72,2.4
BDJ,0.73,9.41,64.02,-0.32,1,1,1,1/13,,8.42-9.95,-4.01,5.0,0.1,0.1,Sell ALL,517.32 thousand,Financial Services,Asset Management,0.841,9.68,11.66,1.03,0.81,0.14
DDL,0.74,2.15,78.39,16.64,-2,1,1,-2/13,,1.65-3.41,-6.51,37.0,3.4770286,3.38,Sell ALL,319.49 thousand,Consumer Defensive,Grocery Stores,0.479,2.3,2.77,1.07,0.78,0.19
FF,0.75,5.16,87.02,30.7,2,0.14,0.58,2/13,,3.09-6.99,-11.03,26.0,0.1,0.1,Sell ALL,421.12 thousand,Basic Materials,Specialty Chemicals,0.978,5.35,6.41,1.04,0.8,0.21
HIMS,0.77,29.0,83.88,-47.99,-3,-0.75,-23.04,-3/13,hold,13.74-65.299,1.34,56.00000000000001,42.0,36.58,Sell ALL,12.38 million,Healthcare,Drug Manufacturers - Specialty & Generic,2.412,31.31,37.57,1.08,0.77,0.24
GMED,0.79,75.6,91.67,0.58,0,0.44,0.44,0/13,buy,56.5-101.4,-12.59,25.0,125.0,112.96,- Buy time -,1.61 million,Healthcare,Medical Devices,0.956,80.21,97.86,1.06,0.77,0.21
KBR,0.8,34.24,29.33,-12.58,1,0.14,0.15,1/13,buy,29.94-48.13,-9.18,28.999999999999996,50.0,47.14,Sell ALL,1.48 million,Industrials,Engineering & Construction,0.447,37.11,44.75,1.08,0.77,0.17
PSTL,0.8,22.69,39.07,-12.6,-2,0.06,0.44,-2/13,buy,14.25-25.22,-0.26,10.0,30.0,28.39,== less Sell ALL==,341.07 thousand,Real Estate,REIT - Office,0.79,23.73,29.08,1.05,0.78,0.27
VTOL,0.83,40.26,100.34,-19.63,1,-0.11,0.03,1/13,buy,35.03-50.38,-14.63,20.0,70.0,67.17,Sell ALL,225.44 thousand,Energy,Oil & Gas Equipment & Services,1.194,44.67,53.31,1.11,0.76,0.1
MDLZ,0.84,58.19,36.62,-2.79,0,0.11,0.18,0/13,buy,51.2-66.65,-5.92,13.0,77.0,73.11,Sell ALL,8.50 million,Consumer Defensive,Confectioners,0.402,61.49,74.48,1.06,0.78,0.13
SERV,0.84,4.61,114.3,-55.88,-3,0.01,0.01,-3/13,buy,4.17-18.64,-6.18,75.0,22.0,17.07,Buy time,4.33 million,Industrials,Integrated Freight & Logistics,2.378,5.07,6.02,1.1,0.77,0.17
KLAC,0.85,206.89,111.33,-7.41,-4,0.07,0.08,-4/13,buy,98.097-307.37,0.55,33.0,325.0,279.38,Buy time,10.49 million,Technology,Semiconductor Equipment & Materials,1.444,199.52,237.35,0.96,0.87,0.1
HWBK,0.85,38.63,35.38,8.43,1,-0.34,-2.22,1/13,,29.39-40.6,-2.25,5.0,0.1,0.1,Buy time,18.93 thousand,Financial Services,Banks - Regional,0.466,39.16,47.11,1.01,0.82,0.21
ANDE,0.85,67.72,68.02,-10.21,-2,1.09,1.05,-2/13,buy,39.94-82.11,-1.4,18.0,90.0,89.17,Sell ALL,376.31 thousand,Consumer Defensive,Food Distribution,0.639,70.83,85.93,1.05,0.79,0.15
ASRV,0.85,4.64,58.31,56.23,2,1,1,2/13,,2.86-5.38,-12.81,14.000000000000002,0.1,0.1,Sell ALL,25.99 thousand,Financial Services,Banks - Regional,0.422,4.74,5.99,1.02,0.77,0.65
BNY,0.86,145.4,102.17,-5.46,1,0.56,0.27,1/13,hold,103.11-165.84,-12.98,12.0,184.0,175.04,Sell ALL,3.42 million,Financial Services,Banks - Diversified,1.048,158.51,189.58,1.09,0.77,0.15
PTON,0.89,4.92,165.0,-35.87,-4,-0.01,-0.13,-4/13,hold,3.65-8.8,-7.52,44.0,20.0,13.95,Sell ALL,8.72 million,Consumer Cyclical,Leisure,2.528,5.57,6.53,1.13,0.75,0.18
NUS,0.92,4.61,90.15,-17.02,-5,-0.01,-0.07,-5/13,strongBuy,4.45-11.67,-0.25,60.0,12.77,12.77,Sell ALL,625.23 thousand,Consumer Defensive,Household & Personal Products,0.958,4.98,5.93,1.08,0.78,0.15
BMY,0.93,61.15,40.14,18.83,-1,0.6,0.39,-1/13,hold,42.52-68.64,-4.61,11.0,82.0,74.35,Sell ALL,9.25 million,Healthcare,Drug Manufacturers - General,0.227,63.11,76.61,1.03,0.8,0.23
HESM,0.94,37.75,47.76,-2.64,0,0.12,0.19,0/13,hold,31.63-41.44,-5.06,9.0,40.0,38.75,Sell ALL,1.17 million,Energy,Oil & Gas Midstream,0.496,39.97,47.99,1.06,0.79,0.22
SRCE,0.95,86.85,52.17,21.64,-2,0.24,0.14,-2/13,hold,56.89-91.46,-1.21,5.0,100.0,94.83,Buy,145.14 thousand,Financial Services,Banks - Regional,0.551,86.73,106.72,1.0,0.81,0.22
CINT,0.95,3.21,41.66,-4.58,-1,-0.04,-0.39,-1/13,buy,2.8-5.8,-10.28,45.0,8.0,6.81,Buy time,95.27 thousand,Technology,Software - Infrastructure,0.813,3.42,4.12,1.07,0.78,0.3
TFPM,0.96,30.61,14.29,31.13,-1,0.09,0.26,-1/13,buy,26.61-41.7,-3.18,27.0,41.0,40.25,Sell ALL,566.15 thousand,Basic Materials,Other Precious Metals & Mining,0.337,31.84,37.97,1.04,0.81,0.18
STXG,0.97,57.1,80.11,10.41,-1,1,1,-1/13,,45.06-57.47,0.56,1.0,0.1,0.1,Sell ALL,5.79 thousand,N/A,N/A,1,56.01,68.65,0.98,0.83,0.37
AB,0.97,35.0,59.0,-3.69,-1,-0.01,-0.02,-1/13,hold,34.58-44.11,-3.4,21.0,43.0,41.29,Sell ALL,344.98 thousand,Financial Services,Asset Management,0.765,36.52,43.87,1.04,0.8,0.21
AMZN,0.98,251.52,73.29,13.23,-2,5.05,2.83,-2/13,buy,196.0-287.2,-3.89,12.0,405.0,367.8,Sell ALL,38.57 million,Consumer Cyclical,Internet Retail,1.443,255.29,307.39,1.01,0.82,0.1
MELI,0.98,1696.56,60.24,-13.83,-1,0.33,0.04,-1/13,buy,1495.0-2428.0,-5.36,30.0,2800.0,2534.97,== less Sell ALL==,561.50 thousand,Consumer Cyclical,Internet Retail,1.312,1869.26,2249.27,1.1,0.75,0.23
BUD,0.99,73.43,69.61,-17.39,-1,0.13,0.13,-1/13,buy,58.44-86.6,-5.13,15.0,109.0,102.69,Sell ALL,2.49 million,Consumer Defensive,Beverages - Brewers,0.783,80.0,96.68,1.09,0.76,0.3
RMT,1.02,13.6,110.9,0.27,1,1,1,1/13,,9.52-14.78,-5.61,8.0,0.1,0.1,Buy time,131.53 thousand,Financial Services,Asset Management,1.227,13.85,16.65,1.02,0.82,0.16
OIS,1.02,8.23,97.15,-1.66,0,0.03,0.36,0/13,strongBuy,5.5-14.5,-11.3,43.0,14.0,12.5,Sell ALL,597.87 thousand,Energy,Oil & Gas Equipment & Services,1.124,8.7,10.49,1.06,0.78,0.14
MDST,1.05,27.94,89.46,-7.01,1,1,1,1/13,,24.93-30.43,-4.17,8.0,0.1,0.1,Sell,60.86 thousand,N/A,N/A,1,29.2,34.72,1.05,0.8,0.28
HUBS,1.07,214.53,100.76,39.34,-4,0.49,0.18,-4/13,hold,169.63-503.0,-0.3,56.99999999999999,320.0,284.86,- Buy time -,1.67 million,Technology,Software - Application,1.181,228.36,273.61,1.06,0.78,0.15
AEIS,1.07,304.28,216.27,26.89,-2,0.64,0.29,-2/13,buy,169.36-397.44,-14.58,23.0,535.0,482.04,Buy time,574.03 thousand,Industrials,Electrical Equipment & Parts,1.304,303.24,367.32,1.0,0.83,0.06
FINS,1.14,11.96,23.25,-12.77,3,1,1,3/13,,11.825-13.45,-4.37,11.0,0.1,0.1,Sell ALL,41.30 thousand,Financial Services,Asset Management,0.212,12.45,14.85,1.04,0.81,0.16
BOE,1.14,11.69,70.68,-3.47,2,1,1,2/13,,10.59-12.58,-5.95,7.000000000000001,0.1,0.1,Sell ALL,111.47 thousand,Financial Services,Asset Management,0.819,12.18,14.76,1.04,0.79,0.31
SLG,1.18,48.81,124.0,8.96,0,1.37,0.57,0/13,hold,34.77-60.09,-13.51,19.0,79.0,68.9,Sell ALL,1.12 million,Real Estate,REIT - Office,1.597,53.49,64.58,1.1,0.76,0.32
BY,1.18,37.74,66.75,9.17,-1,0.2,0.26,-1/13,hold,25.57-40.03,-3.74,6.0,46.0,44.6,Buy,277.82 thousand,Financial Services,Banks - Regional,0.708,38.34,46.47,1.02,0.81,0.25
RXT,1.2,4.12,96.8,-78.38,-2,-0.02,-0.75,-2/13,hold,0.393-8.6,4.13,52.0,5.3,5.03,Buy time,9.68 million,Technology,Software - Infrastructure,3.057,4.38,5.01,1.06,0.82,0.02
CORZ,1.22,16.45,353.47,-78.46,-2,-0.04,-0.92,-2/13,buy,13.355-30.46,-22.37,46.0,55.0,44.45,Sell ALL,13.60 million,Technology,Software - Infrastructure,5.485,20.22,22.81,1.23,0.72,0.27
TMC,1.23,3.79,21.05,17.82,-4,-0.07,-1.19,-4/13,buy,3.4-11.35,0.53,67.0,12.3,11.6,Sell ALL,6.22 million,Basic Materials,Other Industrial Metals & Mining,2.104,4.25,5.06,1.12,0.75,0.21
SAN,1.24,13.36,83.59,-1.58,1,-0.01,-0.03,1/13,hold,9.62-15.05,-9.21,11.0,15.78,15.29,Sell ALL,10.49 million,Financial Services,Banks - Diversified,0.933,14.37,17.35,1.08,0.77,0.15
RWTN,1.24,23.3,80.56,-9.46,-1,1,1,-1/13,,22.5885-25.772,-5.17,10.0,0.1,0.1,Sell ALL,9.12 thousand,N/A,N/A,1,24.5,31.21,1.05,0.75,1.82
QTWO,1.29,56.38,111.22,24.75,1,-0.03,-0.04,1/13,buy,40.79-76.24,-14.24,26.0,82.0,79.25,Sell ALL,727.11 thousand,Technology,Software - Application,1.334,60.42,72.79,1.07,0.77,0.17
ADM,1.3,80.45,55.19,4.76,-1,0.45,0.36,-1/13,hold,55.58-88.75,-1.04,9.0,95.0,87.7,Sell ALL,3.67 million,Consumer Defensive,Farm Products,0.613,83.13,99.35,1.03,0.81,0.14
SBS,1.3,5.38,-13.63,-10.79,-5,-0.02,-0.21,-5/13,buy,4.426-7.158,14.87,25.0,7.6,7.17,Sell ALL,8.53 million,Utilities,Utilities - Regulated Water,0.069,5.38,6.43,1.0,0.84,0.29
FLR,1.32,49.9,91.26,9.0,0,-0.27,-0.48,0/13,hold,39.33-58.35,-9.7,14.000000000000002,71.0,66.34,Sell ALL,3.03 million,Industrials,Engineering & Construction,1.262,53.63,65.59,1.07,0.76,0.4
SCD,1.33,14.66,82.7,-6.72,3,1,1,3/13,,13.79-16.18,-7.26,9.0,0.1,0.1,Sell ALL,72.15 thousand,Financial Services,Asset Management,0.969,15.37,18.48,1.05,0.79,0.09
HWKN,1.35,131.41,106.38,2.42,-3,-0.29,-0.24,-3/13,strongBuy,116.05-186.15,-0.12,28.999999999999996,200.0,187.12,Buy time,197.45 thousand,Basic Materials,Specialty Chemicals,0.771,131.61,158.09,1.0,0.83,0.19
ASTE,1.36,42.0,123.52,-61.07,-2,-0.39,-0.45,-2/13,buy,39.38-65.69,-2.98,36.0,78.0,72.62,Buy time,222.53 thousand,Industrials,Farm & Heavy Construction Machinery,1.344,47.15,55.72,1.12,0.75,0.32
LPCN,1.36,2.05,-14.81,-40.07,-3,0.02,0.09,-3/13,buy,1.81-12.37,0.0,83.0,6.0,5.5,Sell ALL,36.30 thousand,Healthcare,Biotechnology,0.468,2.27,2.73,1.11,0.75,0.95
GOGL,1.36,23.64,45.94,-28.35,-2,1,1,-2/13,,20.67-30.06,-1.78,21.0,0.1,0.1,Sell ALL,8.53 thousand,N/A,N/A,1,24.48,30.32,1.04,0.78,2.5
NGVT,1.41,72.41,113.81,4.74,-1,0.73,0.69,-1/13,buy,45.85-79.29,-4.67,9.0,92.0,90.5,Buy time,229.88 thousand,Basic Materials,Specialty Chemicals,1.17,73.14,87.69,1.01,0.83,0.1
KFRC,1.42,52.86,106.39,3.39,0,0.1,0.21,0/13,hold,24.49-61.68,-7.11,14.000000000000002,63.0,61.83,Buy,273.93 thousand,Industrials,Staffing & Employment Services,0.88,55.96,68.03,1.06,0.78,0.18
EXK,1.43,8.6,209.1,41.47,-1,0.14,1.44,-1/13,buy,6.6-15.15,-17.91,43.0,17.0,16.25,Sell ALL,8.03 million,Basic Materials,Silver,2.454,9.59,11.48,1.12,0.75,0.15
SBCF,1.43,32.68,84.67,8.83,1,0.05,0.09,1/13,hold,28.58-36.27,-8.94,10.0,38.75,37.9,Sell ALL,957.35 thousand,Financial Services,Banks - Regional,0.856,33.97,41.04,1.04,0.8,0.16
MED,1.46,11.73,46.33,37.57,-2,0.7,1.2,-2/13,hold,9.22-14.15,2.47,17.0,12.0,12.0,Sell ALL,143.45 thousand,Consumer Cyclical,Personal Services,0.734,11.65,13.82,0.99,0.85,0.13
MLP,1.47,15.71,62.87,-19.76,2,-0.04,-0.41,2/13,,13.84-19.92,-1.72,21.0,0.1,0.1,Sell ALL,21.10 thousand,Real Estate,Real Estate Services,0.658,16.64,19.96,1.06,0.79,0.2
AGM,1.48,214.79,87.48,24.46,0,0.83,0.18,0/13,strongBuy,136.57-248.29,-7.12,13.0,262.0,259.5,Sell ALL,125.50 thousand,Financial Services,Credit Services,0.995,220.3,269.19,1.03,0.8,0.19
INVX,1.51,27.31,107.9,24.03,0,0.09,0.35,0/13,buy,17.01-33.71,-12.74,19.0,36.0,34.7,Sell ALL,860.82 thousand,Energy,Oil & Gas Equipment & Services,1.071,28.93,35.22,1.06,0.78,0.84
ZBIO,1.52,28.3,-22.93,1.15,1,-0.94,-1.29,1/13,buy,13.5-44.6,-7.79,37.0,59.0,53.44,Sell ALL,701.07 thousand,Healthcare,Biotechnology,1,31.82,39.07,1.12,0.72,0.48
CHRW,1.53,157.72,79.2,-38.12,-4,0.21,0.15,-4/13,buy,123.64-210.33,8.6,25.0,237.0,216.98,- Buy time -,1.60 million,Industrials,Integrated Freight & Logistics,0.943,164.97,196.5,1.05,0.8,0.2
HLNE,1.53,87.04,86.03,31.22,1,0.41,0.27,1/13,buy,71.88-155.66,-15.06,44.0,181.0,155.19,Sell ALL,715.66 thousand,Financial Services,Asset Management,1.199,94.76,113.48,1.09,0.77,0.14
PFG,1.54,111.96,61.41,6.31,-1,0.23,0.1,-1/13,hold,77.9-121.18,-0.14,8.0,128.0,120.04,Sell ALL,1.44 million,Financial Services,Asset Management,0.872,113.62,137.57,1.01,0.81,0.18
INTU,1.55,281.08,72.09,12.27,2,0.67,0.14,2/13,buy,252.84-689.17,-19.4,59.0,732.0,568.8,Sell ALL,3.90 million,Technology,Software - Application,0.976,319.92,389.53,1.14,0.72,0.21
WMB,1.56,70.54,51.54,-13.27,0,0.1,0.17,0/13,buy,56.19-80.08,-3.37,12.0,103.0,94.23,Sell ALL,7.47 million,Energy,Oil & Gas Midstream,0.618,73.44,87.32,1.04,0.81,0.23
ZH,1.58,3.39,26.45,21.91,-4,0,0,-4/13,buy,2.56-5.091,5.9,33.0,5.7006264,4.89,mere Buy (some sold),437.12 thousand,Communication Services,Internet Content & Information,0.259,3.21,3.93,0.95,0.86,0.47
GRC,1.59,77.26,126.83,-0.78,-1,0.23,0.44,-1/13,buy,42.31-92.78,-4.39,17.0,84.0,82.33,Buy time,189.20 thousand,Industrials,Specialty Industrial Machinery,1.283,79.14,96.27,1.02,0.8,0.33
NMAI,1.59,14.26,94.05,14.46,0,1,1,0/13,,11.99-15.06,-1.14,5.0,0.1,0.1,Sell ALL,107.46 thousand,Financial Services,Asset Management,1,14.25,17.27,1.0,0.83,0.54
STXV,1.6,37.76,86.7,-1.61,2,1,1,2/13,,31.638-40.05,-5.07,6.0,0.1,0.1,Sell ALL,11.29 thousand,N/A,N/A,1,39.05,47.31,1.03,0.8,0.43
MCVT,1.61,27.62,80.19,-5.03,-2,1,1,-2/13,,24.41-28.96,-4.13,5.0,0.1,0.1,Buy time,15.18 thousand,N/A,N/A,1,28.16,33.74,1.02,0.82,2.5
ONON,1.62,30.85,145.98,-31.97,-4,0.11,0.41,-4/13,buy,26.365-51.08,-1.49,40.0,71.668274,57.62,Buy time,8.73 million,Consumer Cyclical,Footwear & Accessories,2.084,32.78,39.8,1.06,0.78,0.34
PFIS,1.63,69.29,48.54,18.23,0,-0.26,-0.16,0/13,hold,43.64-73.37,-2.13,6.0,75.0,74.25,Sell ALL,60.09 thousand,Financial Services,Banks - Regional,0.722,70.04,85.25,1.01,0.81,0.15
REX,1.66,43.37,73.05,-20.36,3,0.13,0.7,3/13,,30.31-53.36,-4.06,19.0,0.1,0.1,Buy time,212.47 thousand,Basic Materials,Chemicals,0.628,44.55,53.98,1.03,0.8,0.15
TENB,1.67,36.85,60.96,-0.04,-3,0.1,0.24,-3/13,hold,15.73-43.67,4.23,16.0,50.0,42.67,Buy time,4.89 million,Technology,Software - Infrastructure,0.958,36.98,45.67,1.0,0.81,0.48
NVTS,1.69,12.4,272.22,11.01,-1,0.01,0.21,-1/13,hold,6.85-34.17,-17.58,64.0,21.0,17.54,Buy time,16.46 million,Technology,Semiconductors,3.875,12.8,15.49,1.03,0.8,0.26
AIZ,1.7,267.32,50.95,-8.36,1,1.85,0.35,1/13,buy,206.03-303.94,-4.83,12.0,355.0,342.5,Sell ALL,366.98 thousand,Financial Services,Insurance - Property & Casualty,0.542,283.37,342.48,1.06,0.78,0.17
ADP,1.75,257.68,51.89,20.5,0,0.11,0.04,0/13,hold,188.16-293.51,-2.6,12.0,322.0,304.8,Sell ALL,2.37 million,Technology,Software - Application,0.83,266.89,320.84,1.04,0.8,0.12
EQT,1.75,50.17,40.54,-2.08,1,0.23,0.08,1/13,buy,47.94-68.24,-5.66,26.0,81.0,74.1,Buy,8.09 million,Energy,Oil & Gas E&P,0.576,53.08,63.04,1.06,0.8,0.13
CUBI,1.77,75.47,131.25,0.44,0,0.14,0.07,0/13,buy,59.34-84.38,-8.8,11.0,110.0,101.86,Sell ALL,298.98 thousand,Financial Services,Banks - Regional,1.475,79.37,96.25,1.05,0.78,0.29
GPOR,1.78,154.4,19.05,-10.91,3,-0.45,-0.06,3/13,buy,149.18-225.78,-9.84,32.0,253.0,233.92,Sell ALL,364.95 thousand,Energy,Oil & Gas E&P,0.424,167.2,202.79,1.08,0.76,0.12
NCDL,1.79,11.02,91.61,-24.81,1,0.01,0.02,1/13,buy,10.96-15.07,-7.28,27.0,16.0,14.85,Sell ALL,213.32 thousand,Financial Services,Asset Management,1,12.16,14.52,1.1,0.76,0.27
MBWM,1.8,59.5,59.07,17.03,0,0.35,0.26,0/13,hold,42.75-62.95,-2.09,5.0,65.0,64.08,Sell ALL,127.59 thousand,Financial Services,Banks - Regional,0.81,60.05,72.54,1.01,0.82,0.2
CCNE,1.8,34.1,58.59,10.46,0,0.13,0.17,0/13,buy,22.8-36.17,-1.63,6.0,39.0,38.42,- Buy time -,163.09 thousand,Financial Services,Banks - Regional,0.608,34.43,41.41,1.01,0.82,0.15
NVS,1.82,141.0,57.89,-20.26,2,0.18,0.09,2/13,hold,121.57-170.46,-7.78,17.0,185.0,170.64,Buy time,2.07 million,Healthcare,Drug Manufacturers - General,0.49,151.98,184.06,1.08,0.77,0.33
EPC,1.83,26.97,33.24,11.62,1,0.27,0.54,1/13,hold,15.73-29.95,-3.48,10.0,35.0,33.58,Sell ALL,571.68 thousand,Consumer Defensive,Household & Personal Products,0.402,27.93,33.33,1.04,0.81,0.08
GTES,1.84,27.65,121.96,21.16,-2,0.04,0.12,-2/13,buy,20.88-30.34,-1.77,9.0,39.0,36.17,Buy,1.92 million,Industrials,Specialty Industrial Machinery,1.263,27.09,32.49,0.98,0.85,0.16
BSY,1.84,32.23,92.87,13.23,0,0.05,0.17,0/13,buy,28.077-57.25,-7.55,44.0,59.0,51.47,Buy time,2.62 million,Technology,Software - Application,0.982,34.08,40.27,1.06,0.8,0.08
SPAI,1.85,4.42,284.73,53.63,0,-0.03,-0.24,0/13,buy,3.23-9.05,-33.48,51.0,13.0,11.83,Sell ALL,166.33 thousand,Industrials,Aerospace & Defense,3.647,4.67,6.25,1.06,0.71,1.06
ON,1.87,84.89,119.32,-15.54,-3,0.04,0.08,-3/13,hold,44.56-134.92,1.78,37.0,150.0,127.13,Buy time,12.17 million,Technology,Semiconductors,1.997,82.63,99.07,0.97,0.86,0.19
KRO,1.88,7.78,75.17,90.62,-2,0.14,1.52,-2/13,buy,4.08-9.17,-3.39,15.0,9.0,8.75,Sell ALL,458.64 thousand,Basic Materials,Specialty Chemicals,1.057,7.82,9.4,1.01,0.83,0.49
BTSG,1.92,60.25,147.57,-34.96,-2,0.13,0.39,-2/13,buy,27.11-73.75,-0.22,18.0,90.0,84.47,- Buy time -,2.72 million,Healthcare,Health Information Services,1.85,64.03,75.81,1.06,0.79,0.22
BHP,1.94,86.07,73.0,31.83,-1,1,1,-1/13,hold,52.18-98.71,-0.48,13.0,96.0,86.79,Sell ALL,2.80 million,Basic Materials,Other Industrial Metals & Mining,0.85,86.54,104.8,1.01,0.82,0.24
AR,1.95,34.08,17.85,-1.38,2,-0.08,-0.1,2/13,buy,29.1-45.75,-6.81,26.0,58.0,53.95,Buy,4.58 million,Energy,Oil & Gas E&P,0.348,36.71,43.61,1.08,0.78,0.16
SFNC,1.96,22.9,84.0,10.65,0,-0.02,-0.05,0/13,strongBuy,17.0-24.32,-3.57,6.0,28.0,26.96,Buy,1.38 million,Financial Services,Banks - Regional,0.909,23.1,28.05,1.01,0.82,0.27
BLNK,1.97,0.56,113.31,1.73,-3,0.05,0.63,-3/13,hold,0.45-2.65,-3.8,79.0,2.5,2.06,Sell ALL,1.42 million,Industrials,Engineering & Construction,2.067,0.58,0.7,1.04,0.8,0.28
HLT,1.98,319.36,83.23,-9.75,0,0.06,0.03,0/13,buy,253.54-358.0,-2.12,11.0,394.0,373.5,Buy time,2.16 million,Consumer Cyclical,Lodging,1.056,323.21,390.79,1.01,0.82,0.26
INVA,1.99,20.5,16.51,-21.39,0,0.1,0.2,0/13,buy,16.52-25.15,-2.24,18.0,46.0,40.5,Sell ALL,815.07 thousand,Healthcare,Biotechnology,0.334,21.46,25.91,1.05,0.79,0.17
TELO,2.01,1.18,-76.71,-6.74,-4,0,0,-4/13,strongBuy,0.888-2.091,10.17,44.0,4.0,4.0,Sell ALL,64.24 thousand,Healthcare,Biotechnology,1,1.2,1.47,1.02,0.8,0.75
COKE,2.01,192.04,47.05,24.24,1,0,0,1/13,,118.02-219.65,3.04,13.0,0.1,0.1,- Buy time -,622.12 thousand,Consumer Defensive,Beverages - Non-Alcoholic,0.547,192.1,232.1,1.0,0.83,0.17
LARK,2.01,31.36,31.85,13.27,1,0,0,1/13,hold,23.57-34.6,-2.01,9.0,34.5,34.5,Sell ALL,9.50 thousand,Financial Services,Banks - Regional,0.377,31.91,38.13,1.02,0.82,0.21
ANTX,2.01,5.71,-16.54,78.07,-1,0.0,-0.01,-1/13,buy,1.0-7.19,-0.35,21.0,9.0,9.0,- Buy time -,294.40 thousand,Healthcare,Biotechnology,1,5.59,6.84,0.98,0.83,0.35
SITM,2.03,709.44,149.95,79.77,-2,0.67,0.44,-2/13,buy,243.677-901.81,-5.64,21.0,900.0,874.75,Buy time,470.81 thousand,Technology,Semiconductors,2.862,640.52,772.48,0.9,0.92,0.18
CLAR,2.03,3.45,79.74,22.34,0,0.27,10.45,0/13,hold,2.53-3.98,-5.22,13.0,4.5,4.0,Sell ALL,157.92 thousand,Consumer Cyclical,Leisure,1.079,3.58,4.36,1.04,0.79,0.45
FBNC,2.04,62.33,86.45,1.81,1,0.11,0.1,1/13,buy,45.96-66.78,-5.67,7.000000000000001,72.0,70.7,Sell ALL,234.14 thousand,Financial Services,Banks - Regional,0.818,64.15,77.96,1.03,0.8,0.3
PDEX,2.07,64.07,53.18,27.2,1,0,0,1/13,buy,23.47-77.0,-4.81,17.0,74.0,74.0,== less Sell ALL==,93.07 thousand,Healthcare,Medical Instruments & Supplies,0.057,65.51,77.67,1.02,0.82,0.3
HASI,2.08,36.27,145.38,-3.44,1,0.1,0.14,1/13,buy,27.28-44.13,-14.79,18.0,60.0,54.86,Sell ALL,1.30 million,Financial Services,Asset Management,1.423,38.69,47.88,1.07,0.76,0.78
RYAM,2.09,7.12,168.31,5.17,1,-0.53,-0.94,1/13,strongBuy,5.38-11.85,-16.85,40.0,15.0,14.5,Sell ALL,906.43 thousand,Basic Materials,Chemicals,1.76,8.46,10.23,1.19,0.7,0.32
ETB,2.09,15.38,80.87,4.25,2,1,1,2/13,,13.86-15.82,-0.67,3.0,0.1,0.1,== less Sell ALL==,49.16 thousand,Financial Services,Asset Management,0.928,15.47,18.68,1.01,0.82,0.17
KLIC,2.13,100.77,173.96,7.4,-2,0.31,0.37,-2/13,hold,35.02-135.8,-0.73,26.0,115.0,110.83,Buy time,839.74 thousand,Technology,Semiconductor Equipment & Materials,1.622,94.93,113.11,0.94,0.89,0.1
RXO,2.16,23.38,147.12,-23.36,-2,0.02,0.64,-2/13,hold,10.425-29.9,-0.3,22.0,35.0,29.71,Buy time,1.82 million,Industrials,Trucking,1.99,23.47,28.4,1.0,0.82,0.34
CRVO,2.17,3.02,-58.22,-11.93,-5,0.15,0.17,-5/13,buy,2.13-10.0,13.58,70.0,25.0,20.2,- Buy time -,337.12 thousand,Healthcare,Biotechnology,1,2.88,3.53,0.95,0.86,0.71
AMAT,2.19,540.04,113.12,0.06,-2,0.28,0.1,-2/13,buy,203.4-739.67,0.88,27.0,900.0,769.47,Buy time,7.48 million,Technology,Semiconductor Equipment & Materials,1.597,517.16,609.62,0.96,0.89,0.13
CLPR,2.19,3.14,80.42,36.61,3,1,1,3/13,strongSell,2.692-4.32,-6.69,27.0,0.1,0.1,mere Sell (some bought),60.59 thousand,Real Estate,REIT - Residential,0.965,3.15,3.89,1.0,0.81,0.39
ZM,2.21,92.88,101.84,20.66,3,0.2,0.15,3/13,buy,70.7-114.74,-13.65,19.0,135.0,126.62,- Buy time -,3.30 million,Technology,Software - Application,1.04,96.19,114.93,1.04,0.81,0.09
ATNI,2.21,27.91,46.44,45.77,1,-1.1,-9.18,1/13,strongBuy,13.86-33.41,-11.94,16.0,69.0,69.0,Sell ALL,93.38 thousand,Communication Services,Telecom Services,0.604,28.65,34.04,1.03,0.82,0.19
INGM,2.23,28.5,106.02,11.7,-2,0.11,0.15,-2/13,hold,19.03-31.69,1.79,10.0,37.0,34.81,Buy time,1.62 million,Technology,Information Technology Services,1,28.49,36.15,1.0,0.79,0.34
TSBK,2.25,45.49,34.71,14.73,3,0.02,0.09,3/13,,30.93-49.38,-0.84,8.0,0.1,0.1,Sell ALL,33.30 thousand,Financial Services,Banks - Regional,0.295,45.73,55.46,1.01,0.82,0.25
KYMR,2.3,107.39,148.9,-12.77,2,0.27,0.33,2/13,buy,55.26-130.05,-13.06,17.0,180.0,159.32,Sell ALL,753.55 thousand,Healthcare,Biotechnology,1.965,117.19,140.95,1.09,0.76,0.21
LSCC,2.31,134.0,178.94,14.23,-3,0.12,0.3,-3/13,buy,60.5-157.01,0.99,15.0,180.0,172.27,Buy time,1.89 million,Technology,Semiconductors,1.779,127.4,154.67,0.95,0.87,0.18
HURC,2.33,22.29,86.19,8.1,2,0.35,0.83,2/13,,14.5-24.49,-1.39,9.0,0.1,0.1,Buy time,19.17 thousand,Industrials,Specialty Industrial Machinery,0.716,22.5,26.84,1.01,0.83,0.44
RDY,2.34,12.25,-6.88,-31.06,2,1,1,2/13,buy,11.36-15.67,1.14,22.0,15.3027935,14.3,Sell ALL,3.35 million,Healthcare,Drug Manufacturers - Specialty & Generic,0.242,12.44,15.19,1.02,0.81,0.26
EDD,2.37,5.34,104.08,-6.54,4,1,1,4/13,,4.96-6.18,-6.1,14.000000000000002,0.1,0.1,Sell ALL,370.60 thousand,Financial Services,Asset Management,1,5.65,6.74,1.06,0.79,0.15
SFB,2.39,18.91,84.88,-4.01,3,1,1,3/13,,18.63-20.89,-1.61,9.0,0.1,0.1,Buy time,11.81 thousand,N/A,N/A,1,19.29,23.25,1.02,0.81,0.15
STM,2.4,57.26,73.21,-31.19,-1,-0.01,-0.11,-1/13,buy,21.11-81.42,2.74,30.0,98.0,86.52,Buy time,12.33 million,Technology,Semiconductors,1.513,55.96,67.88,0.98,0.84,0.26
STN,2.4,67.45,69.37,-5.75,6,0.07,0.05,6/13,strongBuy,66.26-114.52,-9.83,41.0,0.1,0.1,Sell ALL,430.31 thousand,Industrials,Engineering & Construction,0.721,71.77,86.3,1.06,0.78,0.17
BJRI,2.42,61.93,124.95,12.33,1,0.0,-0.01,1/13,hold,28.46-74.6,-7.01,17.0,82.0,78.71,Buy time,461.73 thousand,Consumer Cyclical,Restaurants,1.304,65.12,78.23,1.05,0.79,0.19
QUAD,2.42,9.42,82.66,40.64,1,0.07,0.34,1/13,buy,5.12-11.15,-7.43,16.0,13.5,13.33,Sell ALL,328.72 thousand,Industrials,Specialty Business Services,1.063,9.49,11.33,1.01,0.83,0.33
NRC,2.43,20.35,45.21,-12.28,3,0,0,3/13,strongBuy,11.014-23.68,-6.14,14.000000000000002,26.0,26.0,Sell ALL,117.19 thousand,Healthcare,Health Information Services,0.377,21.79,26.4,1.07,0.77,0.22
RSF,2.44,14.31,85.51,2.75,1,1,1,1/13,hold,14.132-15.07,-0.78,5.0,0.1,0.1,Buy,9.80 thousand,Financial Services,Asset Management,1,14.4,17.24,1.01,0.83,1.03
NTRS,2.46,171.4,125.46,-9.4,3,-0.01,0.08,3/13,hold,121.12-195.78,-11.19,12.0,208.0,196.5,Sell ALL,1.10 million,Financial Services,Asset Management,1.257,183.69,221.12,1.07,0.78,0.23
TRIN,2.46,17.59,57.52,11.89,1,0.01,0.01,1/13,buy,14.13-18.895,-0.92,7.000000000000001,21.0,19.75,Sell ALL,1.03 million,Financial Services,Asset Management,0.67,17.82,21.29,1.01,0.83,0.11
VECO,2.47,57.38,159.13,35.19,-4,-0.04,-0.23,-4/13,hold,26.0-86.63,5.19,34.0,66.0,63.67,Buy time,826.31 thousand,Technology,Semiconductor Equipment & Materials,1.364,50.91,61.09,0.89,0.94,0.35
PWP,2.47,15.82,136.77,24.96,-1,0.03,1.94,-1/13,strongBuy,12.515-25.925,-5.63,39.0,30.0,25.94,Buy time,1.40 million,Financial Services,Capital Markets,1.617,16.12,19.34,1.02,0.82,0.21
ROK,2.48,454.35,116.68,-2.48,-1,0.53,0.18,-1/13,hold,332.71-497.36,2.15,9.0,550.0,513.24,Buy time,817.67 thousand,Industrials,Specialty Industrial Machinery,1.515,448.08,537.43,0.99,0.85,0.13
RRC,2.48,38.23,13.24,9.31,2,0.36,0.38,2/13,hold,32.68-48.31,-2.71,21.0,57.0,51.39,Buy,2.80 million,Energy,Oil & Gas E&P,0.432,39.74,47.46,1.04,0.81,0.14
CBL,2.5,54.7,126.02,18.52,0,1,1,0/13,buy,28.035-60.4,-2.9,9.0,66.0,64.5,Buy time,280.67 thousand,Real Estate,REIT - Retail,1.41,55.55,66.25,1.02,0.83,0.14
WINV,2.51,12.55,0.0,0.0,0,1,1,0/13,,12.55-13.5,0.0,7.000000000000001,0.1,0.1,Sell ALL,1,Financial Services,Shell Companies,1,12.62,inf,1.01,0.0,2.5
G,2.53,33.29,32.29,37.7,0,0.09,0.1,0/13,hold,26.85-48.64,-0.69,32.0,58.0,50.09,Sell ALL,2.29 million,Technology,Information Technology Services,0.585,34.27,41.34,1.03,0.81,0.12
COYA,2.54,4.81,-28.51,-16.46,0,0.15,0.41,0/13,buy,3.71-7.75,2.91,38.0,18.0,16.61,Sell ALL,195.42 thousand,Healthcare,Biotechnology,0.616,4.87,5.93,1.01,0.81,-0.04
JPM,2.57,332.38,89.75,2.24,3,0.77,0.14,3/13,hold,279.1-366.5,-8.6,9.0,436.0,405.9,Sell ALL,7.87 million,Financial Services,Banks - Diversified,0.975,353.64,429.6,1.06,0.77,0.08
ESQ,2.59,119.92,55.73,8.93,2,-0.07,-0.05,2/13,strongBuy,92.1-134.815,-3.48,11.0,140.0,135.0,Sell ALL,198.46 thousand,Financial Services,Banks - Regional,0.353,123.04,146.73,1.03,0.82,0.22
BZFD,2.6,1.11,288.84,-65.13,-1,-0.88,-25.48,-1/13,,0.54-2.21,0.0,50.0,0.1,0.1,Sell ALL,617.51 thousand,Communication Services,Internet Content & Information,3.789,1.21,1.44,1.09,0.77,0.45
NPO,2.6,332.56,196.76,16.11,-1,0.24,0.1,-1/13,buy,202.0-390.42,-4.02,15.0,430.0,409.75,Buy time,176.89 thousand,Industrials,Specialty Industrial Machinery,1.546,323.46,390.65,0.97,0.85,0.09
MFC,2.67,42.93,77.79,13.99,2,-0.02,-0.02,2/13,buy,31.41-45.33,-3.03,5.0,34.229553,34.23,Sell ALL,2.10 million,Financial Services,Insurance - Life,0.759,43.42,51.93,1.01,0.83,0.29
RLAY,2.68,18.96,161.71,-6.03,1,-0.07,-0.19,1/13,buy,5.47-21.27,-9.02,11.0,32.0,29.79,- Buy time -,2.73 million,Healthcare,Biotechnology,1.696,19.57,23.53,1.03,0.81,0.2
OBDC,2.69,10.3,64.43,-1.52,3,0.0,0.03,3/13,buy,10.225-13.575,-8.26,24.0,15.0,14.09,Sell ALL,4.26 million,Financial Services,Asset Management,0.678,10.95,13.45,1.06,0.77,0.32
NATH,2.69,101.49,26.66,2.04,3,1,1,3/13,,88.67-112.33,3.93,10.0,0.1,0.1,- Buy time -,25.23 thousand,Consumer Cyclical,Restaurants,0.283,99.14,119.1,0.98,0.85,0.12
THC,2.7,258.62,88.94,67.72,0,2.51,0.59,0/13,buy,157.58-283.05,-2.3,9.0,315.0,299.82,Sell ALL,947.09 thousand,Healthcare,Medical Care Facilities,1.23,252.52,306.15,0.98,0.84,0.11
WTTR,2.7,19.95,135.37,17.54,1,0.23,2.73,1/13,buy,9.285-22.55,-6.87,12.0,28.0,26.29,Sell ALL,1.74 million,Energy,Oil & Gas Equipment & Services,1.001,20.52,24.6,1.03,0.81,0.19
DLR,2.71,178.55,104.86,6.72,3,-0.1,-0.12,3/13,buy,146.23-208.14,-10.09,14.000000000000002,250.0,236.72,Sell ALL,2.31 million,Real Estate,REIT - Specialty,1.037,188.01,225.32,1.05,0.79,0.16
ETON,2.72,55.36,57.17,134.5,1,0.24,1.26,1/13,buy,14.27-66.37,-11.51,17.0,76.0,73.5,Buy,633.94 thousand,Healthcare,Drug Manufacturers - Specialty & Generic,0.9,51.87,63.72,0.94,0.87,0.63
UBSI,2.72,47.04,72.24,12.02,2,0.1,0.12,2/13,hold,34.1-49.62,-3.29,5.0,52.0,51.17,- Buy time -,1.09 million,Financial Services,Banks - Regional,0.721,47.51,57.43,1.01,0.82,0.15
CBRL,2.73,55.76,130.82,47.73,1,1.58,6.14,1/13,hold,24.85-60.26,-5.88,7.000000000000001,60.0,55.36,Buy time,997.24 thousand,Consumer Cyclical,Restaurants,1.182,53.54,64.53,0.96,0.86,0.1
TTGT,2.73,3.57,87.06,-1.89,0,-0.64,-9.75,0/13,buy,3.37-6.7,-4.76,47.0,8.0,7.75,Sell ALL,412.11 thousand,Technology,Information Technology Services,1.183,3.92,4.88,1.1,0.73,0.32
CGV,2.77,15.69,78.22,6.86,1,1,1,1/13,,14.15-17.055,-3.25,8.0,0.1,0.1,mere Buy (some sold),20.61 thousand,N/A,N/A,1,15.83,19.81,1.01,0.79,1.81
SKM,2.78,36.79,78.55,41.06,3,1,1,3/13,hold,19.66-47.18,-8.62,22.0,40.0,37.5,Buy time,2.32 million,Communication Services,Telecom Services,0.712,36.08,43.22,0.98,0.85,0.22
EIIA,2.78,25.06,84.51,1.6,2,1,1,2/13,,24.9-25.52,-0.68,2.0,0.1,0.1,Sell ALL,6.40 thousand,,,1,25.1,31.07,1.0,0.81,0.86
GCBC,2.82,34.26,44.9,21.02,3,1,1,3/13,,21.25-36.33,0.03,6.0,0.1,0.1,Sell,45.13 thousand,Financial Services,Banks - Regional,0.385,34.73,41.89,1.01,0.82,0.49
TCBX,2.84,43.36,81.37,28.36,2,-0.01,-0.02,2/13,hold,35.73-46.355,-5.3,6.0,54.0,51.07,Sell ALL,112.34 thousand,Financial Services,Banks - Regional,0.641,44.2,53.19,1.02,0.82,0.19
SGC,2.85,12.98,114.54,10.67,-1,0.16,6.1,-1/13,buy,8.3-14.59,1.77,11.0,20.0,19.0,Buy,47.37 thousand,Consumer Cyclical,Apparel Manufacturing,1.432,12.96,15.5,1.0,0.84,0.11
ARE,2.94,47.37,84.35,5.71,0,1.99,13.86,0/13,hold,39.41-84.3,2.38,44.0,60.0,56.29,Sell ALL,2.07 million,Real Estate,REIT - Office,1.168,50.33,60.35,1.06,0.78,0.24
BILL,2.95,43.62,96.95,30.33,3,0.26,0.42,3/13,buy,31.41-57.21,-11.19,24.0,75.0,66.15,Sell ALL,1.92 million,Technology,Software - Application,1.1,47.01,55.82,1.08,0.78,0.1
NMR,3.0,9.73,51.96,8.75,2,0.02,0.06,2/13,buy,6.71-10.94,-0.82,11.0,11.22038,11.22,Sell ALL,881.14 thousand,Financial Services,Capital Markets,0.607,10.04,11.99,1.03,0.81,0.24
HHH,3.06,71.04,81.1,-1.8,-1,1.75,2.41,-1/13,strongBuy,60.09-91.07,6.18,22.0,100.0,94.83,Buy time,648.05 thousand,Real Estate,Real Estate - Development,1.139,67.85,84.09,0.96,0.84,0.23
TIL,3.09,7.22,112.54,-17.11,1,-0.31,-0.85,1/13,hold,5.67-21.98,-1.94,67.0,7.0,7.0,Buy,18.56 thousand,Healthcare,Biotechnology,1.915,7.55,9.64,1.05,0.75,0.82
SMFG,3.1,25.4,52.07,1.88,3,0.14,0.89,3/13,buy,15.18-27.62,-3.31,8.0,31.51,31.51,Sell ALL,1.74 million,Financial Services,Banks - Diversified,0.388,26.16,31.59,1.03,0.8,0.22
BGX,3.12,10.54,86.49,-0.98,4,1,1,4/13,,10.38-12.04,-2.08,12.0,0.1,0.1,Sell ALL,64.27 thousand,Financial Services,Asset Management,1,10.66,12.79,1.01,0.82,0.38
DGII,3.15,75.61,95.16,22.86,4,0.13,0.2,4/13,buy,34.41-86.84,-10.22,13.0,90.0,87.7,Buy time,398.17 thousand,Technology,Communication Equipment,0.972,75.21,90.1,0.99,0.84,0.24
SBGI,3.18,12.43,79.29,-29.38,4,1.11,-0.9,4/13,hold,12.24-17.88,-12.64,30.0,30.0,23.79,Sell ALL,574.98 thousand,Communication Services,Broadcasting,1.041,14.07,16.89,1.13,0.74,0.21
IDCC,3.22,335.13,95.97,69.24,1,3.15,2.05,1/13,buy,249.14-412.6,-3.96,19.0,488.0,475.33,- Buy time -,241.72 thousand,Technology,Software - Application,1.418,320.74,385.66,0.96,0.87,0.04
APPF,3.23,202.97,49.66,44.05,0,0.16,0.1,0/13,buy,142.56-265.02,3.45,23.0,280.0,258.02,Sell ALL,422.88 thousand,Technology,Software - Application,0.848,204.04,246.67,1.01,0.82,0.22
ETN,3.24,436.11,112.03,30.4,2,0.15,0.05,2/13,buy,311.92-478.0,-4.42,9.0,534.0,507.58,Buy time,2.01 million,Industrials,Specialty Industrial Machinery,1.168,427.18,516.87,0.98,0.84,0.1
TAYD,3.27,54.97,78.33,2.9,1,0.02,0.03,1/13,buy,40.5-90.37,-0.69,39.0,70.0,70.0,Sell ALL,49.44 thousand,Industrials,Specialty Industrial Machinery,0.964,58.29,74.04,1.06,0.74,0.66
ELV,3.33,386.43,98.16,-14.88,2,3.01,0.36,2/13,buy,274.84-436.24,-0.55,11.0,492.0,471.69,Sell ALL,1.17 million,Healthcare,Healthcare Plans,0.696,405.38,483.0,1.05,0.8,0.14
ROKU,3.34,152.39,158.13,23.41,1,0.86,1.78,1/13,hold,78.53-159.89,-3.88,5.0,205.0,183.66,Sell ALL,2.46 million,Communication Services,Entertainment,2.05,151.64,182.86,1.0,0.83,0.05
HCXY,3.35,24.95,79.15,1.92,0,1,1,0/13,,24.36-25.71,-0.44,3.0,0.1,0.1,Sell ALL,1.78 thousand,N/A,N/A,1,24.97,30.22,1.0,0.83,2.5
SLNG,3.37,4.87,135.7,81.8,0,-0.48,-26.0,0/13,buy,3.21-7.07,-20.33,31.0,9.0,9.0,Sell ALL,44.15 thousand,Energy,Oil & Gas Integrated,1,5.35,6.87,1.1,0.71,2.5
BWFG,3.38,66.65,69.47,44.68,2,0.42,0.33,2/13,hold,40.45-69.59,-1.52,4.0,72.0,70.75,Buy,92.58 thousand,Financial Services,Banks - Regional,0.575,65.49,80.11,0.98,0.83,0.22
ENTG,3.38,166.47,121.71,66.01,-1,0.22,0.29,-1/13,buy,67.97-186.94,2.03,11.0,215.0,194.18,Buy time,2.78 million,Technology,Semiconductor Equipment & Materials,1.364,145.73,172.61,0.88,0.96,0.16
STRR,3.47,9.76,32.9,-29.58,-3,-1.15,-24.09,-3/13,buy,8.95-11.96,-0.61,18.0,26.0,21.67,Sell,3.37 thousand,Industrials,Staffing & Employment Services,0.509,10.64,12.64,1.09,0.77,2.5
WAB,3.49,287.54,114.26,29.79,2,0.34,0.13,2/13,buy,186.06-306.64,-4.56,6.0,355.0,342.29,Buy time,1.00 million,Industrials,Railroads,0.921,288.57,352.1,1.0,0.82,0.34
TRMK,3.52,45.93,59.04,6.81,4,0.19,0.2,4/13,hold,36.33-49.0,-4.22,6.0,55.5,53.0,Sell ALL,402.54 thousand,Financial Services,Banks - Regional,0.632,46.95,56.87,1.02,0.81,0.17
LAB,3.58,0.74,123.36,-36.29,-2,-0.03,-0.84,-2/13,hold,0.63-1.72,8.69,56.99999999999999,1.35,1.35,Buy time,1.57 million,Healthcare,Medical Devices,1.366,0.78,0.92,1.05,0.8,0.34
DAN,3.58,27.88,189.48,25.51,3,-0.33,-0.41,3/13,strongBuy,17.74-39.56,-12.45,30.0,43.0,41.0,Sell ALL,1.48 million,Consumer Cyclical,Auto Parts,1.998,29.29,35.26,1.05,0.79,0.12
AXTI,3.59,85.87,222.54,219.2,-2,0.16,2.42,-2/13,buy,4.0-143.16,-11.76,40.0,125.0,108.3,Buy time,10.89 million,Technology,Semiconductor Equipment & Materials,1.92,71.24,86.59,0.83,0.99,0.22
RLJ,3.59,11.22,150.63,9.35,0,0.12,1.43,0/13,hold,6.54-12.89,2.68,13.0,13.0,12.38,Buy time,2.00 million,Real Estate,REIT - Hotel & Motel,1.094,11.35,13.7,1.01,0.82,0.15
UTMD,3.61,74.13,37.5,25.57,3,1,1,3/13,,53.66-76.89,5.68,4.0,0.1,0.1,Sell ALL,29.56 thousand,Healthcare,Medical Instruments & Supplies,0.358,71.86,85.88,0.97,0.86,0.36
AIFF,3.63,1.36,-13.89,44.06,-1,1,1,-1/13,,0.62-3.15,16.91,56.99999999999999,0.1,0.1,Buy time,199.51 thousand,Technology,Software - Application,1,1.19,1.62,0.87,0.84,0.91
PEO,3.64,27.82,59.35,28.32,5,1,1,5/13,,20.75-29.75,-0.43,6.0,0.1,0.1,Sell ALL,61.11 thousand,Financial Services,Asset Management,0.388,27.76,33.06,1.0,0.84,0.09
AWK,3.65,130.25,45.11,-1.04,4,-0.02,-0.03,4/13,hold,120.57-145.64,-3.15,11.0,162.0,151.73,Sell ALL,2.20 million,Utilities,Utilities - Regulated Water,0.58,136.49,167.09,1.05,0.78,0.33
IMMR,3.66,7.39,91.66,31.68,1,0,0,1/13,strongBuy,5.25-8.05,-1.62,8.0,13.5,13.5,Buy time,523.17 thousand,Technology,Software - Application,1.002,7.38,9.03,1.0,0.82,0.18
QETA,3.67,11.79,2.17,1.08,2,1,1,2/13,,11.02-13.07,0.42,10.0,0.1,0.1,Sell ALL,7.93 thousand,Financial Services,Shell Companies,0.026,11.79,inf,1.0,0.0,2.5
PM,3.68,187.46,24.57,4.25,3,0.28,0.14,3/13,buy,142.11-207.76,2.41,10.0,230.0,219.07,Buy,4.95 million,Consumer Defensive,Tobacco,0.395,190.85,228.83,1.02,0.82,0.14
TPVG,3.71,4.9,106.7,27.59,3,-0.04,-0.15,3/13,hold,4.395-6.95,-5.68,28.999999999999996,7.0,6.42,Buy time,285.31 thousand,Financial Services,Asset Management,1.378,4.83,5.76,0.99,0.85,0.14
CIG,3.77,2.15,4.0,10.09,1,0.04,0.68,1/13,hold,1.87-2.76,10.7,22.0,2.25,2.15,Sell ALL,6.38 million,Utilities,Utilities - Regulated Electric,0.048,2.12,2.51,0.99,0.86,0.23
CLF,3.81,11.32,194.37,47.64,2,0.04,0.11,2/13,hold,7.73-16.7,-8.75,32.0,15.0,13.7,Sell ALL,22.09 million,Basic Materials,Steel,2.11,11.82,14.59,1.04,0.78,0.16
RMBS,3.83,111.97,142.52,20.95,-3,0.05,0.07,-3/13,buy,77.89-174.1,10.15,36.0,180.0,163.93,Buy,2.48 million,Technology,Semiconductors,1.872,99.1,120.16,0.89,0.93,0.23
UFPT,3.87,300.7,92.27,52.89,4,0.53,0.22,4/13,hold,173.86-338.71,-6.85,11.0,360.0,357.5,Buy time,152.51 thousand,Healthcare,Medical Devices,1.073,287.69,344.22,0.96,0.87,0.08
EZPW,3.89,30.2,52.1,-9.4,2,0.23,0.58,2/13,buy,16.5-37.13,3.01,19.0,45.0,42.9,- Buy time -,975.92 thousand,Financial Services,Credit Services,0.643,32.05,38.33,1.06,0.79,0.35
CRC,3.91,52.43,97.04,3.41,2,-0.4,-0.3,2/13,buy,43.245-71.98,-1.32,27.0,91.0,83.67,Sell ALL,880.22 thousand,Energy,Oil & Gas E&P,0.898,53.77,65.12,1.03,0.81,0.19
VZ,3.97,45.92,37.37,21.61,5,0.1,0.09,5/13,hold,38.39-51.68,-4.66,11.0,62.0,56.58,Sell ALL,22.46 million,Communication Services,Telecom Services,0.24,47.73,57.21,1.04,0.8,0.11
XYF,3.97,4.94,85.39,22.22,5,1,1,5/13,,3.3-14.86,-1.85,67.0,0.1,0.1,Sell ALL,54.09 thousand,Financial Services,Credit Services,0.479,5.07,6.03,1.03,0.82,0.41
RIOT,4.06,19.73,247.82,6.16,-2,-0.33,-1.09,-2/13,buy,11.5-30.32,-1.57,35.0,45.0,38.68,Sell ALL,19.34 million,Financial Services,Capital Markets,3.832,21.8,26.41,1.1,0.75,0.2
RAMP,4.07,37.65,108.56,0.29,3,0.08,0.14,3/13,hold,21.71-38.23,-0.08,2.0,40.0,39.35,Buy time,1.21 million,Technology,Software - Infrastructure,1.255,37.83,45.92,1.0,0.82,0.2
OPCH,4.08,22.64,43.58,15.15,4,0.05,0.13,4/13,hold,18.01-36.8,-3.22,38.0,39.0,33.79,mere Sell (some bought),2.52 million,Healthcare,Medical Care Facilities,0.607,23.38,27.97,1.03,0.81,0.13
SPOK,4.09,10.89,60.77,19.06,6,-0.04,-0.17,6/13,,9.95-16.45,-0.92,34.0,0.1,0.1,- Buy time -,157.13 thousand,Healthcare,Health Information Services,0.421,10.69,12.9,0.98,0.84,0.17
BTA,4.14,25.54,93.86,21.41,3,1,1,3/6,,24.61-25.79,-0.98,1.0,0.1,0.1,Buy,67.64 thousand,N/A,N/A,1,25.36,207.06,0.99,0.12,1.42
NFJ,4.15,15.11,113.68,7.4,5,1,1,5/13,,12.25-15.75,-2.08,4.0,0.1,0.1,Sell ALL,248.56 thousand,Financial Services,Asset Management,1.095,15.2,18.33,1.01,0.82,0.48
BSL,4.24,12.98,36.97,3.33,6,1,1,6/13,,12.45-14.0,-0.04,7.000000000000001,0.1,0.1,Sell ALL,41.48 thousand,Financial Services,Asset Management,0.361,12.93,15.71,1.0,0.83,0.62
BGB,4.28,11.13,91.35,1.54,6,1,1,6/13,,10.85-12.12,-0.69,8.0,0.1,0.1,Sell ALL,162.80 thousand,Financial Services,Asset Management,1,11.16,13.41,1.0,0.83,0.16
TDS,4.29,35.39,23.47,7.13,3,4.26,21.1,3/13,strongBuy,31.51-49.12,2.56,28.000000000000004,48.0,47.75,Sell ALL,1.39 million,Communication Services,Telecom Services,0.343,35.33,43.08,1.0,0.82,0.57
BFC,4.29,152.6,60.07,14.0,5,0.06,0.03,5/13,buy,119.08-159.1,-2.4,4.0,165.0,164.0,Buy time,85.56 thousand,Financial Services,Banks - Regional,0.403,152.98,181.61,1.0,0.84,0.14
AFGB,4.3,22.05,83.33,24.75,1,1,1,1/13,,20.03-23.14,7.83,5.0,0.1,0.1,Sell ALL,18.80 thousand,N/A,N/A,1,20.75,26.28,0.94,0.84,1.23
SDRL,4.31,43.85,144.45,21.96,3,0.38,1.39,3/13,buy,28.1-55.47,-6.96,21.0,80.0,67.0,Sell ALL,733.01 thousand,Energy,Oil & Gas Drilling,1.385,46.29,55.82,1.06,0.79,0.19
RANI,4.33,0.81,65.08,60.06,-1,0.01,0.28,-1/13,buy,0.445-3.87,1.83,79.0,11.0,9.1,Buy time,733.45 thousand,Healthcare,Biotechnology,0.706,0.83,0.99,1.02,0.82,0.54
PRAA,4.36,18.87,180.28,25.82,3,1.21,2.32,3/13,hold,10.25-22.55,-7.21,16.0,26.0,26.0,== less Sell ALL==,535.31 thousand,Financial Services,Credit Services,1.109,19.46,23.57,1.03,0.8,0.27
GTIM,4.36,1.5,90.93,15.05,6,1,1,6/13,,1.1-2.09,-4.67,28.000000000000004,0.1,0.1,Sell ALL,46.06 thousand,Consumer Cyclical,Restaurants,0.596,1.5,1.85,1.0,0.81,0.71
J,4.37,138.06,62.51,17.9,5,0.13,0.08,5/13,buy,105.68-168.44,-4.03,18.0,181.0,171.77,Sell ALL,829.02 thousand,Industrials,Engineering & Construction,0.679,141.82,171.43,1.03,0.81,0.19
NTCT,4.39,40.96,71.34,-10.4,3,0.2,0.48,3/13,buy,25.2-45.28,4.44,10.0,50.0,46.69,Buy time,655.30 thousand,Technology,Software - Infrastructure,0.688,40.35,48.65,0.99,0.84,0.14
TW,4.39,102.22,68.4,7.05,4,0.04,0.04,4/13,hold,91.42-127.69,-2.75,20.0,183.0,153.37,Sell ALL,1.25 million,Financial Services,Capital Markets,0.626,104.29,125.19,1.02,0.82,0.1
SUZ,4.46,8.5,-1.57,21.36,2,1,1,2/13,buy,7.555-11.535,7.53,26.0,13.84,13.2,Sell ALL,2.85 million,Basic Materials,Paper & Paper Products,0.031,8.64,10.27,1.02,0.83,0.29
HYFM,4.46,1.03,282.03,204.35,0,-0.42,-0.14,0/13,,0.5-3.48,-21.36,70.0,0.1,0.1,Buy time,146.78 thousand,Industrials,Farm & Heavy Construction Machinery,2.442,1.09,1.58,1.06,0.65,2.5
MDT,4.47,86.38,51.09,16.32,4,0.07,0.05,4/13,buy,73.31-106.33,-4.03,19.0,121.0,112.92,Sell ALL,12.58 million,Healthcare,Medical Devices,0.574,89.02,112.56,1.03,0.77,0.88
ACCO,4.51,4.3,98.51,34.53,1,0.09,1.46,1/13,strongBuy,2.81-4.56,1.63,6.0,9.0,8.5,- Buy time -,615.95 thousand,Industrials,Business Equipment & Supplies,1.182,4.22,5.04,0.98,0.85,0.11
AME,4.52,251.93,116.08,23.71,3,0.17,0.09,3/13,buy,179.24-261.16,-0.74,4.0,318.0,299.14,Buy time,1.43 million,Industrials,Specialty Industrial Machinery,0.989,244.44,294.55,0.97,0.86,0.22
LFUS,4.55,456.53,173.01,40.85,2,0.88,0.27,2/13,buy,233.36-500.57,-3.35,9.0,520.0,504.38,Buy time,314.00 thousand,Technology,Electronic Components,1.471,430.55,537.92,0.94,0.85,0.5
ALSN,4.56,117.97,123.79,15.84,5,0.59,0.27,5/13,hold,76.01-137.62,-7.75,14.000000000000002,185.0,162.86,Sell ALL,827.37 thousand,Consumer Cyclical,Auto Parts,0.974,122.62,146.35,1.04,0.81,0.07
HYBX,4.61,28.53,84.1,-3.34,3,1,1,3/13,,28.43-30.725,-2.32,7.000000000000001,0.1,0.1,Sell ALL,3.61 thousand,N/A,N/A,1,29.14,41.54,1.02,0.69,2.5
BP,4.62,44.79,53.54,38.79,2,0.75,0.58,2/13,hold,32.72-48.27,4.33,7.000000000000001,72.95,62.11,Buy,10.29 million,Energy,Oil & Gas Integrated,1,43.31,52.19,0.97,0.86,0.17
WEST,4.62,8.14,86.82,34.01,4,0.01,-0.23,4/13,buy,3.59-10.19,-1.97,20.0,11.0,10.5,- Buy time -,437.89 thousand,Consumer Defensive,Packaged Foods,0.889,8.03,9.66,0.99,0.84,0.13
ZIM,4.64,29.63,39.87,53.78,3,-1.71,-0.7,3/13,hold,12.33-30.96,2.77,4.0,36.0,31.9,Sell ALL,1.18 million,Industrials,Marine Shipping,1.115,27.39,33.89,0.92,0.87,0.34
CAAP,4.65,24.3,69.99,8.2,2,-0.17,-0.34,2/13,buy,17.36-30.5,4.92,20.0,36.0,34.2,Buy time,227.79 thousand,Industrials,Airports & Air Services,0.685,24.6,29.94,1.01,0.81,0.4
WLTG,4.72,38.29,89.25,7.04,3,1,1,3/13,,32.93-39.46,-2.69,3.0,0.1,0.1,mere Buy (some sold),17.27 thousand,N/A,N/A,1,38.29,54.28,1.0,0.71,2.5
REPL,4.72,13.07,89.87,210.65,2,0.01,0.01,2/13,buy,1.5-16.33,-11.94,20.0,24.0,21.75,- Buy time -,5.34 million,Healthcare,Biotechnology,0.942,13.07,15.77,1.0,0.83,0.5
HCKT,4.73,10.78,97.13,27.91,1,-0.0,-0.01,1/13,buy,9.16-20.68,4.6,48.0,19.0,17.83,- Buy time -,298.54 thousand,Technology,Information Technology Services,0.93,10.81,12.97,1.0,0.83,0.25
UGI,4.75,37.2,86.76,15.5,2,-0.09,-0.55,2/13,buy,31.62-41.34,6.61,10.0,46.0,44.62,Sell ALL,1.79 million,Utilities,Utilities - Regulated Gas,0.956,36.88,45.14,0.99,0.82,0.18
TCI,4.79,44.4,-8.34,0.94,-2,1,1,-2/13,,31.48-59.65,20.32,26.0,0.1,0.1,- Buy time -,63.40 thousand,Real Estate,Real Estate Services,0.49,41.52,58.43,0.94,0.76,2.5
DUOT,4.81,9.11,122.18,0.92,4,0.59,-2.92,4/13,buy,6.17-15.28,-12.84,40.0,27.0,26.25,Buy time,1.29 million,Technology,Software - Application,1.344,9.24,11.53,1.01,0.79,0.86
PDS,4.81,84.91,152.34,14.51,4,-1.46,-1.64,4/13,strongBuy,53.42-103.8,-4.36,18.0,114.74272,107.75,- Buy time -,122.23 thousand,Energy,Oil & Gas Drilling,1.29,85.97,103.11,1.01,0.82,0.19
ATHS,4.81,23.51,90.01,-5.68,7,1,1,7/13,,23.34-25.88,-4.1,9.0,0.1,0.1,Sell ALL,46.97 thousand,N/A,N/A,1,24.49,31.19,1.04,0.75,0.85
TXO,4.84,13.86,15.6,24.02,5,0.31,3.78,5/13,buy,10.12-15.579,0.07,11.0,20.0,19.5,mere Sell (some bought),232.78 thousand,Energy,Oil & Gas E&P,0.009,14.08,16.71,1.02,0.83,0.31
INTC,4.87,119.33,128.2,36.05,-2,0.48,22.03,-2/13,hold,32.89-142.35,13.27,16.0,200.0,158.19,== less Sell ALL==,123.19 million,Technology,Semiconductors,2.231,104.95,127.45,0.88,0.94,0.14
RLYB,4.9,17.08,29.92,21.8,7,0.17,0.12,7/13,,3.67-17.574,0.47,3.0,0.1,0.1,Buy time,23.94 thousand,Healthcare,Biotechnology,1,16.81,20.79,0.98,0.82,0.54
UROY,4.92,3.97,125.08,129.35,3,-0.01,-0.1,3/13,buy,2.56-5.52,-4.79,28.000000000000004,4.438049,4.29,Sell ALL,2.88 million,Energy,Uranium,1.424,3.88,4.67,0.98,0.85,0.18
HTGC,4.96,16.74,59.66,22.02,4,0.03,0.05,4/13,buy,13.7-19.13,1.19,12.0,25.0,22.25,Sell ALL,1.60 million,Financial Services,Asset Management,0.747,16.86,20.4,1.01,0.82,0.24
GLOB,4.98,35.1,88.26,47.03,2,-0.1,-0.06,2/13,hold,27.56-72.1,-3.3,51.0,100.0,75.8,Sell ALL,1.76 million,Technology,Information Technology Services,0.983,36.94,44.62,1.05,0.79,0.36
CNK,4.99,36.05,96.4,52.51,5,0.17,0.08,5/13,buy,21.6-39.07,-4.08,8.0,44.0,41.91,Sell ALL,2.49 million,Communication Services,Entertainment,0.978,35.16,42.15,0.98,0.86,0.15
ING,4.99,34.78,87.91,26.39,5,0.07,0.1,5/13,strongBuy,23.64-37.52,-2.44,7.000000000000001,42.5,39.0,Sell ALL,2.42 million,Financial Services,Banks - Diversified,0.9,34.9,42.63,1.0,0.82,0.25
ISRG,4.99,391.95,130.59,-6.7,3,0.69,0.31,3/13,buy,328.57-603.88,0.41,35.0,685.0,580.67,== less Sell ALL==,2.74 million,Healthcare,Medical Instruments & Supplies,1.465,389.51,465.31,0.99,0.84,0.17
EMF,4.99,22.47,79.96,2.61,7,1,1,7/13,,16.07-24.7,0.82,9.0,0.1,0.1,Sell ALL,31.58 thousand,Financial Services,Asset Management,1.014,22.21,26.61,0.99,0.84,0.22
ALAB,5.0,350.33,170.51,-2.18,0,0.18,0.29,0/13,buy,97.89-499.476,8.61,30.0,500.0,444.98,Buy time,4.42 million,Technology,Semiconductors,3.778,333.36,401.07,0.95,0.87,0.19
PAYO,5.04,7.15,85.98,2.31,5,0.01,1.73,5/13,hold,4.08-7.19,0.28,1.0,7.4,7.4,- Buy time -,3.51 million,Technology,Software - Infrastructure,0.943,7.13,8.82,1.0,0.81,0.32
INO,5.04,1.16,88.72,41.46,1,0.02,0.05,1/13,hold,0.56-2.72,0.86,56.99999999999999,4.0,3.58,Sell ALL,2.84 million,Healthcare,Biotechnology,1.632,1.14,1.34,0.98,0.87,0.3
CCO,5.05,2.39,163.33,-1.77,0,0.01,0.2,0/13,hold,1.27-2.44,2.93,2.0,2.43,2.43,- Buy time -,6.40 million,Communication Services,Advertising Agencies,1.96,2.4,3.02,1.0,0.79,1.69
HKD,5.08,1.71,201.63,34.54,4,1,1,4/13,,1.26-5.47,0.0,69.0,0.1,0.1,Buy,117.61 thousand,Technology,Software - Application,1.996,1.69,2.05,0.99,0.83,0.23
JCI,5.1,156.24,125.48,30.87,3,0.19,0.15,3/13,buy,104.49-157.06,1.76,1.0,194.0,179.9,Buy time,3.43 million,Industrials,Building Products & Equipment,1.304,147.08,178.01,0.94,0.88,0.21
MYE,5.11,31.63,105.34,10.43,6,0.33,1.04,6/13,buy,15.54-37.45,-4.01,16.0,37.0,37.0,Buy time,345.52 thousand,Consumer Cyclical,Packaging & Containers,0.888,32.2,38.8,1.02,0.82,0.14
HNST,5.15,5.16,134.87,95.7,-1,0.09,6.13,-1/13,buy,2.07-6.01,8.91,14.000000000000002,5.7,5.45,Sell ALL,2.17 million,Consumer Defensive,Household & Personal Products,2.241,4.99,6.12,0.97,0.84,0.48
JELD,5.16,1.89,159.83,157.26,0,-0.18,-0.56,0/13,hold,0.925-4.97,1.06,62.0,2.0,1.97,Buy,1.48 million,Industrials,Building Products & Equipment,2.191,1.81,2.26,0.96,0.84,0.37
TGTX,5.18,54.29,124.0,-9.08,1,-0.49,-1.24,1/13,buy,26.76-59.3,9.23,8.0,86.0,77.86,Sell ALL,2.15 million,Healthcare,Biotechnology,1.662,55.3,65.96,1.02,0.82,0.2
AEO,5.19,17.71,109.36,26.62,1,0.6,2.89,1/13,hold,14.06-28.46,7.68,38.0,27.0,22.77,Buy time,5.92 million,Consumer Cyclical,Apparel Retail,1.309,16.89,20.48,0.95,0.86,0.31
PERF,5.2,1.91,23.42,23.33,2,0.01,0.71,2/13,hold,1.24-2.15,1.05,11.0,5.0,3.99,Sell ALL,180.51 thousand,Technology,Software - Application,0.281,1.91,2.44,1.0,0.78,0.85
ABEV,5.27,2.99,31.16,-0.14,4,0.01,0.39,4/13,hold,2.1-3.45,7.46,13.0,4.0,3.67,Buy time,26.40 million,Consumer Defensive,Beverages - Brewers,0.251,3.0,3.59,1.0,0.83,0.21
SQNS,5.28,2.8,108.11,-31.46,5,-0.77,-1.73,5/13,buy,2.38-10.19,-7.86,73.0,20.0,15.0,Sell,59.15 thousand,Technology,Semiconductors,0.858,2.97,3.52,1.06,0.8,0.48
AMR,5.29,171.54,55.44,48.84,5,0.01,0.01,5/13,hold,133.64-253.82,1.47,32.0,195.0,187.5,Sell ALL,332.92 thousand,Basic Materials,Coking Coal,0.701,178.43,212.14,1.04,0.81,0.1
OPHC,5.36,9.04,62.1,123.78,6,0.03,0.08,6/13,buy,3.91-10.68,-11.62,15.0,11.25,11.08,== less Sell ALL==,119.06 thousand,Financial Services,Banks - Regional,0.286,8.42,10.14,0.93,0.89,0.85
TAL,5.43,12.06,31.14,47.72,4,0.75,3.48,4/13,buy,8.88-13.37,3.15,10.0,20.0,18.05,Buy time,3.71 million,Consumer Defensive,Education & Training Services,0.138,11.58,13.68,0.96,0.88,0.25
GJP,5.43,24.4,85.15,-0.25,4,1,1,4/13,,23.63-25.05,-0.88,3.0,0.1,0.1,Sell ALL,1.37 thousand,N/A,N/A,1,24.51,38.11,1.0,0.64,2.5
SND,5.46,5.34,32.71,24.68,6,1,1,6/13,,2.03-5.92,8.05,10.0,0.1,0.1,Sell ALL,334.71 thousand,Energy,Oil & Gas Equipment & Services,0.355,5.13,6.07,0.96,0.88,0.28
IHS,5.46,8.32,63.24,5.54,6,-0.16,-1.33,6/13,hold,5.71-8.95,-0.12,7.000000000000001,8.5,8.25,Sell ALL,1.23 million,Real Estate,Real Estate Services,0.737,8.36,10.29,1.0,0.81,0.52
EWTX,5.48,41.4,34.07,-23.88,9,-0.04,-0.07,9/13,buy,14.25-48.51,-6.38,15.0,66.0,59.31,Sell ALL,1.37 million,Healthcare,Biotechnology,0.331,44.0,53.46,1.06,0.77,0.1
AVAH,5.48,12.59,137.94,88.26,3,0.1,0.74,3/13,buy,5.93-14.71,-0.79,14.000000000000002,16.0,15.3,Sell ALL,2.86 million,Healthcare,Medical Care Facilities,1.974,11.83,14.46,0.94,0.87,0.22
CDE,5.48,17.66,178.42,46.83,4,-0.14,-0.54,4/13,buy,13.55-27.77,-9.34,36.0,35.0,29.48,Sell ALL,35.50 million,Basic Materials,Gold,1.389,18.58,21.97,1.05,0.8,0.42
LEGH,5.51,29.35,101.91,37.42,5,0.26,0.35,5/13,hold,18.285-31.34,0.85,6.0,24.0,24.0,Buy time,117.48 thousand,Consumer Cyclical,Residential Construction,0.774,28.34,34.7,0.97,0.85,0.34
HCI,5.53,184.25,93.6,8.35,5,0.98,0.2,5/13,buy,144.75-210.5,0.87,12.0,265.0,253.33,- Buy time -,177.65 thousand,Financial Services,Insurance - Property & Casualty,1.023,186.17,224.3,1.01,0.82,0.15
TS,5.53,55.99,50.38,4.7,5,0.33,0.38,5/13,buy,33.65-64.6,4.55,13.0,80.0,72.19,Buy,1.27 million,Energy,Oil & Gas Equipment & Services,0.469,55.93,67.26,1.0,0.83,0.07
HBT,5.58,36.34,78.36,38.13,6,0.11,0.16,6/13,strongBuy,22.36-37.51,-1.65,3.0,44.0,42.1,Buy,136.99 thousand,Financial Services,Banks - Regional,0.503,35.43,42.35,0.97,0.86,0.17
DXCM,5.67,85.36,163.96,40.99,5,0.18,0.34,5/13,buy,54.11-92.59,-3.98,8.0,115.0,105.04,Sell ALL,3.88 million,Healthcare,Medical Devices,1.419,84.55,101.55,0.99,0.84,0.03
HTFC,5.73,24.77,83.33,3.59,4,1,1,4/13,,24.4-25.29,0.76,2.0,0.1,0.1,Sell ALL,4.82 thousand,N/A,N/A,1,24.72,30.02,1.0,0.83,2.5
MUR,5.73,37.66,90.01,28.84,3,-0.02,0.01,3/13,hold,26.49-43.34,7.54,13.0,52.0,46.11,Buy,1.89 million,Energy,Oil & Gas E&P,0.488,36.79,44.2,0.98,0.85,0.15
XOM,5.75,164.01,53.58,41.23,6,0.63,0.28,6/13,hold,110.39-176.41,1.55,7.000000000000001,200.0,186.7,- Buy time -,15.60 million,Energy,Oil & Gas Integrated,0.175,158.35,188.09,0.97,0.87,0.04
ETD,5.77,21.06,102.89,42.27,4,0.06,0.25,4/13,hold,18.28-29.01,5.01,27.0,22.0,22.0,- Buy time -,555.73 thousand,Consumer Cyclical,Furnishings, Fixtures & Appliances,1.022,20.79,25.07,0.99,0.84,0.14
DAVE,5.77,346.57,356.49,-9.17,0,0.84,0.26,0/13,buy,152.21-458.25,1.48,24.0,500.0,472.11,Sell ALL,456.45 thousand,Technology,Software - Application,3.84,372.2,440.08,1.07,0.79,0.11
EBF,5.8,22.56,47.13,17.35,7,-0.03,-0.09,7/13,,16.3-22.94,1.06,2.0,24.0,24.0,Buy time,158.52 thousand,Industrials,Specialty Business Services,0.277,21.83,26.36,0.97,0.86,0.14
EFXT,5.83,24.59,140.92,8.97,1,0.1,0.31,1/13,strongBuy,10.57-29.15,8.58,16.0,33.0,32.25,Buy time,835.67 thousand,Energy,Oil & Gas Equipment & Services,2.034,22.93,28.79,0.93,0.85,0.81
SCCO,5.84,205.54,138.77,61.22,2,0.17,0.09,2/13,hold,115.74333-220.78,6.57,7.000000000000001,275.0,223.57,Buy time,1.20 million,Basic Materials,Copper,1.151,194.54,234.76,0.95,0.88,0.08
HSTM,5.88,30.82,46.13,25.38,4,0.08,0.45,4/13,hold,19.5-31.11,9.09,1.0,40.0,37.25,- Buy time -,195.06 thousand,Healthcare,Health Information Services,0.443,29.13,34.98,0.95,0.88,0.13
HUT,5.89,89.63,354.78,-17.2,-2,0.54,1.44,-2/13,buy,31.67-140.8,1.77,36.0,273.0,215.05,Sell ALL,5.02 million,Financial Services,Capital Markets,5.976,98.36,115.51,1.1,0.78,0.18
CGAU,5.92,21.43,195.49,94.44,4,0.02,0.05,4/13,hold,10.46-24.52,-2.29,13.0,17.5,17.5,Sell ALL,1.64 million,Basic Materials,Gold,1.634,20.67,24.78,0.96,0.86,0.11
EGO,5.99,38.12,180.92,75.5,4,0.24,0.36,4/13,hold,24.44-51.16,-5.62,25.0,54.0,50.25,Sell ALL,3.06 million,Basic Materials,Gold,1.507,38.97,47.55,1.02,0.8,0.51
W,6.01,101.25,276.72,45.61,2,0.01,-0.04,2/13,buy,55.6-119.98,-1.81,16.0,156.0,140.02,Sell ALL,3.04 million,Consumer Cyclical,Internet Retail,2.998,100.29,120.39,0.99,0.84,0.06
IT,6.02,184.8,89.27,89.47,4,1.04,0.31,4/13,hold,124.25-261.1,3.04,28.999999999999996,229.0,207.08,- Buy time -,1.23 million,Technology,Information Technology Services,0.953,177.51,211.74,0.96,0.87,0.16
CLSK,6.03,12.74,301.44,32.81,-1,-0.31,-1.31,-1/13,buy,8.0-23.61,2.67,46.0,27.0,25.45,Sell ALL,19.69 million,Financial Services,Capital Markets,3.851,13.45,16.29,1.06,0.78,0.18
EQH,6.11,52.64,101.16,38.59,5,0.07,0.04,5/13,buy,35.195-55.06,2.87,4.0,68.0,65.05,Sell ALL,2.77 million,Financial Services,Asset Management,1.095,51.34,61.52,0.98,0.86,0.12
SHOT,6.17,9.86,86.38,0.83,5,1,1,5/12,,9.8-9.9,0.2,0.0,0.1,0.1,Sell ALL,14.79 thousand,Financial Services,Shell Companies,1,9.85,14.57,1.0,0.68,2.5
IRD,6.2,4.58,-3.68,74.86,-2,-0.53,-4.0,-2/13,buy,1.7-7.07,20.31,35.0,20.0,16.5,Sell ALL,1.53 million,Healthcare,Biotechnology,0.576,4.37,5.45,0.95,0.84,0.45
ITUB,6.21,8.59,30.74,15.23,3,0.01,0.08,3/13,buy,6.543689-9.6,14.38,11.0,10.2,9.54,Buy time,27.38 million,Financial Services,Banks - Regional,0.144,8.16,9.89,0.95,0.87,0.49
WEYS,6.23,50.89,102.23,82.41,4,1,1,4/13,,27.25-51.5,10.02,1.0,0.1,0.1,Buy time,28.79 thousand,Consumer Cyclical,Footwear & Accessories,0.866,43.98,53.9,0.86,0.94,0.36
LUNA,6.32,1.34,183.64,26.35,5,1,1,5/10,,0.62-1.75,2.24,23.0,0.1,0.1,Sell,23.94 thousand,Technology,Scientific & Technical Instruments,1.918,1.3,1.6,0.97,0.84,0.85
AKA,6.34,10.85,114.14,-7.37,0,0.4,0.98,0/13,buy,8.42-16.38,3.13,34.0,30.0,24.88,- +Buy time -,3.89 thousand,Consumer Cyclical,Apparel Retail,1.386,11.07,14.46,1.02,0.75,1.99
SPMA,6.41,24.98,99.93,4.24,5,1,1,5/13,,24.7-25.44,0.54,2.0,0.1,0.1,Sell,3.83 thousand,Financial Services,Asset Management,1.138,24.9,31.19,1.0,0.8,2.5
MVBF,6.41,30.46,83.99,23.0,7,0.61,1.8,7/13,strongBuy,23.99-31.99,-0.19,5.0,34.0,34.0,Buy,53.44 thousand,Financial Services,Banks - Regional,0.798,30.24,36.99,0.99,0.82,0.42
EDU,6.42,55.44,27.16,33.82,6,0.2,0.32,6/13,buy,44.25-64.97,4.04,15.0,90.0,81.81,- Buy time -,709.40 thousand,Consumer Defensive,Education & Training Services,0.228,54.46,64.86,0.98,0.85,0.27
BBD,6.47,3.65,47.76,19.83,2,0.0,0.02,2/13,hold,2.98-4.3,15.44,15.0,5.5,4.9,Buy time,30.47 million,Financial Services,Banks - Regional,0.221,3.48,4.2,0.95,0.87,0.54
REXR,6.53,36.69,144.68,24.51,5,0.19,0.73,5/13,hold,32.14-44.38,3.4,17.0,45.0,42.69,Sell ALL,2.77 million,Real Estate,REIT - Industrial,1.202,36.79,44.57,1.0,0.82,0.17
MLR,6.53,54.39,109.68,33.94,8,0.08,-0.11,8/13,buy,35.72-59.7,-3.71,9.0,64.0,61.0,Buy,89.15 thousand,Consumer Cyclical,Auto Parts,1.137,54.11,64.99,0.99,0.84,0.13
EPRX,6.58,7.24,45.97,33.03,1,0.0,0.0,1/13,buy,5.25-9.32,5.8,22.0,25.0,20.68,Sell ALL,668.02 thousand,Healthcare,Biotechnology,1.487,7.37,10.35,1.02,0.7,1.59
VLGEA,6.59,46.0,62.57,21.81,8,0.09,0.34,8/13,,30.08-48.21,7.47,5.0,0.1,0.1,Buy time,54.01 thousand,Consumer Defensive,Grocery Stores,0.442,43.69,53.31,0.95,0.86,0.16
FLD,6.62,0.54,-1.25,76.78,-1,0.03,0.21,-1/13,buy,0.355-4.24,15.9,87.0,4.185,3.14,Sell,184.53 thousand,Financial Services,Capital Markets,0.374,0.52,0.64,0.96,0.84,1.03
NWSA,6.62,28.69,86.38,21.11,7,0.13,0.57,7/13,buy,22.2-31.66,0.3,9.0,43.0,39.58,Sell ALL,3.87 million,Communication Services,Entertainment,0.923,29.17,35.19,1.02,0.82,0.16
XBP,6.62,3.16,42.55,104.94,-4,0,0,-4/13,,2.0-8.55,17.85,63.0,5.0,5.0,Sell ALL,25.60 thousand,Technology,Software - Infrastructure,1,3.09,3.79,0.98,0.83,2.5
CLS,6.62,387.32,80.83,28.12,3,0.27,0.12,3/13,buy,230.24-474.03,12.11,18.0,550.0,511.96,Buy time,2.81 million,Technology,Electronic Components,1.464,344.31,420.26,0.89,0.92,0.34
SAZ,6.69,25.25,86.9,4.95,9,1,1,9/13,,24.96-25.95,0.24,3.0,0.1,0.1,- Buy time -,9.20 thousand,N/A,N/A,1,25.17,32.59,1.0,0.77,0.86
TECH,6.71,72.4,113.52,5.32,8,-0.0,-0.01,8/13,hold,43.2-72.69,0.01,0.0,73.0,71.75,Sell,3.83 million,Healthcare,Biotechnology,1.275,72.18,88.19,1.0,0.82,0.13
PEGA,6.73,33.93,117.54,30.13,4,-0.31,-0.53,4/13,hold,25.1-68.1,6.13,50.0,54.85876,48.13,Sell ALL,2.70 million,Technology,Software - Application,0.89,33.6,40.71,0.99,0.83,0.29
MTVA,6.74,1.54,68.49,18.49,0,-0.08,-0.1,0/13,strongBuy,0.966-14.85,3.9,90.0,30.0,24.67,Sell ALL,756.66 thousand,Healthcare,Biotechnology,0.941,1.7,4.02,1.1,0.38,2.5
CPAC,6.8,12.32,19.25,10.3,8,0,0,8/13,hold,6.25-12.74,4.22,3.0,13.0,12.9,Sell ALL,34.24 thousand,Basic Materials,Building Materials,0.116,12.28,14.96,1.0,0.82,0.48
XMTR,6.8,102.53,154.33,41.15,2,0.03,0.28,2/13,buy,35.86-107.93,12.48,5.0,126.0,119.05,Buy time,777.57 thousand,Industrials,Industrial Distribution,1.32,95.52,114.49,0.93,0.9,0.2
LIEN,6.8,9.5,51.63,6.54,7,0.03,0.09,7/13,buy,8.92-11.27,3.5,16.0,11.0,11.0,Sell ALL,57.85 thousand,Financial Services,Asset Management,0.286,9.66,12.3,1.02,0.77,0.7
SHO,6.81,11.39,110.82,10.59,6,-0.62,2.17,6/13,hold,8.69-12.07,5.15,6.0,13.0,12.48,Buy time,2.40 million,Real Estate,REIT - Hotel & Motel,0.979,11.2,13.39,0.98,0.85,0.26
AMGN,6.85,403.04,93.56,28.26,9,1.05,0.2,9/13,hold,288.0-447.03,-4.05,10.0,500.0,445.47,Buy time,2.66 million,Healthcare,Drug Manufacturers - General,0.426,400.35,482.02,0.99,0.84,0.17
AMTB,6.9,29.56,80.23,46.96,7,0.14,0.35,7/13,strongBuy,15.62-30.6,1.83,3.0,33.5,32.69,Buy time,441.28 thousand,Financial Services,Banks - Regional,0.828,28.7,34.81,0.97,0.85,0.34
AUBN,6.91,26.98,42.86,13.16,6,0.04,0.12,6/13,,21.01-28.88,3.65,7.000000000000001,0.1,0.1,Sell ALL,1.40 thousand,Financial Services,Banks - Regional,0.446,26.54,32.44,0.98,0.83,2.5
AMRX,6.91,20.3,133.37,48.21,3,0.17,0.9,3/13,strongBuy,9.56-21.175,9.26,4.0,27.0,24.86,Buy time,2.77 million,Healthcare,Drug Manufacturers - Specialty & Generic,1.242,18.37,23.09,0.9,0.88,0.38
HRTG,6.97,33.99,103.56,59.78,7,0.47,0.42,7/13,strongBuy,20.48-36.5,-0.53,7.000000000000001,42.0,40.5,Sell ALL,306.28 thousand,Financial Services,Insurance - Property & Casualty,0.924,32.56,39.16,0.96,0.87,0.29
PROV,7.04,18.31,44.37,18.15,8,-0.01,-0.0,8/13,hold,14.95-18.99,1.97,4.0,19.0,18.75,Sell ALL,16.04 thousand,Financial Services,Banks - Regional,0.321,18.1,21.77,0.99,0.84,0.75
XRX,7.05,3.02,237.04,40.56,3,0.4,2.55,3/13,hold,1.19-3.82,3.08,21.0,5.0,4.41,Sell ALL,2.54 million,Industrials,Business Equipment & Supplies,2.46,3.11,3.74,1.03,0.81,0.14
EPAM,7.09,108.29,117.89,63.83,3,0.35,0.11,3/13,hold,73.06-222.53,8.83,51.0,200.0,161.41,Sell ALL,1.56 million,Technology,Information Technology Services,1.383,106.17,130.26,0.98,0.83,0.12
RUM,7.13,7.57,204.9,67.95,5,-0.21,-2.13,5/13,strongBuy,4.62-10.595,-8.78,28.999999999999996,22.0,22.0,Sell ALL,4.35 million,Communication Services,Internet Content & Information,1.217,7.66,9.16,1.01,0.83,0.29
TAK,7.13,17.86,27.44,16.98,9,1,1,9/13,buy,12.99-19.1,2.69,6.0,22.948996,22.47,Sell ALL,2.75 million,Healthcare,Drug Manufacturers - Specialty & Generic,0.1,17.81,21.45,1.0,0.83,0.15
CVE,7.21,32.4,113.02,53.33,7,0.08,0.17,7/13,buy,15.63-34.16,1.3,5.0,40.0,38.5,- Buy time -,7.69 million,Energy,Oil & Gas Integrated,0.499,30.71,37.2,0.95,0.87,0.2
CYRX,7.32,17.43,188.55,36.28,2,-0.02,-0.07,2/13,buy,7.61-18.06,12.11,3.0,25.0,22.33,Sell ALL,656.05 thousand,Industrials,Integrated Freight & Logistics,1.896,16.23,19.92,0.93,0.87,0.24
HEPA,7.34,0.08,123.0,132.79,-1,69.27,0.5,-1/13,,0.034-0.123,7.41,34.0,0.1,0.1,Buy time,23.19 thousand,Healthcare,Biotechnology,1.758,0.07,0.09,0.88,0.89,2.5
FSM,7.36,11.25,223.77,92.96,3,-0.08,-0.26,3/13,strongBuy,7.69-13.85,4.27,19.0,14.5,14.5,Sell ALL,5.63 million,Basic Materials,Gold,2.21,10.7,13.02,0.95,0.86,0.19
BPRN,7.36,43.72,52.97,44.79,8,0.23,0.26,8/13,hold,29.695-44.495,2.2,2.0,48.0,47.38,Buy time,27.41 thousand,Financial Services,Banks - Regional,0.461,42.2,51.48,0.97,0.85,0.58
WDAY,7.41,186.14,142.15,87.53,7,0.28,0.11,7/13,hold,110.36-247.4,-2.71,25.0,275.0,241.63,Sell ALL,4.11 million,Technology,Software - Application,1.082,178.38,212.79,0.96,0.87,0.11
NOG,7.46,23.83,111.25,62.33,9,0.07,0.1,9/13,hold,17.18-31.17,-5.06,24.0,38.0,34.22,Buy,2.99 million,Energy,Oil & Gas E&P,0.754,23.41,28.2,0.98,0.85,0.03
CLDT,7.58,13.68,170.71,27.19,6,0.07,0.46,6/13,buy,6.08-13.89,5.82,2.0,15.0,14.58,Buy time,281.38 thousand,Real Estate,REIT - Hotel & Motel,1.095,13.15,15.85,0.96,0.86,0.09
CSAN,7.6,3.01,186.76,146.34,0,1,1,0/2,hold,2.38-5.61,0.0,46.0,4.096662,3.73,- Buy time -,505.86 thousand,Energy,Oil & Gas Refining & Marketing,0.485,3.0,3.59,1.0,0.84,2.5
MEDP,7.61,599.47,122.86,33.64,8,0.57,0.14,8/13,hold,373.0-677.9,0.39,12.0,692.0,640.96,Sell ALL,354.76 thousand,Healthcare,Diagnostics & Research,1.149,604.33,764.97,1.01,0.78,0.41
PBR,7.69,21.65,55.68,67.62,4,0.19,0.12,4/13,buy,11.43-22.24,15.7,3.0,31.0,26.98,Buy,23.05 million,Energy,Oil & Gas Integrated,1,19.16,23.15,0.88,0.94,0.12
EBS,7.76,6.33,132.79,-31.19,-1,0.95,6.29,-1/13,buy,4.36-14.06,28.91,55.00000000000001,12.0,11.5,mere Sell (some bought),1.26 million,Healthcare,Drug Manufacturers - Specialty & Generic,2.337,6.55,7.54,1.03,0.84,0.34
LINK,7.79,5.95,228.01,109.71,5,0,0,5/13,,2.66-8.933333,4.2,33.0,0.1,0.1,- Buy time -,27.62 thousand,Technology,Electronic Components,1.061,5.36,6.56,0.9,0.91,0.62
MATX,7.82,231.11,146.9,31.98,7,0.69,0.27,7/13,buy,86.97-240.87,4.83,4.0,270.0,266.88,Sell ALL,295.54 thousand,Industrials,Marine Shipping,1.264,220.87,267.89,0.96,0.86,0.12
DXC,7.86,11.1,109.09,41.61,7,0.02,-0.02,7/13,hold,7.9-15.68,6.4,28.999999999999996,14.0,12.61,- Buy time -,2.93 million,Technology,Information Technology Services,0.803,10.93,13.17,0.98,0.84,0.13
SBFG,7.86,29.4,44.74,37.14,8,0.07,0.11,8/13,buy,18.16-32.93,7.82,11.0,29.0,29.0,Sell ALL,19.70 thousand,Financial Services,Banks - Regional,0.189,27.97,33.56,0.95,0.88,0.42
SONO,7.89,17.7,175.77,67.65,3,0.04,-2.65,3/13,buy,12.44-19.82,12.71,11.0,21.0,19.81,Buy time,1.97 million,Technology,Consumer Electronics,1.935,15.84,19.37,0.89,0.91,0.22
VCTR,7.97,113.23,212.46,67.19,8,0.61,0.35,8/13,hold,57.03-123.55,-4.46,8.0,123.0,118.92,Buy time,667.69 thousand,Financial Services,Asset Management,1.106,108.38,130.45,0.96,0.87,0.25
CULP,8.1,3.89,134.89,57.6,2,-0.56,-1.68,2/13,strongBuy,2.7-4.44,13.88,12.0,0.1,0.1,Buy,64.56 thousand,Consumer Cyclical,Textile Manufacturing,1.211,3.61,5.64,0.93,0.69,2.5
COHU,8.16,73.48,272.93,128.25,-1,0.1,0.19,-1/13,buy,18.67-74.6901,14.78,2.0,80.0,75.44,Buy time,1.20 million,Technology,Semiconductor Equipment & Materials,1.586,56.34,67.62,0.77,1.09,0.58
AQST,8.22,4.55,131.16,21.51,5,0.13,1.1,5/13,buy,2.93-7.55,5.71,40.0,11.0,10.17,Sell ALL,3.13 million,Healthcare,Drug Manufacturers - Specialty & Generic,1.471,4.56,5.53,1.0,0.82,0.47
PRCH,8.36,17.31,347.95,51.22,3,0.14,4.5,3/13,buy,6.36-18.37,3.18,6.0,25.0,22.89,Buy time,1.65 million,Financial Services,Insurance - Property & Casualty,3.155,15.94,19.33,0.92,0.9,0.27
CLFD,8.36,33.48,220.45,9.03,4,-0.07,-5.1,4/13,buy,23.76-52.73,12.01,37.0,45.0,42.62,Buy time,193.55 thousand,Technology,Communication Equipment,2.111,31.0,37.16,0.93,0.9,0.27
BALY,8.36,14.09,124.42,62.66,-1,-1.52,-2.39,-1/13,hold,8.44-20.74,26.83,32.0,11.0,10.17,Buy time,126.36 thousand,Consumer Cyclical,Resorts & Casinos,1,12.36,15.45,0.88,0.91,1.47
VEEE,8.44,10.87,-112.42,1073.19,-14,1,1,-14/13,,4.16-127.65,1.2,91.0,74.00007,74.0,mere Buy (some sold),8.32 million,Consumer Cyclical,Recreational Vehicles,0.962,14.22,167.21,1.31,0.07,2.5
GME,8.45,24.7,211.67,38.47,2,0.0,0.0,2/13,strongBuy,17.79-26.88,25.51,8.0,0.1,0.1,Buy time,7.56 million,Consumer Cyclical,Specialty Retail,1.714,21.03,25.79,0.85,0.96,0.25
NET,8.52,349.07,154.81,66.16,5,0.04,0.15,5/13,buy,158.83-367.43,12.05,5.0,405.0,371.85,Sell ALL,3.62 million,Technology,Software - Infrastructure,1.664,310.01,377.31,0.89,0.93,0.2
PANL,8.59,8.43,145.27,55.04,6,0.12,10.1,6/13,buy,4.54-9.39,10.14,10.0,11.5,11.18,Sell ALL,435.75 thousand,Industrials,Marine Shipping,0.778,7.82,9.35,0.93,0.9,0.09
NTWK,8.59,5.95,52.71,79.86,0,1,1,0/13,,2.73-6.09,31.93,2.0,0.1,0.1,Buy time,34.97 thousand,Technology,Software - Application,0.931,4.5,6.37,0.76,0.93,1.7
HGTY,8.59,13.61,119.19,32.99,8,0.02,-3.08,8/13,hold,9.36-14.17,5.51,4.0,16.0,15.25,- Buy time -,299.57 thousand,Financial Services,Insurance - Property & Casualty,0.81,13.2,16.71,0.97,0.81,0.54
PXLW,8.6,7.03,171.53,35.0,8,-0.32,-2.06,8/13,buy,4.84-15.42,3.27,54.0,10.0,10.0,- +Buy time -,38.16 thousand,Technology,Semiconductors,1.524,6.76,8.25,0.96,0.85,0.07
BST,8.66,51.33,105.21,37.01,10,1,1,10/13,,34.865-52.32,7.38,2.0,0.1,0.1,Buy time,111.30 thousand,Financial Services,Asset Management,1,47.39,58.45,0.92,0.88,0.54
ELME,8.68,1.76,74.99,33.78,10,-1.37,-39.73,10/13,hold,1.26-17.68,8.52,90.0,0.1,0.1,Buy time,1.13 million,Real Estate,REIT - Residential,0.797,1.65,2.04,0.94,0.86,0.69
MYGN,8.7,4.54,137.61,-32.51,0,-0.21,-3.67,0/13,hold,2.74-8.59,32.82,47.0,8.0,5.96,Buy time,1.76 million,Healthcare,Diagnostics & Research,1.682,4.27,5.06,0.94,0.9,0.19
WT,8.72,24.38,165.66,70.8,7,0.07,0.25,7/13,buy,10.69-25.91,5.29,6.0,29.0,27.66,Buy time,2.56 million,Financial Services,Asset Management,1.202,22.47,27.32,0.92,0.89,0.28
ELF,8.73,104.68,173.11,95.26,5,1.06,1.56,5/13,buy,48.82-147.75,10.53,28.999999999999996,127.0,115.09,Buy time,2.14 million,Consumer Defensive,Household & Personal Products,1.595,94.27,114.68,0.9,0.91,0.08
GAP,8.76,22.51,236.22,54.59,3,0.04,0.07,3/13,hold,18.11-29.36,10.35,23.0,42.0,34.26,Buy time,8.16 million,Consumer Cyclical,Apparel Retail,2.059,20.87,25.73,0.93,0.87,0.26
RDVT,8.84,79.27,252.01,50.76,3,0.3,0.93,3/13,buy,33.4-81.795,14.17,3.0,90.0,87.25,Buy time,243.51 thousand,Technology,Software - Application,1.804,72.17,87.93,0.91,0.9,0.29
MDXG,8.87,4.59,138.59,20.52,7,-0.03,-0.83,7/13,buy,3.03-7.97,8.71,42.0,8.0,7.7,Sell ALL,1.16 million,Healthcare,Biotechnology,1.424,4.5,5.41,0.98,0.85,0.16
PK,8.92,15.53,163.94,35.55,8,0.14,0.86,8/13,hold,9.84-16.2,4.96,4.0,20.5,18.28,Buy time,4.07 million,Real Estate,REIT - Hotel & Motel,1.334,14.96,17.84,0.96,0.87,0.28
AFGC,9.0,18.53,91.74,15.39,11,1,1,11/13,,17.55-20.7,5.02,10.0,0.1,0.1,Sell ALL,19.45 thousand,N/A,N/A,1,17.95,22.86,0.97,0.81,1.13
NDSN,9.08,333.54,121.14,42.69,9,0.2,0.07,9/13,buy,223.29-339.12,7.39,2.0,375.0,362.36,Buy time,340.08 thousand,Industrials,Specialty Industrial Machinery,0.972,311.14,373.92,0.93,0.89,0.12
FLXS,9.1,88.82,84.18,65.42,5,0.57,0.68,5/13,buy,34.0-90.65,20.45,2.0,80.0,79.75,Buy time,82.31 thousand,Consumer Cyclical,Furnishings, Fixtures & Appliances,0.586,79.1,97.3,0.89,0.91,0.43
EICA,9.25,24.97,26.72,3.38,12,1,1,12/13,,24.512-25.92,0.48,4.0,0.1,0.1,Buy time,4.43 thousand,Financial Services,Asset Management,0.299,24.87,31.14,1.0,0.8,2.5
SB,9.26,8.81,144.73,69.72,8,0.16,1.3,8/13,buy,4.14-9.31,8.06,5.0,9.8,9.65,== less Sell ALL==,1.19 million,Industrials,Marine Shipping,1,8.09,9.95,0.92,0.89,0.16
RDI,9.31,1.97,77.47,126.97,6,0.0,-0.6,6/13,,0.94-2.41,10.94,18.0,0.1,0.1,Sell ALL,75.63 thousand,Communication Services,Entertainment,0.84,1.76,2.21,0.89,0.89,1.97
LTC,9.47,43.0,77.78,28.68,11,0.05,0.1,11/13,hold,33.64-43.6,6.21,1.0,55.0,50.5,- Buy time -,565.32 thousand,Real Estate,REIT - Healthcare Facilities,0.577,41.23,49.92,0.96,0.86,0.14
PUBM,9.6,18.42,184.78,100.37,6,0.19,13.35,6/13,buy,6.15-19.48,6.24,5.0,24.0,22.5,Buy time,855.04 thousand,Technology,Software - Application,1.581,16.21,20.62,0.88,0.89,0.87
ELPC,9.64,12.86,43.56,30.7,7,0.14,1.17,7/13,buy,8.255-13.697,17.57,6.0,22.0,19.5,Buy time,537.87 thousand,Utilities,Utilities - Regulated Electric,0.264,11.89,14.45,0.92,0.89,0.44
AMD,9.7,633.91,266.03,62.07,1,0.13,0.09,1/13,buy,188.22-645.46,20.18,2.0,1250.0,934.75,- +Buy time -,25.46 million,Technology,Semiconductors,2.476,528.24,644.81,0.83,0.98,0.08
GDYN,9.71,8.02,112.06,86.85,9,0.01,0.12,9/13,buy,5.11-10.21,6.48,21.0,12.0,10.6,- Buy time -,1.40 million,Technology,Information Technology Services,0.893,7.39,8.97,0.92,0.89,0.14
NDRA,9.96,6.06,-30.75,76.49,0,-0.19,-0.28,0/13,,2.96-9.85,25.91,38.0,25.0,25.0,Sell ALL,60.31 thousand,Healthcare,Diagnostics & Research,1,5.36,7.24,0.88,0.84,2.5
UMC,10.03,26.27,206.28,26.02,3,0.43,2.85,3/13,strongSell,6.97-28.96,25.66,9.0,33.75796,26.12,Buy time,13.93 million,Technology,Semiconductors,1.703,21.79,26.29,0.83,1.0,0.19
MNRO,10.03,14.18,153.4,-18.77,5,-0.22,-6.71,5/13,hold,11.06-23.91,18.48,41.0,40.0,31.0,Buy time,1.00 million,Consumer Cyclical,Auto Parts,1.055,13.95,16.43,0.98,0.86,0.13
SHIP,10.06,17.82,147.99,60.26,9,0.5,0.85,9/13,buy,7.66-19.22,5.98,7.000000000000001,28.0,25.62,Sell ALL,374.70 thousand,Industrials,Marine Shipping,0.978,16.94,20.81,0.95,0.86,0.39
NUTX,10.24,216.5,308.44,55.16,4,4.61,0.93,4/13,buy,83.99-224.28,12.97,3.0,325.0,306.6,- Buy time -,172.39 thousand,Healthcare,Medical Care Facilities,2.024,189.96,230.65,0.88,0.94,0.31
RIGL,10.32,47.15,141.1,28.08,9,0.53,12.17,9/13,buy,24.95-52.24,9.97,10.0,85.0,74.0,Buy time,295.24 thousand,Healthcare,Biotechnology,1.198,44.18,52.31,0.94,0.9,0.18
CERT,10.35,9.36,245.37,95.0,5,-0.03,-0.27,5/13,hold,4.45-13.69,14.53,32.0,10.0,9.24,Buy time,3.30 million,Healthcare,Health Information Services,1.408,8.08,9.68,0.86,0.97,0.35
ANGI,10.38,6.05,195.09,14.17,2,-5.7,-54.44,2/13,hold,4.26-16.49,26.28,63.0,14.0,11.0,Buy time,795.86 thousand,Communication Services,Internet Content & Information,1.608,5.43,6.45,0.9,0.94,0.2
HPE,10.42,69.33,219.17,125.56,4,0.43,0.66,4/13,buy,19.84-70.29,17.11,1.0,92.0,81.9,Buy time,21.57 million,Technology,Communication Equipment,1.442,55.63,67.75,0.8,1.02,0.21
SID,10.45,1.16,215.0,70.18,3,-0.41,-4.5,3/13,hold,0.84-2.2,22.41,47.0,1.5,1.32,Sell ALL,5.24 million,Basic Materials,Steel,1.435,1.08,1.33,0.93,0.87,0.57
SES,10.45,0.88,64.28,59.88,-1,0.0,0.07,-1/13,buy,0.491-3.73,35.68,76.0,4.0,3.27,Buy time,23.94 million,Consumer Cyclical,Auto Parts,1.002,0.64,0.8,0.73,1.1,0.96
CRDF,10.45,1.12,204.08,14.5,3,-0.04,-0.33,3/13,hold,0.76-3.31,19.64,66.0,12.0,8.91,Sell ALL,824.29 thousand,Healthcare,Biotechnology,1.455,1.14,1.36,1.02,0.82,0.46
MFIN,10.53,11.91,102.91,53.3,12,-0.01,-0.07,12/13,hold,7.85-12.26,6.8,3.0,12.0,11.75,Sell ALL,62.66 thousand,Financial Services,Credit Services,0.793,11.2,13.36,0.94,0.89,0.29
PPIH,10.56,31.86,73.06,69.35,9,-0.24,-0.44,9/13,buy,22.13-36.72,16.48,13.0,38.0,38.0,- Buy time -,84.76 thousand,Industrials,Building Products & Equipment,0.598,27.96,34.16,0.88,0.93,0.25
ADPT,10.58,28.35,220.3,91.09,6,-0.09,-0.67,6/13,buy,12.0-29.96,12.63,5.0,35.0,31.66,Buy time,2.66 million,Healthcare,Diagnostics & Research,2.096,25.19,31.41,0.89,0.9,0.54
VEEV,10.59,273.33,164.33,103.54,7,0.23,0.11,7/13,buy,148.05-310.5,12.8,12.0,350.0,323.65,- Buy time -,1.88 million,Healthcare,Health Information Services,0.974,243.83,293.65,0.89,0.93,0.45
EAF,10.65,9.44,181.67,140.53,4,-0.79,-0.79,4/13,hold,4.92-20.32,22.03,54.0,9.0,8.5,- +Buy time -,453.07 thousand,Industrials,Electrical Equipment & Parts,1.855,7.75,9.6,0.82,0.98,0.26
SAFT,10.75,103.92,20.25,92.99,17,0.01,-0.02,17/13,,67.04-104.01,1.42,0.0,0.1,0.1,Buy time,178.86 thousand,Financial Services,Insurance - Property & Casualty,0.175,96.79,115.37,0.93,0.9,0.3
MXL,10.8,105.93,417.99,115.38,0,0.06,0.32,0/13,buy,12.77-128.3,19.98,17.0,125.0,109.77,Buy time,3.58 million,Technology,Semiconductors,3.945,80.61,102.48,0.76,1.03,0.21
BAFN,10.85,7.76,167.46,99.17,7,1,1,7/13,,4.259-10.52,21.39,26.0,0.1,0.1,mere Sell (some bought),82.31 thousand,Financial Services,Banks - Regional,0.375,7.18,9.23,0.93,0.84,0.54
DNA,10.89,12.35,105.06,111.52,0,-0.08,-0.08,0/13,hold,5.37-17.58,43.97,30.0,9.0,8.0,Buy time,1.37 million,Healthcare,Biotechnology,1.768,8.27,10.42,0.67,1.19,0.32
TNK,10.93,103.1,35.68,96.37,11,0.18,0.05,11/13,buy,47.18-103.98,13.57,1.0,115.0,104.4,Buy,477.27 thousand,Energy,Oil & Gas Midstream,1,87.49,104.93,0.85,0.98,0.26
RBRK,10.96,118.58,244.74,106.31,6,0.35,10.78,6/13,buy,42.25-118.82,14.81,0.0,139.0,129.57,Buy time,3.70 million,Technology,Software - Infrastructure,1.243,95.53,114.86,0.81,1.03,0.17
VLO,11.08,406.3,146.44,94.87,9,3.47,0.57,9/13,hold,155.29-419.04,14.55,3.0,457.0,412.32,- Buy time -,3.12 million,Energy,Oil & Gas Refining & Marketing,0.568,349.17,417.34,0.86,0.97,0.05
AFGD,11.21,22.1,95.27,36.89,13,1,1,13/13,,19.2-22.86,11.81,3.0,0.1,0.1,Buy time,19.96 thousand,N/A,N/A,1,20.33,27.09,0.92,0.82,0.87
CFFI,11.25,98.3,53.84,59.13,11,1,1,11/13,buy,64.71-100.1,12.99,2.0,115.0,115.0,- Buy time -,45.00 thousand,Financial Services,Banks - Regional,0.346,89.26,139.44,0.91,0.7,0.83
NVAX,11.46,10.46,213.26,37.0,4,0.24,0.92,4/13,buy,6.2-11.97,22.85,13.0,25.0,19.5,Buy time,4.52 million,Healthcare,Biotechnology,2.45,9.15,11.12,0.87,0.94,0.26
CRT,11.61,11.77,27.19,71.08,15,1,1,15/13,,7.07-13.15,11.26,10.0,0.1,0.1,Sell,24.03 thousand,Energy,Oil & Gas E&P,1,10.74,13.18,0.91,0.89,0.7
DOCS,11.69,27.93,190.04,74.56,7,-0.03,-0.12,7/13,hold,17.15-73.92,12.21,62.0,47.0,38.33,Buy time,7.93 million,Healthcare,Health Information Services,1.248,26.09,36.57,0.93,0.76,1.27
TK,11.8,14.84,51.92,77.25,15,1,1,15/13,,7.8-14.93,13.41,1.0,0.1,0.1,- Buy time -,633.03 thousand,Energy,Oil & Gas Midstream,0.154,12.78,15.22,0.86,0.98,0.18
S,12.05,25.06,187.84,95.23,10,0.03,0.99,10/13,buy,11.81-25.75,12.93,3.0,29.0,26.74,Buy time,8.85 million,Technology,Software - Infrastructure,0.772,21.46,26.02,0.86,0.96,0.25
SMTI,12.08,34.85,115.73,99.63,13,0.42,3.41,13/13,hold,16.05-35.34,2.44,1.0,35.0,35.0,Sell ALL,213.17 thousand,Healthcare,Medical Instruments & Supplies,1.158,32.06,38.98,0.92,0.89,1.4
FPI,12.18,11.24,92.78,42.48,13,-0.04,-1.37,13/13,hold,9.21-13.225,13.68,15.0,10.5,10.5,Buy time,640.44 thousand,Real Estate,REIT - Specialty,0.706,10.21,12.71,0.91,0.88,0.57
USIO,12.42,2.93,215.39,103.66,5,0.04,3.5,5/13,buy,1.03-3.06,16.38,4.0,6.75,6.33,Buy time,486.48 thousand,Technology,Software - Infrastructure,1.349,2.5,3.17,0.85,0.92,1.12
INSW,12.81,115.81,95.44,82.95,12,1.82,0.56,12/13,buy,42.26-116.13,19.17,0.0,130.0,119.67,- Buy time -,705.71 thousand,Energy,Oil & Gas Midstream,1,97.25,118.56,0.84,0.98,0.13
AVTR,13.07,15.34,220.05,118.44,11,0.03,0.19,11/13,hold,7.265-16.05,11.99,4.0,19.0,16.78,- Buy time -,9.28 million,Healthcare,Medical Instruments & Supplies,0.895,13.65,16.78,0.89,0.91,0.2
RGEN,13.19,181.7,185.23,74.75,14,0.18,0.43,14/13,buy,100.99-198.87,6.97,9.0,225.0,207.35,Buy time,1.33 million,Healthcare,Medical Instruments & Supplies,1.048,167.53,209.22,0.92,0.87,0.46
XP,13.22,21.5,186.12,86.97,8,0.01,0.0,8/13,buy,14.8-23.13,26.98,7.000000000000001,25.689255,24.37,Buy time,7.54 million,Financial Services,Capital Markets,1.104,18.11,22.26,0.84,0.97,0.18
III,13.22,5.7,141.99,96.5,12,0.03,0.31,12/13,strongBuy,3.74-6.45,14.09,12.0,9.0,7.9,Buy time,279.49 thousand,Technology,Information Technology Services,1.119,4.91,5.93,0.86,0.96,0.26
NAT,13.34,8.42,95.18,94.64,12,-0.04,-0.21,12/13,buy,3.1-8.43,22.01,0.0,8.0,7.25,Buy time,4.47 million,Energy,Oil & Gas Midstream,1,6.9,8.34,0.82,1.01,0.23
TITN,13.98,25.42,200.82,93.64,8,-0.06,-0.14,8/13,buy,13.21-26.9,28.76,6.0,29.0,27.12,Buy time,233.15 thousand,Industrials,Industrial Distribution,1.438,20.96,25.56,0.82,0.99,0.45
DINO,13.99,113.36,172.54,98.23,13,1.56,14.29,13/13,hold,45.71-118.39,16.21,4.0,145.0,125.07,- Buy time -,3.01 million,Energy,Oil & Gas Refining & Marketing,0.695,98.1,117.6,0.87,0.96,0.07
DHT,14.39,23.68,62.07,92.32,15,0.1,0.1,15/13,hold,10.83-23.72,20.19,0.0,28.0,24.93,- Buy time -,3.86 million,Energy,Oil & Gas Midstream,1,19.65,23.78,0.83,1.0,0.18
ATRC,14.95,55.14,218.02,132.56,12,0.22,7.5,12/13,buy,25.36-61.7,18.81,11.0,65.0,59.94,Sell ALL,1.07 million,Healthcare,Medical Instruments & Supplies,1.264,46.24,55.87,0.84,0.99,0.33
TRMD,15.12,40.0,126.56,101.8,12,-0.7,-0.21,12/13,buy,19.3-40.0,28.73,0.0,45.0,43.25,Buy time,1.10 million,Energy,Oil & Gas Midstream,0.039,31.48,39.1,0.79,1.02,0.27
GTLB,15.35,49.78,202.69,120.84,13,0.09,0.46,13/13,hold,18.73-55.55,18.6,10.0,70.0,62.85,Sell ALL,5.03 million,Technology,Software - Infrastructure,0.992,42.12,51.21,0.85,0.97,0.31
KOD,15.52,94.45,138.95,426.79,-5,-0.02,-0.03,-5/13,buy,10.94-104.0,56.61,9.0,145.0,130.83,Buy,1.04 million,Healthcare,Biotechnology,2.18,44.89,63.39,0.48,1.49,0.78
LVWR,15.59,1.57,229.65,374.19,5,0,0,5/13,,0.648-6.44,26.75,76.0,0.1,0.1,Buy,2.89 million,Consumer Cyclical,Recreational Vehicles,1.607,1.38,2.38,0.88,0.66,1.65
PACB,16.04,2.54,204.89,210.13,1,0.0,-0.02,1/13,buy,1.07-2.73,52.36,7.000000000000001,3.0,2.58,Buy time,10.84 million,Healthcare,Medical Devices,2.31,1.48,1.98,0.58,1.28,0.85
AEMD,16.43,6.45,-33.84,662.35,-9,0.03,0.01,-9/13,hold,1.41-40.5,54.42,84.0,25.0,19.12,Buy,1.39 million,Healthcare,Medical Devices,1.399,3.38,12.09,0.52,0.53,2.5
MSTR,16.44,160.01,365.2,163.95,2,-50.44,-10.45,2/13,buy,81.81-365.21,38.95,56.00000000000001,435.0,335.9,== less Sell ALL==,24.53 million,Technology,Software - Application,3.597,120.32,156.47,0.75,1.02,0.24
PMVP,16.98,1.79,219.71,101.72,6,0.1,0.27,6/13,buy,1.02-1.91,30.17,6.0,5.0,4.6,Buy time,1.30 million,Healthcare,Biotechnology,1.367,1.39,2.01,0.78,0.89,2.5
BTBD,18.38,1.87,180.3,155.18,14,1,1,14/13,,1.03-2.48,34.76,25.0,0.1,0.1,Buy time,27.84 thousand,Consumer Cyclical,Restaurants,0.546,1.42,1.77,0.76,1.06,1.32
TISI,18.72,28.9,206.57,153.79,16,1,1,16/13,,12.34-29.57,22.63,2.0,0.1,0.1,Buy time,24.40 thousand,Industrials,Specialty Business Services,1.141,22.76,26.94,0.79,1.07,2.42
EEIQ,18.97,5.09,198.89,189.46,9,1,1,9/13,,1.9-12.7,53.0,60.0,0.1,0.1,Buy time,17.12 thousand,Consumer Defensive,Education & Training Services,1,3.12,3.98,0.61,1.28,0.91
HOWL,19.17,0.93,60.0,377.91,3,0.47,1.5,3/13,,0.27-2.15,56.25,56.99999999999999,10.0,8.5,Sell ALL,752.24 thousand,Healthcare,Biotechnology,0.51,0.67,0.82,0.72,1.13,0.66
PTIX,20.38,0.77,201.19,680.52,-2,1,1,-2/13,,0.128-3.77,53.49,79.0,0.1,0.1,Sell ALL,8.84 thousand,Healthcare,Biotechnology,1,0.58,0.81,0.75,0.95,2.5
FEAM,20.7,3.88,192.11,344.54,3,0.18,0.56,3/13,strongBuy,0.9-7.5,56.96,48.0,4.0,3.88,Buy time,997.79 thousand,Basic Materials,Specialty Chemicals,1.982,1.85,2.57,0.48,1.51,2.5
IOVA,26.15,14.22,244.17,343.72,18,-0.02,-0.05,18/13,buy,1.76-15.3,50.05,7.000000000000001,20.0,16.4,Buy time,14.87 million,Healthcare,Biotechnology,0.833,7.75,9.39,0.55,1.51,0.24
CSGP,0.02,27.38,52.87,-14.1,0,0.08,0.37,0/13,buy,25.89-85.24,-14.5,68.0,53.0,45.15,Sell ALL,6.30 million,Real Estate,Real Estate Services,0.747,30.65,36.4,1.12,0.75,0.08
HIFS,0.03,287.78,57.19,3.65,0,1,1,0/13,,248.53-338.0,-4.9,15.0,0.1,0.1,Sell ALL,39.83 thousand,Financial Services,Banks - Regional,0.822,301.61,367.16,1.05,0.78,0.16
TFSL,0.06,16.82,64.08,-2.49,-3,0.03,0.38,-3/13,hold,12.54-19.49,-2.2,14.000000000000002,18.5,18.38,Sell ALL,834.62 thousand,Financial Services,Banks - Regional,0.726,17.43,20.97,1.04,0.8,0.21
FLXR,0.11,37.76,79.1,-3.99,-2,1,1,-2/13,,37.65-39.97,-2.11,6.0,0.1,0.1,Sell ALL,695.37 thousand,N/A,N/A,1,38.39,47.5,1.02,0.79,0.66
NEON,0.15,0.92,20.93,17.9,-2,-0.02,-0.24,-2/13,,0.72-3.94,3.36,77.0,0.1,0.1,Buy time,90.98 thousand,Technology,Electronic Components,1.116,0.91,1.08,0.99,0.85,0.09
DRIO,0.18,6.46,50.21,-23.09,-3,-0.07,-0.08,-3/13,buy,5.845-16.55,-13.93,61.0,28.0,20.8,Sell ALL,26.22 thousand,Healthcare,Health Information Services,1.122,7.52,9.08,1.16,0.71,1.19
ZWS,0.24,47.67,59.25,6.07,-2,0.08,0.19,-2/13,hold,43.06-55.0,-5.54,13.0,65.0,61.5,Buy time,888.16 thousand,Industrials,Pollution & Treatment Controls,0.774,48.65,58.67,1.02,0.81,0.13
CMCM,0.4,2.7,131.98,-23.83,-1,1,1,-1/13,,2.5-9.15,-16.67,70.0,0.1,0.1,Buy,12.98 thousand,Communication Services,Internet Content & Information,1.867,3.09,4.31,1.14,0.63,2.45
WFC,0.43,80.45,79.38,-12.58,-1,0.3,0.17,-1/13,buy,72.78-97.76,-8.81,18.0,115.0,107.6,Sell ALL,14.09 million,Financial Services,Banks - Diversified,0.916,87.35,104.03,1.09,0.77,0.24
FWRD,0.46,15.91,113.52,85.86,0,1.85,11.42,0/13,hold,7.86-31.18,-21.43,49.0,27.0,26.5,- Buy time -,697.10 thousand,Industrials,Integrated Freight & Logistics,1.389,16.72,20.22,1.05,0.79,0.14
ADSK,0.48,212.0,101.73,16.29,-1,0.33,0.11,-1/13,buy,185.5-326.2,-13.98,35.0,375.0,341.27,Sell ALL,2.21 million,Technology,Software - Application,1.309,233.33,282.6,1.1,0.75,0.25
BOF,0.51,3.89,26.7,-29.74,-2,0,0,-2/13,buy,2.0-5.25,-3.08,26.0,6.0,6.0,- +Buy time -,26.09 thousand,Consumer Defensive,Packaged Foods,0.632,4.11,5.09,1.06,0.76,0.57
ALLE,0.52,154.21,80.02,37.26,-3,0.08,0.03,-3/13,hold,125.0-183.11,-4.74,16.0,202.0,190.0,- Buy time -,1.45 million,Industrials,Security & Protection Services,0.841,156.71,190.71,1.02,0.81,0.27
PHUN,0.54,2.0,198.01,-0.5,-3,0.05,0.29,-3/13,,1.56-3.132,-2.5,36.0,0.1,0.1,Sell ALL,106.98 thousand,Technology,Software - Application,2.643,2.11,2.54,1.06,0.79,0.24
CAH,0.62,228.3,26.9,-8.38,-1,0.56,0.21,-1/13,buy,151.87-258.3,-2.98,12.0,292.0,281.17,Buy,1.87 million,Healthcare,Medical Distribution,0.519,235.84,282.3,1.03,0.81,0.15
ASH,0.63,69.52,37.92,26.04,-1,0.01,0.01,-1/13,buy,47.12-78.25,-6.08,11.0,90.0,85.09,- Buy time -,757.06 thousand,Basic Materials,Specialty Chemicals,0.391,71.64,86.68,1.03,0.8,0.17
APPS,0.65,11.17,63.31,75.29,-2,0.13,1.24,-2/13,buy,2.74-15.34,-9.58,27.0,18.0,17.17,Sell ALL,3.23 million,Technology,Software - Application,2.879,11.54,14.33,1.03,0.78,0.16
FIZZ,0.69,30.32,28.87,9.01,-1,-0.13,-0.24,-1/13,sell,28.97-38.21,-2.34,21.0,31.0,31.0,Sell ALL,476.16 thousand,Consumer Defensive,Beverages - Non-Alcoholic,0.755,31.61,38.36,1.04,0.79,0.16
VERU,0.75,2.51,-79.32,-6.84,0,0.17,0.61,0/13,buy,2.05-7.33,-4.78,66.0,25.0,24.75,Buy time,250.85 thousand,Healthcare,Biotechnology,1,2.61,3.15,1.04,0.8,-0.06
ATOS,0.83,2.34,69.28,-4.98,0,0.26,0.23,0/13,strongBuy,1.7-19.35,-19.23,88.0,25.0,22.0,- Buy time -,89.54 thousand,Healthcare,Biotechnology,1.275,2.52,3.05,1.08,0.77,0.74
GEF,0.85,82.18,46.18,38.52,-1,0.53,0.48,-1/13,hold,55.75-90.57,-5.51,9.0,100.0,93.6,Sell ALL,303.83 thousand,Consumer Cyclical,Packaging & Containers,0.756,82.67,101.67,1.01,0.81,0.14
ARQ,0.95,1.94,117.23,-27.42,0,0.05,1.55,0/13,buy,1.54-7.37,-19.07,74.0,6.0,5.01,Sell ALL,245.59 thousand,Industrials,Pollution & Treatment Controls,2.856,2.19,2.63,1.13,0.74,0.53
ASA,1.0,56.69,69.87,33.82,1,1,1,1/13,,43.2-83.2,-5.19,32.0,0.1,0.1,Sell ALL,59.87 thousand,Financial Services,Asset Management,0.794,57.79,69.02,1.02,0.82,0.18
FRBA,1.03,17.79,41.47,10.79,0,-0.13,-0.28,0/13,strongBuy,14.41-19.33,-6.58,8.0,21.0,20.5,Buy,115.78 thousand,Financial Services,Banks - Regional,0.519,18.15,22.31,1.02,0.8,0.37
BWMX,1.1,16.5,65.13,-15.81,-5,0.07,0.02,-5/13,buy,12.335-19.79,3.45,17.0,29.82816,28.79,Sell,88.87 thousand,Consumer Cyclical,Specialty Retail,1.043,16.96,20.71,1.03,0.8,0.77
LCNB,1.21,18.94,55.64,24.47,-1,0.06,0.1,-1/13,hold,14.31-21.32,-3.82,11.0,22.0,21.62,- Buy time -,39.02 thousand,Financial Services,Banks - Regional,0.564,19.32,23.2,1.02,0.82,0.32
ABNB,1.22,162.43,84.05,37.81,0,0.08,-0.05,0/13,buy,110.81-193.453,-10.38,16.0,220.0,201.81,Sell ALL,5.40 million,Consumer Cyclical,Travel Services,1.161,167.85,203.6,1.03,0.8,0.25
CING,1.25,4.76,-26.42,2.25,1,-0.31,-0.6,1/13,buy,3.16-11.89,-9.45,60.0,44.0,32.6,Sell ALL,192.42 thousand,Healthcare,Biotechnology,1,5.16,6.57,1.08,0.72,-0.01
ESI,1.28,37.93,114.12,-3.99,-2,0.07,0.16,-2/13,buy,22.86-49.25,-3.17,23.0,55.0,50.73,Buy time,5.36 million,Basic Materials,Specialty Chemicals,1.261,37.44,44.52,0.99,0.85,0.16
XLO,1.3,9.01,1.62,-4.15,-1,0,0,-1/13,buy,6.468-12.586,-5.33,28.000000000000004,20.0,20.0,Sell ALL,29.77 thousand,Healthcare,Biotechnology,1,9.27,11.47,1.03,0.79,0.53
ASG,1.34,5.08,105.16,-6.69,2,1,1,2/13,,4.55-5.69,-7.87,11.0,0.1,0.1,Buy time,308.64 thousand,Financial Services,Asset Management,1.158,5.24,6.43,1.03,0.79,0.47
SLS,1.39,11.74,147.16,-20.63,-2,-0.01,-0.11,-2/13,strongBuy,1.39-15.88,-10.73,26.0,35.0,33.75,- Buy time -,8.31 million,Healthcare,Biotechnology,2.525,12.91,15.49,1.1,0.76,0.2
ICL,1.4,5.04,63.61,2.9,1,0.01,0.13,1/13,hold,4.76-6.97,-7.24,28.000000000000004,6.0,5.91,Sell ALL,1.23 million,Basic Materials,Agricultural Inputs,1.0,5.38,6.39,1.07,0.79,0.15
SUNE,1.44,2.34,152.01,98.63,-3,0,0,-3/13,,0.68-9.45,-4.7,75.0,0.1,0.1,Sell ALL,1.52 million,Technology,Solar,2.992,2.71,5.1,1.16,0.46,0.95
VCYT,1.45,45.81,42.38,-42.71,-3,0.3,0.81,-3/13,buy,29.455-60.91,8.14,25.0,70.0,64.21,Buy time,1.20 million,Healthcare,Diagnostics & Research,1.926,48.41,57.46,1.06,0.8,0.11
AMKR,1.46,56.02,178.11,-12.44,-2,0.31,0.81,-2/13,buy,28.19-96.68,-9.22,42.0,92.0,84.2,Buy time,5.25 million,Technology,Semiconductor Equipment & Materials,2.232,56.84,68.98,1.01,0.81,0.53
GNRC,1.67,216.8,93.78,-12.44,-2,1.37,0.8,-2/13,buy,134.8-296.44,-2.05,27.0,375.0,331.16,Buy time,1.20 million,Industrials,Specialty Industrial Machinery,1.913,211.09,254.36,0.97,0.85,0.41
BHVN,1.68,12.87,177.39,-49.77,-1,-0.1,-0.18,-1/13,buy,7.48-18.566,-12.35,31.0,42.0,31.63,Sell,2.72 million,Healthcare,Biotechnology,3.17,14.87,17.38,1.16,0.74,0.21
NSP,1.71,46.48,44.62,20.95,1,0.1,0.13,1/13,hold,18.57-55.9,-7.3,17.0,61.0,56.38,Sell ALL,542.52 thousand,Industrials,Staffing & Employment Services,0.531,50.88,60.92,1.09,0.76,0.36
ONTO,1.75,327.77,258.99,58.64,-4,0.24,0.14,-4/13,buy,118.97-386.46,-7.14,15.0,450.0,418.75,Buy time,1.14 million,Technology,Semiconductor Equipment & Materials,1.583,300.05,357.93,0.92,0.92,0.09
IGD,1.82,6.07,65.53,3.15,4,1,1,4/13,buy,5.58-6.74,-8.66,10.0,0.1,0.1,Sell ALL,315.70 thousand,Financial Services,Asset Management,0.51,6.37,7.78,1.05,0.78,0.37
BOTJ,1.94,27.3,46.65,21.64,2,1,1,2/13,,14.44-29.79,-1.58,8.0,0.1,0.1,Buy,43.96 thousand,Financial Services,Banks - Regional,0.177,27.4,33.0,1.0,0.83,0.38
SHAK,1.95,60.98,174.26,40.0,2,0.01,-0.58,2/13,buy,51.6-107.46,-21.66,43.0,126.0,103.35,Buy time,1.62 million,Consumer Cyclical,Restaurants,1.664,64.59,77.08,1.06,0.79,0.05
GEL,1.96,14.05,51.2,-10.8,4,0.02,10.62,4/13,buy,13.55-18.64,-13.88,25.0,19.0,18.67,Sell ALL,252.07 thousand,Energy,Oil & Gas Midstream,0.651,15.44,18.82,1.1,0.75,0.38
MT,1.96,64.51,167.67,8.66,1,-0.16,-0.12,1/13,buy,36.7-79.68,-14.4,19.0,93.0,85.26,Sell ALL,1.57 million,Basic Materials,Steel,1.755,71.13,87.01,1.1,0.74,0.41
DGICA,1.99,18.27,-12.16,-6.31,2,0.02,0.03,2/13,buy,16.11-21.06,-1.04,13.0,22.0,21.5,Sell ALL,121.66 thousand,Financial Services,Insurance - Property & Casualty,1,19.09,23.14,1.04,0.79,0.12
SSB,2.11,101.91,77.52,13.26,2,0.13,0.05,2/13,buy,84.48-112.2,-8.74,9.0,126.0,122.57,Sell ALL,845.07 thousand,Financial Services,Banks - Regional,0.71,105.41,125.92,1.03,0.81,0.26
WMK,2.11,74.04,25.43,-15.13,2,0.08,0.2,2/13,,59.99-83.74,5.12,12.0,0.1,0.1,Buy time,173.69 thousand,Consumer Defensive,Grocery Stores,0.423,74.81,90.06,1.01,0.82,0.07
MSBI,2.13,33.14,57.6,31.86,0,0.22,0.34,0/13,hold,14.24-35.1,-0.54,6.0,35.0,34.12,Sell ALL,178.44 thousand,Financial Services,Banks - Regional,0.637,32.87,39.84,0.99,0.83,0.15
VLN,2.18,1.91,33.03,-5.52,-1,0.01,0.21,-1/13,strongBuy,1.1-3.71,0.0,49.0,4.0,4.0,- +Buy time -,963.19 thousand,Technology,Semiconductors,1.391,1.84,2.2,0.96,0.87,0.3
APLD,2.2,25.38,363.52,-39.69,-1,0.53,2.64,-1/13,buy,19.005-50.725,-22.85,50.0,109.0,87.72,Sell ALL,19.68 million,Technology,Information Technology Services,5.728,29.07,34.1,1.15,0.74,0.27
PDLB,2.25,20.35,44.46,10.31,1,-0.02,-0.05,1/13,buy,13.91-21.1,-1.97,4.0,24.0,24.0,Sell ALL,78.73 thousand,Financial Services,Banks - Regional,0.533,20.44,24.88,1.0,0.82,0.25
DG,2.28,118.94,12.19,12.47,1,0.59,0.3,1/13,hold,95.11-158.23,-0.96,25.0,176.0,158.47,Sell ALL,2.91 million,Consumer Defensive,Discount Stores,0.235,124.72,150.41,1.05,0.79,0.16
USLM,2.29,111.01,91.61,34.64,1,-0.24,-0.19,1/13,buy,96.27-141.44,-5.97,22.0,132.0,132.0,Sell ALL,161.32 thousand,Basic Materials,Building Materials,0.724,114.88,137.48,1.03,0.81,0.15
IHG,2.37,161.74,76.2,-0.16,0,1,1,0/13,buy,118.47-175.89,0.92,8.0,188.0,168.42,Buy time,231.17 thousand,Consumer Cyclical,Lodging,1.025,159.89,194.53,0.99,0.83,0.19
FLGT,2.41,21.48,57.26,11.84,-3,-0.15,-0.36,-3/13,hold,13.46-31.04,13.13,31.0,19.0,19.0,Sell ALL,308.27 thousand,Healthcare,Diagnostics & Research,0.928,20.41,24.48,0.95,0.88,0.11
TSLX,2.49,18.01,57.21,24.18,0,-0.07,-0.13,0/13,buy,16.04-23.19,-0.03,22.0,23.0,21.39,Sell ALL,569.56 thousand,Financial Services,Asset Management,0.646,17.88,21.56,0.99,0.84,0.3
SD,2.51,13.62,52.91,2.08,3,-0.01,0.17,3/13,hold,11.2-18.45,-5.14,26.0,14.0,14.0,Sell ALL,336.53 thousand,Energy,Oil & Gas E&P,0.433,14.1,16.83,1.04,0.81,0.14
BEEM,2.58,1.13,57.13,4.39,-2,-0.06,-0.29,-2/13,buy,0.965-4.04,-0.88,72.0,3.0,2.75,Sell ALL,450.75 thousand,Technology,Solar,1.478,1.27,1.54,1.12,0.73,0.48
IDXX,2.58,518.39,133.29,-15.49,1,0.4,0.1,1/13,hold,500.61-769.98,-5.34,33.0,805.0,753.17,Buy time,504.15 thousand,Healthcare,Diagnostics & Research,1.538,552.88,655.16,1.07,0.79,0.05
NWFL,2.61,33.7,56.03,24.92,1,-0.1,-0.11,1/13,buy,23.82-35.48,-1.16,5.0,38.0,37.25,Sell ALL,40.17 thousand,Financial Services,Banks - Regional,0.532,33.98,40.71,1.01,0.83,0.23
CNC,2.62,62.99,93.87,-14.57,1,2.67,1.91,1/13,hold,31.63-69.63,-2.25,10.0,85.0,78.39,Sell ALL,4.89 million,Healthcare,Healthcare Plans,1.106,66.61,79.99,1.06,0.79,0.21
TKO,2.65,175.58,43.37,-19.98,5,0.23,0.22,5/13,buy,171.19-226.94,-10.69,23.0,250.0,240.71,Sell ALL,1.07 million,Communication Services,Entertainment,0.643,189.42,226.49,1.08,0.78,0.12
ZBH,2.67,88.29,56.53,5.5,4,0.29,0.15,4/13,hold,79.12-106.88,-10.93,17.0,130.0,118.79,Sell ALL,2.21 million,Healthcare,Medical Devices,0.471,95.81,115.86,1.09,0.76,0.23
KOP,2.7,46.04,125.85,-4.24,0,0.46,0.76,0/13,strongBuy,25.0-53.0,-2.86,13.0,62.0,59.5,Buy time,216.31 thousand,Basic Materials,Specialty Chemicals,1.226,47.95,58.5,1.04,0.79,0.44
ALT,2.7,2.73,14.79,-25.55,2,0.08,0.32,2/13,buy,2.56-6.44,-9.69,57.99999999999999,28.0,22.56,Sell ALL,4.72 million,Healthcare,Biotechnology,0.176,3.14,3.83,1.15,0.71,0.79
ACT,2.74,45.26,68.61,4.6,4,0.08,0.07,4/13,hold,34.64-50.56,-9.99,10.0,53.0,51.6,Sell ALL,356.73 thousand,Financial Services,Insurance - Specialty,0.459,48.1,58.19,1.06,0.78,0.31
ETV,2.81,14.94,75.35,3.13,3,1,1,3/13,,13.13-15.49,-0.41,4.0,0.1,0.1,Sell ALL,164.08 thousand,Financial Services,Asset Management,0.846,15.05,18.42,1.01,0.81,0.39
M,2.86,22.73,139.45,4.23,0,0.13,3.69,0/13,hold,16.41-26.59,-1.29,15.0,30.0,26.68,Buy time,6.29 million,Consumer Cyclical,Department Stores,1.431,23.34,28.14,1.03,0.81,0.12
PRIM,2.87,79.08,150.39,-25.69,0,-0.16,-0.06,0/13,buy,65.0-205.5,-4.91,62.0,165.0,141.4,Buy time,1.26 million,Industrials,Engineering & Construction,1.441,82.49,97.63,1.04,0.81,0.17
SENEA,2.92,177.66,-2.39,2.58,5,0,0,5/13,hold,99.58-210.0,-6.66,15.0,202.0,202.0,Sell ALL,111.38 thousand,Consumer Defensive,Packaged Foods,1,185.52,223.53,1.04,0.79,0.27
WTRG,2.96,39.38,48.95,6.67,2,-0.06,-0.09,2/13,hold,36.11-42.51,-1.07,7.000000000000001,49.0,45.6,Sell ALL,2.25 million,Utilities,Utilities - Regulated Water,0.632,40.49,48.9,1.03,0.81,0.21
PBT,3.05,31.57,93.89,42.85,4,-0.08,-0.03,4/13,,16.25-37.0,-4.15,15.0,0.1,0.1,Sell ALL,113.77 thousand,Energy,Oil & Gas Midstream,0.503,32.48,38.88,1.03,0.81,0.1
VNT,3.07,31.66,130.05,28.72,0,0.09,0.11,0/13,buy,27.253-48.2,-2.04,34.0,48.0,44.42,Buy,1.45 million,Technology,Scientific & Technical Instruments,1.132,32.29,38.96,1.02,0.81,0.09
GROW,3.08,2.86,81.66,-5.67,7,-0.02,-20.0,7/13,,2.23-3.65,-10.88,22.0,0.1,0.1,Sell ALL,27.05 thousand,Financial Services,Asset Management,0.682,3.09,3.75,1.08,0.76,0.33
CDW,3.13,133.29,79.97,-1.17,2,0.1,0.04,2/13,buy,97.12-161.5,-1.51,17.0,171.0,164.83,Sell ALL,1.79 million,Technology,Information Technology Services,0.941,144.4,172.1,1.08,0.77,0.15
AMG,3.13,371.43,86.54,12.01,1,0.53,0.07,1/13,buy,230.26-392.92,0.01,5.0,512.0,474.0,Buy time,245.84 thousand,Financial Services,Asset Management,1.103,367.66,441.06,0.99,0.84,0.1
BBDO,3.13,3.16,49.77,14.99,2,1,1,2/13,,2.65-3.8,5.22,17.0,0.1,0.1,Sell,103.53 thousand,Financial Services,Banks - Regional,0.221,3.18,3.9,1.01,0.81,0.43
ATEC,3.21,10.03,57.8,30.34,-3,0.0,1.01,-3/13,buy,6.82-23.29,5.78,56.99999999999999,24.0,19.89,Sell ALL,2.48 million,Healthcare,Medical Devices,0.849,9.78,11.89,0.98,0.84,0.43
GABC,3.27,49.4,55.98,17.11,3,0.1,0.1,3/13,hold,37.19-52.23,-3.12,5.0,60.0,58.1,Buy,163.94 thousand,Financial Services,Banks - Regional,0.57,49.6,60.46,1.0,0.82,0.18
BSAC,3.31,31.99,41.74,-7.01,5,0.2,0.29,5/13,hold,26.03-37.72,-8.07,15.0,43.0,39.16,Sell ALL,295.61 thousand,Financial Services,Banks - Regional,0.229,34.78,42.37,1.09,0.76,0.3
AMAL,3.31,48.19,87.44,18.84,3,-0.05,-0.06,3/13,strongBuy,25.13-51.59,-5.46,7.000000000000001,55.0,54.5,Buy time,235.10 thousand,Financial Services,Banks - Regional,0.784,48.81,60.81,1.01,0.79,0.3
CCZ,3.34,62.9,83.33,-11.37,0,1,1,0/13,strongBuy,59.0-66.5,0.1,5.0,0.1,0.1,Sell,7,N/A,N/A,1,64.5,inf,1.03,0.0,2.5
CBUS,3.39,1.71,142.37,-2.93,-3,-0.31,-2.28,-3/13,buy,1.09-4.191,2.34,59.0,25.0,19.67,Buy time,356.82 thousand,Healthcare,Biotechnology,1.593,1.8,2.4,1.05,0.71,0.38
KMT,3.41,32.6,137.26,1.09,0,0.75,0.43,0/13,hold,20.38-43.81,2.42,26.0,38.0,35.21,- Buy time -,1.42 million,Industrials,Tools & Accessories,1.334,32.24,38.91,0.99,0.84,0.25
WST,3.43,364.98,91.38,9.15,0,0.74,0.41,0/13,buy,223.83-386.0,5.03,5.0,459.0,433.28,- Buy time -,697.59 thousand,Healthcare,Medical Instruments & Supplies,1.135,357.91,437.96,0.98,0.83,0.18
DTST,3.51,3.32,105.66,5.09,0,-0.06,-0.16,0/13,hold,2.75-5.15,9.34,36.0,0.1,0.1,Buy time,11.75 thousand,Technology,Information Technology Services,1.142,3.25,3.9,0.98,0.85,0.64
CHCI,3.61,18.77,-8.22,52.61,4,1,1,4/13,,10.14-22.07,0.0,15.0,0.1,0.1,Sell ALL,36.67 thousand,Real Estate,Real Estate Services,1,18.16,21.56,0.97,0.87,1.01
PAAS,3.66,45.51,145.89,26.66,1,-0.11,-0.14,1/13,buy,33.08-69.99,-5.71,35.0,94.0,79.39,Sell ALL,4.19 million,Basic Materials,Gold,1.586,48.64,57.69,1.07,0.79,0.07
PYPL,3.7,52.8,151.26,50.61,4,0.17,0.14,4/13,hold,38.46-79.215,-14.24,33.0,80.0,68.46,- Buy time -,12.20 million,Financial Services,Credit Services,1.286,55.23,67.13,1.05,0.79,0.19
TD,3.7,117.88,95.91,-0.77,4,0.42,0.17,4/13,strongBuy,77.95-125.47,-5.48,6.0,135.26993,127.39,Sell ALL,2.54 million,Financial Services,Banks - Diversified,0.866,121.85,144.63,1.03,0.82,0.28
PKX,3.75,57.59,134.93,32.17,2,1,1,2/13,buy,44.99-92.4,-2.57,38.0,68.0386,68.04,Sell ALL,273.59 thousand,Basic Materials,Steel,1.659,57.61,69.67,1.0,0.83,0.05
ROG,3.79,160.0,51.25,55.39,-1,0.0,0.03,-1/13,buy,75.14-169.0,8.79,5.0,225.0,209.17,Buy time,253.80 thousand,Technology,Electronic Components,0.503,137.08,164.71,0.86,0.97,0.23
MGF,3.82,2.71,38.77,-6.04,3,1,1,3/13,,2.68-3.13,-4.04,13.0,0.1,0.1,Sell ALL,94.35 thousand,Financial Services,Asset Management,0.338,2.8,3.43,1.03,0.79,2.5
EBAY,3.88,106.4,97.55,-16.67,1,0.17,0.11,1/13,hold,78.03-119.31,5.42,11.0,145.0,130.56,Sell ALL,4.27 million,Consumer Cyclical,Internet Retail,1.339,110.04,130.95,1.03,0.81,0.15
REFR,3.9,0.73,-51.94,162.88,-13,0.01,0.33,-13/13,,0.34-2.7,40.98,73.0,0.1,0.1,mere Buy (some sold),557.09 thousand,Technology,Electronic Components,0.582,0.54,0.88,0.74,0.83,2.5
SNGX,3.96,0.37,160.25,-0.88,0,-0.04,-0.42,0/13,buy,0.28-1.97,-4.0,81.0,1.5,1.44,Sell,258.66 thousand,Healthcare,Biotechnology,1.923,0.38,0.47,1.03,0.79,0.21
EMO,4.07,50.31,129.04,5.34,6,1,1,6/13,,41.54-56.33,-6.27,11.0,0.1,0.1,Sell ALL,48.01 thousand,Financial Services,Asset Management,1,52.92,63.99,1.05,0.79,0.43
EPD,4.17,36.18,63.8,-6.52,6,0.01,0.02,6/13,hold,30.01-40.17,-6.72,10.0,46.0,43.74,Sell ALL,2.94 million,Energy,Oil & Gas Midstream,0.48,38.52,46.57,1.06,0.78,0.22
OOMA,4.18,20.8,83.19,22.8,1,0.05,0.15,1/13,buy,9.793-26.19,3.51,21.0,30.0,28.4,Sell ALL,544.78 thousand,Technology,Software - Application,1.199,22.06,26.81,1.06,0.78,0.42
KNOP,4.18,10.59,-7.08,-6.91,5,-0.2,-0.23,5/13,buy,8.0-11.78,0.28,10.0,15.0,14.75,Sell ALL,50.78 thousand,Energy,Oil & Gas Midstream,1,10.89,13.07,1.03,0.81,0.24
CLBK,4.27,11.41,27.94,51.51,3,0.08,1.15,3/13,strongBuy,6.209091-12.0,-2.37,5.0,14.5,14.33,Sell ALL,5.63 million,Financial Services,Banks - Regional,0.242,11.22,13.36,0.98,0.85,0.93
DBI,4.32,6.06,65.5,31.88,2,0.12,1.33,2/13,hold,3.11-9.17,4.9,34.0,7.0,6.88,Sell ALL,647.36 thousand,Consumer Cyclical,Footwear & Accessories,1.249,5.99,7.15,0.99,0.85,0.18
SRTS,4.34,2.98,77.2,6.7,1,-0.47,-4.27,1/13,buy,2.66-5.49,2.68,46.0,6.0,5.69,Sell ALL,25.90 thousand,Healthcare,Medical Devices,1.14,3.16,3.86,1.06,0.77,0.4
HIPO,4.41,32.24,141.71,31.27,2,1.05,5.51,2/13,buy,24.08-38.725,-1.24,17.0,45.0,43.06,- Buy time -,166.96 thousand,Financial Services,Insurance - Property & Casualty,1.557,31.82,38.48,0.99,0.84,0.2
IVZ,4.43,30.66,181.43,35.74,3,0.04,0.06,3/13,hold,20.67-33.66,-6.23,9.0,39.0,36.6,Sell ALL,5.17 million,Financial Services,Asset Management,1.605,31.26,37.67,1.02,0.81,0.17
APLE,4.53,16.51,111.99,11.74,2,0.03,0.17,2/13,hold,10.85-17.28,4.57,4.0,18.5,17.83,Buy time,2.86 million,Real Estate,REIT - Hotel & Motel,0.874,16.15,19.27,0.98,0.86,0.18
CPAI,4.55,52.69,90.58,9.03,5,1,1,5/13,,37.293-53.96,-1.61,2.0,0.1,0.1,Buy time,70.07 thousand,N/A,N/A,1,51.98,64.43,0.99,0.82,1.05
TTEK,4.59,33.12,93.78,21.35,6,0.05,0.13,6/13,buy,25.81-43.14,-8.15,23.0,46.0,43.17,Sell ALL,2.29 million,Industrials,Engineering & Construction,0.896,34.77,41.83,1.05,0.79,0.11
WEX,4.6,169.1,130.78,36.42,6,0.33,0.07,6/13,hold,125.29-203.99,-11.69,17.0,224.0,209.68,Sell ALL,734.45 thousand,Technology,Software - Infrastructure,0.83,185.19,226.64,1.1,0.75,0.2
VUZI,4.66,2.98,121.73,70.4,1,0.03,0.28,1/13,buy,1.97-5.62,-3.69,47.0,6.0,6.0,Sell ALL,1.30 million,Technology,Consumer Electronics,1.816,2.7,3.41,0.91,0.87,0.58
GFL,4.68,41.98,40.58,7.97,4,-0.12,-0.64,4/13,buy,33.33-47.01,1.05,11.0,63.053707,56.76,Sell ALL,2.85 million,Industrials,Waste Management,0.491,41.65,51.52,0.99,0.81,0.34
DRLL,4.7,40.95,114.14,39.48,5,1,1,5/13,,27.31-43.54,1.54,6.0,0.1,0.1,- Buy time -,14.16 thousand,N/A,N/A,1,39.65,47.57,0.97,0.86,0.07
EOLS,4.7,7.14,147.78,26.47,2,0.09,1.1,2/13,buy,3.86-9.31,-8.82,23.0,20.0,17.5,Sell ALL,1.04 million,Healthcare,Drug Manufacturers - Specialty & Generic,1.429,7.79,9.61,1.09,0.74,0.56
SPNT,4.71,24.42,88.76,2.55,3,0.04,0.05,3/13,buy,17.39-26.5,3.97,8.0,31.0,29.62,Sell,859.93 thousand,Financial Services,Insurance - Reinsurance,0.61,24.64,29.45,1.01,0.83,0.15
MUFG,4.78,22.82,60.08,20.79,5,0.25,1.01,5/13,buy,14.62-24.26,-0.92,6.0,26.53065,24.4,Sell ALL,3.43 million,Financial Services,Banks - Diversified,0.321,22.83,27.36,1.0,0.83,0.23
BRZE,4.86,25.42,163.57,45.22,4,0.03,0.18,4/13,buy,15.26-37.327,-9.95,32.0,50.0,43.65,Buy time,2.64 million,Technology,Software - Application,0.88,27.26,32.86,1.07,0.77,0.1
TTE,4.9,84.4,46.47,21.54,6,0.04,0.02,6/13,buy,57.39-94.17,-3.79,10.0,111.0,104.45,Sell ALL,1.86 million,Energy,Oil & Gas Integrated,0.06,86.45,105.44,1.02,0.8,0.29
BFLY,4.93,8.95,265.25,68.05,-1,0.04,1.07,-1/13,buy,1.9-10.05,-0.78,11.0,15.0,13.2,Buy time,5.20 million,Healthcare,Medical Devices,2.091,8.22,9.98,0.92,0.9,0.13
GWRE,4.98,152.15,135.49,52.4,6,0.13,0.16,6/13,buy,102.3-255.89,-13.04,41.0,258.0,235.64,Buy time,1.28 million,Technology,Software - Application,0.967,162.12,195.52,1.07,0.78,0.2
MAR,5.04,358.96,96.09,-5.93,5,0.28,0.1,5/13,hold,256.76-410.98,0.67,13.0,425.0,402.9,Buy time,1.55 million,Consumer Cyclical,Lodging,1.104,358.22,428.03,1.0,0.84,0.08
SII,5.24,116.31,143.38,18.97,5,-0.39,-0.4,5/13,buy,78.79-169.63,-4.83,31.0,160.0,160.0,Sell ALL,196.88 thousand,Financial Services,Asset Management,1.399,121.59,145.55,1.05,0.8,0.19
TVC,5.34,23.82,83.96,0.05,4,1,1,4/13,,23.62-24.57,-0.53,3.0,0.1,0.1,Sell ALL,11.75 thousand,,,1,23.93,28.87,1.0,0.83,2.36
REGN,5.43,735.2,36.09,30.03,9,4.65,0.46,9/13,buy,541.0-859.34,-9.62,14.000000000000002,1030.0,941.6,Sell ALL,767.24 thousand,Healthcare,Biotechnology,0.193,760.37,907.88,1.03,0.81,0.17
ARL,5.43,16.04,39.24,-61.31,3,0.18,0.16,3/13,,12.42-24.44,9.29,34.0,0.1,0.1,Buy,8.24 thousand,Real Estate,Real Estate Services,0.646,16.52,20.19,1.03,0.79,2.5
FTRE,5.66,20.0,165.01,47.46,0,0.16,2.39,0/13,hold,8.55-21.39,9.5,6.0,26.0,23.38,Sell ALL,1.63 million,Healthcare,Biotechnology,1.953,19.16,23.47,0.96,0.85,0.35
BMEZ,5.71,16.47,70.99,19.4,7,1,1,7/13,,13.7-17.25,3.39,5.0,0.1,0.1,Sell ALL,151.38 thousand,Financial Services,Asset Management,1,16.11,19.75,0.98,0.83,0.42
DJT,5.74,8.91,326.41,25.36,0,1,1,0/13,,6.96-17.97,9.09,50.0,0.1,0.1,Sell ALL,4.25 million,Communication Services,Internet Content & Information,4.082,9.21,11.26,1.03,0.79,0.19
AIEV,5.78,0.14,175.99,65.73,-1,1,1,-1/13,,0.087-0.37,2.16,62.0,0.1,0.1,Sell ALL,8.22 thousand,Consumer Cyclical,Auto Manufacturers,2.117,0.16,0.28,1.14,0.5,2.5
FLUX,5.84,0.64,160.65,-15.75,-2,-0.1,-1.91,-2/13,buy,0.39-7.55,0.78,92.0,8.0,6.27,Buy time,13.11 million,Industrials,Electrical Equipment & Parts,1.765,0.66,5.86,1.03,0.11,2.5
ENVB,5.9,1.48,103.7,16.29,8,0.73,0.26,8/13,,1.17-13.25,0.0,89.0,0.1,0.1,Sell ALL,66.38 thousand,Healthcare,Biotechnology,1.108,1.49,1.81,1.01,0.82,0.25
LB,6.05,83.79,26.98,21.66,6,-0.05,-0.18,6/13,hold,43.75-91.69,5.26,9.0,98.0,93.29,Sell ALL,328.08 thousand,Energy,Oil & Gas E&P,0.101,83.6,103.41,1.0,0.81,0.28
PTC,6.16,144.03,122.24,51.0,5,0.61,0.29,5/13,buy,108.5-206.82,-1.35,30.0,230.0,202.11,Buy time,1.34 million,Technology,Software - Application,1.002,139.22,166.78,0.97,0.86,0.2
CVLT,6.28,150.28,96.18,13.92,5,0.45,0.4,5/13,buy,71.75-182.83,3.97,18.0,200.0,180.28,Buy time,701.51 thousand,Technology,Software - Application,0.821,143.03,175.09,0.95,0.86,0.39
RBLX,6.36,44.12,193.05,-37.74,1,0.12,0.36,1/13,hold,33.88-141.95,14.03,69.0,65.0,56.99,Sell ALL,9.99 million,Communication Services,Electronic Gaming & Multimedia,1.474,46.06,54.13,1.04,0.82,0.21
CURV,6.37,2.5,164.39,77.28,-2,0.09,3.59,-2/13,hold,0.939-2.855,19.2,12.0,3.0,2.58,Buy time,219.22 thousand,Consumer Cyclical,Apparel Retail,0.838,2.34,2.81,0.94,0.89,0.26
EQNR,6.44,42.56,44.81,60.93,7,-0.13,-0.09,7/13,hold,22.26-45.84,1.74,7.000000000000001,51.0,44.78,Buy,3.73 million,Energy,Oil & Gas Integrated,1,41.21,49.86,0.97,0.85,0.08
SLP,6.55,18.5,111.0,3.13,7,0.11,0.44,7/13,hold,11.09-21.01,0.76,12.0,18.5,17.88,- Buy time -,325.63 thousand,Healthcare,Health Information Services,1.332,18.4,23.51,0.99,0.79,0.43
BSTZ,6.56,30.88,159.8,39.49,6,1,1,6/13,,20.69-31.89,2.77,3.0,0.1,0.1,Buy time,231.41 thousand,Financial Services,Asset Management,1,29.02,35.74,0.94,0.86,0.67
DRD,6.57,24.3,82.66,58.56,6,1,1,6/13,buy,19.47-39.37,1.48,38.0,35.0,35.0,Sell ALL,317.14 thousand,Basic Materials,Gold,0.54,24.2,28.68,1.0,0.85,0.13
MGYR,6.59,19.32,25.4,23.64,7,1,1,7/13,,16.03-20.0,-0.91,3.0,0.1,0.1,Sell ALL,1.94 thousand,Financial Services,Banks - Regional,0.229,19.02,22.81,0.98,0.85,2.5
AMC,6.62,2.77,117.84,105.63,1,0.09,3.6,1/13,hold,0.93-3.4,11.91,19.0,4.0,3.48,Sell,33.82 million,Communication Services,Entertainment,2.208,2.55,3.18,0.92,0.87,0.14
SANM,6.65,229.04,237.36,40.27,2,1.28,0.5,2/13,hold,118.1-288.68,5.24,21.0,300.0,280.0,Buy time,762.39 thousand,Technology,Electronic Components,1.6,209.82,253.09,0.92,0.9,0.25
BLCO,6.71,17.11,56.1,7.5,8,0.03,0.49,8/13,hold,13.765-18.915,0.64,10.0,24.0,21.52,- Buy time -,478.23 thousand,Healthcare,Medical Instruments & Supplies,0.557,17.06,20.63,1.0,0.83,0.26
SYBX,6.78,1.11,54.95,160.61,6,1.12,10.44,6/13,,0.54-1.87,-8.11,41.0,0.1,0.1,Sell ALL,12.59 thousand,Healthcare,Biotechnology,0.509,1.05,2.01,0.95,0.55,2.5
BRKR,6.87,63.24,169.34,33.39,3,0.19,0.62,3/13,buy,32.37-66.98,8.88,6.0,80.0,71.12,Buy time,2.36 million,Healthcare,Medical Devices,1.262,59.72,72.05,0.94,0.88,0.22
ZYME,6.96,25.15,122.11,-7.66,6,-0.52,-4.89,6/13,buy,16.003-31.34,-0.64,20.0,60.0,50.54,Sell ALL,661.85 thousand,Healthcare,Biotechnology,1.191,26.32,31.58,1.05,0.8,0.21
BWIN,6.97,31.77,85.58,44.89,4,0.01,0.03,4/13,hold,15.88-32.705,3.15,3.0,37.0,34.96,Sell ALL,3.30 million,Financial Services,Insurance Brokers,1.035,30.08,41.02,0.95,0.77,1.7
ARW,7.05,242.01,173.76,54.55,3,3.36,1.05,3/13,strongBuy,101.79-247.25,8.95,2.0,250.0,242.5,Buy time,671.30 thousand,Technology,Electronics & Computer Distribution,1.189,216.57,268.59,0.89,0.9,0.34
JVA,7.22,3.98,99.55,31.1,3,0.05,1.84,3/13,,2.93-5.03,11.56,21.0,0.1,0.1,Sell ALL,68.57 thousand,Consumer Defensive,Packaged Foods,1.448,3.71,4.81,0.93,0.83,2.18
UHS,7.35,175.72,87.41,31.28,7,0.13,0.02,7/13,hold,140.08-246.33,3.07,28.999999999999996,290.0,242.18,- Buy time -,845.39 thousand,Healthcare,Medical Care Facilities,1.061,170.78,210.11,0.97,0.84,0.15
VRSN,7.36,288.32,96.13,22.4,7,0.12,0.05,7/13,buy,208.86-312.48,5.39,8.0,355.0,339.7,Sell ALL,848.02 thousand,Technology,Software - Infrastructure,0.699,288.27,347.5,1.0,0.83,0.19
TEL,7.38,220.36,139.54,32.2,7,0.13,0.04,7/13,buy,190.27-252.56,1.35,13.0,306.0,277.29,Buy time,2.31 million,Technology,Electronic Components,1.158,210.54,256.75,0.96,0.86,0.13
MTD,7.42,1486.19,183.38,45.52,5,0.86,0.08,5/13,hold,1023.05-1554.83,4.63,4.0,1600.0,1529.04,Buy time,182.88 thousand,Healthcare,Diagnostics & Research,1.22,1398.08,1698.97,0.94,0.87,0.33
JTAI,7.42,1.55,62.52,672.33,-7,-4.42,-2.21,-7/13,strongBuy,0.332765-61.812668,0.0,97.0,6.0,6.0,Buy,539.73 thousand,Technology,Software - Application,1,1.52,2.28,0.98,0.68,0.4
IAE,7.44,8.86,94.48,14.52,11,1,1,11/13,,7.04-9.27,1.29,4.0,0.1,0.1,- +Buy time -,53.34 thousand,Financial Services,Asset Management,1,8.7,10.57,0.98,0.84,0.18
BBY,7.6,87.97,170.33,36.08,6,0.14,0.11,6/13,hold,55.1-96.53,3.88,9.0,100.0,93.47,Sell ALL,3.91 million,Consumer Cyclical,Specialty Retail,1.305,86.19,105.26,0.98,0.84,0.3
OGN,7.65,13.72,134.23,4.99,9,-0.36,-0.37,9/13,hold,5.69-13.785,0.15,0.0,14.0,12.62,Buy time,3.34 million,Healthcare,Drug Manufacturers - General,1.518,13.65,16.44,0.99,0.83,0.27
NEO,7.67,18.47,120.91,76.22,2,0.03,8.5,2/13,buy,7.07-20.05,12.51,8.0,35.0,27.36,Sell ALL,2.12 million,Healthcare,Diagnostics & Research,1.748,16.97,20.98,0.92,0.88,0.4
QGEN,7.68,44.75,66.99,42.33,8,0.02,0.03,8/13,hold,32.53-57.82,4.8,23.0,50.0,48.13,Sell ALL,2.80 million,Healthcare,Diagnostics & Research,0.626,42.92,51.6,0.96,0.87,0.3
VOC,7.72,3.42,61.18,51.96,10,1,1,10/13,,2.63-3.84,5.26,11.0,0.1,0.1,Buy time,88.68 thousand,Energy,Oil & Gas E&P,0.108,3.26,3.97,0.95,0.86,0.26
FTK,7.89,30.94,225.22,115.73,1,0.16,1.37,1/13,buy,13.19-39.67,7.37,22.0,44.0,41.46,Buy time,670.60 thousand,Energy,Oil & Gas Equipment & Services,1.469,29.48,36.89,0.95,0.84,0.85
SM,7.93,35.24,124.09,57.15,8,0.66,0.5,8/13,buy,17.45-41.56,-0.09,15.0,58.0,50.74,Buy,4.12 million,Energy,Oil & Gas E&P,0.753,34.31,40.9,0.97,0.86,0.03
GSL,7.94,45.79,97.72,39.92,8,0.18,0.07,8/13,buy,27.28-46.57,5.26,2.0,52.0,51.5,Buy time,316.36 thousand,Industrials,Marine Shipping,0.851,43.6,52.39,0.95,0.87,0.14
PSNL,8.21,16.28,202.16,50.76,3,-0.03,-0.12,3/13,hold,4.955-18.89,14.68,14.000000000000002,16.25,15.84,Buy time,3.41 million,Healthcare,Diagnostics & Research,2.318,15.31,18.65,0.94,0.87,0.29
PI,8.32,189.61,196.52,88.3,4,0.05,0.01,4/13,buy,87.36-247.064,9.44,23.0,220.0,200.44,Buy time,443.00 thousand,Technology,Semiconductors,1.919,168.51,205.23,0.89,0.92,0.24
NOW,8.49,134.38,130.15,71.21,4,0.04,0.05,4/13,buy,81.24-192.966,12.41,30.0,248.0,196.5,Sell ALL,20.70 million,Technology,Software - Application,0.972,127.12,153.35,0.95,0.88,0.17
ECOR,8.81,10.14,176.01,133.32,4,0.11,0.25,4/13,buy,4.41-12.7,-1.08,20.0,26.0,22.59,Sell ALL,125.03 thousand,Healthcare,Medical Devices,1.006,9.32,11.06,0.92,0.92,0.85
MARA,8.99,11.23,390.22,6.84,-1,0.07,-0.04,-1/13,buy,6.66-23.45,13.45,52.0,30.0,24.34,Sell ALL,49.82 million,Financial Services,Capital Markets,5.336,11.81,14.14,1.05,0.79,0.12
WF,9.09,75.21,89.89,51.39,10,-367.39,-0.1,10/13,buy,48.83-84.71,4.96,11.0,93.54644,93.55,Sell ALL,127.25 thousand,Financial Services,Banks - Regional,0.519,72.01,84.59,0.96,0.89,0.15
VREX,9.18,18.46,81.79,159.2,9,0.11,0.57,9/13,hold,9.09-18.63,0.0,1.0,18.9,18.9,Sell ALL,722.36 thousand,Healthcare,Medical Devices,0.962,15.76,19.13,0.85,0.96,0.73
NXPL,9.39,8.55,220.95,53.73,5,0,0,5/13,buy,3.4-11.1,1.05,23.0,12.0,12.0,Sell ALL,26.06 thousand,Technology,Software - Application,1.942,8.22,10.05,0.96,0.85,2.06
KTN,9.46,25.64,85.09,2.36,11,1,1,11/13,,25.21-26.89,1.01,5.0,0.1,0.1,Buy time,1.72 thousand,N/A,N/A,1,25.49,32.42,0.99,0.79,2.5
SSL,9.5,13.94,72.09,82.34,7,1,1,7/13,buy,5.24-15.18,16.0,8.0,16.875,16.88,Buy,1.70 million,Basic Materials,Specialty Chemicals,1,12.38,14.88,0.89,0.94,0.17
CNDT,9.62,1.65,148.25,28.92,5,-0.02,-0.1,5/13,buy,1.15-2.8,11.52,41.0,5.0,5.0,Buy time,1.17 million,Technology,Information Technology Services,1.447,1.65,2.01,1.0,0.82,0.43
FFIV,9.62,454.04,142.25,23.05,8,1.17,0.31,8/13,hold,223.76-462.0,12.88,2.0,515.0,475.55,Buy time,668.32 thousand,Technology,Software - Infrastructure,1.03,423.11,511.83,0.93,0.89,0.22
SNAP,9.93,5.58,102.85,50.13,8,0.04,0.44,8/13,hold,3.81-9.13,7.17,39.0,16.0,11.7,Sell ALL,39.36 million,Communication Services,Internet Content & Information,1.05,5.32,6.44,0.95,0.87,0.18
BRLT,10.09,1.39,174.26,59.18,6,0.02,8.25,6/13,hold,1.0-2.9,12.23,52.0,2.0,1.79,Sell ALL,122.36 thousand,Consumer Cyclical,Luxury Goods,1.418,1.34,1.72,0.96,0.81,0.78
REBN,10.09,2.18,111.64,268.64,-4,1,1,-4/13,,0.649-2.95,32.11,26.0,0.1,0.1,Buy time,82.29 thousand,Consumer Cyclical,Restaurants,1.942,1.39,1.88,0.64,1.16,2.5
CHT,10.46,46.16,29.44,15.28,14,1,1,14/13,,39.28-46.48,7.95,1.0,48.07692,48.08,Buy time,207.11 thousand,Communication Services,Telecom Services,0.112,43.88,52.63,0.95,0.88,0.2
HHS,10.88,4.56,77.99,215.95,7,0,0,7/13,,2.0-4.67,8.33,2.0,0.1,0.1,Sell,89.85 thousand,Industrials,Conglomerates,0.093,3.52,4.23,0.77,1.08,2.5
TMO,11.21,654.8,119.51,65.39,11,0.52,0.09,11/13,buy,435.27-683.63,10.65,4.0,780.0,716.42,Sell ALL,2.35 million,Healthcare,Diagnostics & Research,0.854,605.45,732.52,0.92,0.89,0.34
RXRX,11.48,4.12,104.5,37.38,6,0.02,0.08,6/13,hold,2.77-7.18,24.51,43.0,10.0,8.61,- +Buy time -,18.35 million,Healthcare,Biotechnology,1.071,3.46,4.2,0.84,0.98,0.15
TWLO,11.7,294.58,225.42,92.65,5,0.38,0.29,5/13,buy,102.88-305.95,22.39,4.0,330.0,296.52,Buy time,2.86 million,Technology,Software - Infrastructure,1.405,238.47,295.65,0.81,1.0,0.57
GNE,12.05,16.43,61.07,40.99,15,0.12,0.37,15/13,hold,12.69-16.83,10.83,2.0,16.0,16.0,Buy time,75.48 thousand,Utilities,Utilities - Regulated Electric,0.182,15.17,18.27,0.92,0.9,0.2
SMTC,12.27,194.88,308.74,127.96,4,0.16,0.28,4/13,buy,60.28-201.99,20.86,4.0,300.0,255.17,Buy time,3.46 million,Technology,Semiconductors,2.353,152.37,188.21,0.78,1.04,0.17
CRVL,12.32,75.47,116.02,47.14,16,-0.06,-0.44,16/13,,44.83-79.43,11.4,5.0,0.1,0.1,Buy time,191.05 thousand,Financial Services,Insurance Brokers,0.972,67.3,80.93,0.89,0.93,0.12
PGEN,12.47,8.54,134.98,122.8,6,0.08,5.25,6/13,buy,2.99-8.98,23.3,5.0,17.95,15.8,Buy time,4.80 million,Healthcare,Biotechnology,1.017,6.81,8.32,0.8,1.03,0.39
CANG,12.73,2.67,48.71,105.37,1,0.16,0.18,1/13,buy,1.36-24.6,32.96,89.0,8.5,7.38,Buy time,441.04 thousand,Financial Services,Capital Markets,1,2.22,2.83,0.83,0.94,2.33
ACVA,12.82,10.45,149.81,132.1,3,0.02,0.52,3/13,hold,4.065-10.5,27.08,0.0,13.0,11.55,Sell,14.23 million,Consumer Cyclical,Auto & Truck Dealerships,1.832,8.5,11.72,0.81,0.89,2.27
OKTA,13.58,211.49,67.59,100.93,9,0.15,0.16,9/13,buy,62.66-216.59,32.27,2.0,250.0,231.12,Buy time,4.32 million,Technology,Software - Infrastructure,0.789,164.85,200.29,0.78,1.06,0.33
JILL,13.99,24.84,107.84,121.96,10,0.7,1.25,10/13,hold,10.405-25.135,25.07,1.0,25.0,24.38,Buy time,171.01 thousand,Consumer Cyclical,Apparel Retail,0.861,20.13,26.37,0.81,0.94,0.91
PD,14.75,15.34,216.6,121.97,11,0.08,0.33,11/13,hold,5.7-16.77,23.73,9.0,15.0,13.82,- Buy time -,1.49 million,Technology,Software - Application,0.965,12.48,14.89,0.81,1.03,0.16
HSCS,16.2,4.3,140.15,144.08,3,-0.34,-0.49,3/13,strongBuy,1.63-5.25,48.6,18.0,12.0,12.0,Sell ALL,109.77 thousand,Healthcare,Medical Devices,1.86,3.16,3.92,0.73,1.1,0.63
PDSB,17.61,0.75,-63.75,410.74,-6,-0.04,-0.35,-6/13,buy,0.195-1.55,70.47,52.0,5.0,4.88,Sell,18.37 million,Healthcare,Biotechnology,1.454,0.61,1.59,0.81,0.47,2.5
CBAT,21.17,1.39,360.55,287.03,8,-0.1,-2.67,8/13,strongBuy,0.46-1.55,47.48,10.0,1.5,1.5,- +Buy time -,351.54 thousand,Industrials,Electrical Equipment & Parts,1.496,0.84,1.06,0.6,1.31,0.59
NFE,116.62,6.57,-35.41,9072.33,-3,0,0,-3/13,sell,5.73-133.0,95.36,95.0,2.0,2.0,Sell ALL,1.50 million,Energy,Oil & Gas Midstream,1.32,2.78,9.09,0.42,0.72,2.5
MDB,0.01,357.96,141.49,17.94,0,0.43,0.3,0/13,buy,215.68-473.1,-22.56,24.0,565.0,505.75,Sell ALL,1.81 million,Technology,Software - Infrastructure,1.585,389.65,469.17,1.09,0.76,0.42
LITB,0.01,2.81,-7.98,-12.9,-2,1,1,-2/13,strongBuy,1.63-4.17,-4.98,33.0,5.49,5.49,Sell ALL,4.95 thousand,Consumer Cyclical,Internet Retail,0.013,3.14,3.74,1.12,0.75,0.19
SKK,0.02,4.4,73.46,-19.49,-4,1,1,-4/13,,1.61-17.95,-3.64,75.0,0.1,0.1,- Buy time -,10.84 thousand,Industrials,Engineering & Construction,1,4.7,5.86,1.07,0.75,2.1
FANG,0.02,184.71,29.97,1.65,-1,0.98,0.21,-1/13,buy,137.03-216.9,-11.68,15.0,283.0,258.83,== less Sell ALL==,3.24 million,Energy,Oil & Gas E&P,0.414,197.57,242.34,1.07,0.76,0.63
PHI,0.03,17.56,24.92,4.66,-3,1,1,-3/13,buy,16.71-24.51,-4.16,28.000000000000004,26.41815,26.42,Sell ALL,194.72 thousand,Communication Services,Telecom Services,0.281,18.46,22.77,1.05,0.77,0.48
SJM,0.03,117.19,5.02,16.47,-3,1.15,0.51,-3/13,hold,88.25-135.89,-0.55,14.000000000000002,157.0,149.56,Sell ALL,1.50 million,Consumer Defensive,Packaged Foods,0.263,121.8,145.55,1.04,0.81,0.13
MIND,0.03,4.51,74.83,-10.67,-3,-0.16,-1.38,-3/13,buy,3.63-14.5,-9.09,69.0,9.0,9.0,Buy time,93.93 thousand,Technology,Scientific & Technical Instruments,0.36,4.88,5.88,1.08,0.77,0.41
CELZ,0.05,0.95,-42.88,74.06,-5,-0.01,-0.03,-5/13,buy,0.62-6.25,-16.23,85.0,20.0,20.0,mere Buy (some sold),6.77 million,Healthcare,Biotechnology,2.035,1.1,3.49,1.16,0.27,2.5
COFS,0.05,33.11,51.76,7.9,-3,0.01,0.02,-3/13,buy,26.1-35.4,-2.33,6.0,38.0,37.5,Buy,77.85 thousand,Financial Services,Banks - Regional,0.615,33.7,40.48,1.02,0.82,0.2
ETJ,0.06,8.13,77.97,-1.73,-1,1,1,-1/13,,7.88-9.08,-3.37,10.0,0.1,0.1,Sell ALL,140.65 thousand,Financial Services,Asset Management,1,8.35,10.15,1.03,0.8,0.27
OWLT,0.07,5.06,145.97,-6.21,-2,0.34,6.13,-2/13,buy,4.19-16.94,-20.75,70.0,15.0,14.0,Buy time,253.93 thousand,Healthcare,Medical Devices,1.904,5.53,6.65,1.09,0.76,0.43
IRWD,0.08,3.64,21.46,-57.09,2,0.03,0.13,2/13,hold,1.41-5.78,-19.78,37.0,10.0,8.05,Sell ALL,2.22 million,Healthcare,Drug Manufacturers - Specialty & Generic,0.21,4.3,5.18,1.18,0.7,0.15
MBRX,0.08,0.49,127.13,-149.48,-1,0.15,0.1,-1/13,buy,0.161-15.75,-24.69,97.0,31.0,21.5,Sell,957.40 thousand,Healthcare,Biotechnology,1.915,1.15,1.29,2.35,0.38,2.36
SMSI,0.08,2.65,23.77,3.29,-3,-0.24,-1.9,-3/13,buy,2.05-4.65,-10.19,43.0,12.0,11.5,Sell ALL,24.32 thousand,Technology,Software - Application,0.735,2.83,3.41,1.07,0.78,0.47
RCI,0.09,30.83,69.72,-10.33,1,0.01,0.01,1/13,strongBuy,30.15-41.14,-15.93,25.0,41.84907,40.24,Sell ALL,1.37 million,Communication Services,Telecom Services,0.81,34.92,42.19,1.13,0.73,0.21
ROOT,0.1,46.26,123.11,-81.11,-2,2.52,3.67,-2/13,hold,40.91-91.0,-7.44,49.0,80.0,70.1,Sell ALL,267.74 thousand,Financial Services,Insurance - Property & Casualty,2.918,56.23,64.26,1.22,0.72,0.16
CQP,0.11,61.31,4.88,-11.45,1,0.78,0.69,1/13,hold,49.53-71.25,-10.31,14.000000000000002,67.0,63.5,Sell ALL,109.67 thousand,Energy,Oil & Gas Midstream,0.306,66.54,80.91,1.09,0.76,0.3
DRI,0.13,200.33,21.87,1.36,1,0.02,0.0,1/13,buy,169.0-229.76,-12.56,13.0,276.0,254.72,Sell ALL,1.41 million,Consumer Cyclical,Restaurants,0.59,212.29,255.5,1.06,0.78,0.08
FWONK,0.15,91.2,52.34,-12.73,0,-0.19,2.19,0/13,buy,80.15-109.363,-11.82,17.0,134.0,126.65,Sell ALL,2.19 million,Communication Services,Entertainment,0.652,99.91,119.16,1.1,0.77,0.22
BMN,0.15,22.25,90.47,-28.18,2,1,1,2/13,,21.7-27.96,-14.35,20.0,0.1,0.1,Sell ALL,13.94 thousand,Financial Services,Asset Management,1,25.07,31.99,1.13,0.7,0.79
GGG,0.16,78.0,79.39,17.86,-3,0.02,0.02,-3/13,hold,72.51-95.69,-4.55,18.0,100.0,95.64,Buy time,1.60 million,Industrials,Specialty Industrial Machinery,0.91,79.11,95.44,1.01,0.82,0.13
GPC,0.16,127.24,27.21,8.42,-2,0.09,0.05,-2/13,hold,90.78-151.57,-3.35,16.0,170.0,154.61,- Buy time -,1.21 million,Consumer Cyclical,Auto Parts,0.656,131.37,157.38,1.03,0.81,0.04
GRBK,0.17,66.66,115.18,-18.22,-2,0.51,0.4,-2/13,hold,60.44-83.18,-6.33,20.0,62.0,62.0,Sell ALL,309.00 thousand,Consumer Cyclical,Residential Construction,1.796,71.57,87.5,1.07,0.76,0.25
GF,0.17,10.55,65.15,-20.18,2,1,1,2/13,,9.98-12.49,-10.14,16.0,0.1,0.1,== less Sell ALL==,20.68 thousand,Financial Services,Asset Management,0.986,11.47,13.86,1.09,0.76,0.29
TOST,0.17,29.79,125.23,14.78,-1,0.06,0.18,-1/13,buy,22.26-39.725,-15.21,25.0,45.0,41.96,Sell ALL,10.81 million,Technology,Software - Infrastructure,1.728,32.55,38.84,1.09,0.77,0.16
MKTW,0.17,20.11,-13.99,24.0,-5,-1.85,-2.68,-5/13,hold,13.49-22.83,3.23,12.0,28.0,25.88,Buy,17.98 thousand,Financial Services,Financial Data & Stock Exchanges,0.197,19.26,23.0,0.96,0.87,0.77
ALG,0.17,161.01,81.82,-1.97,-4,0.44,0.19,-4/13,buy,145.76-219.88,-0.53,27.0,216.0,210.4,Sell ALL,172.67 thousand,Industrials,Farm & Heavy Construction Machinery,1.093,167.12,200.53,1.04,0.8,0.11
ACTG,0.18,4.34,32.7,-5.74,-1,0.24,2.67,-1/13,buy,3.24-5.27,-7.83,18.0,6.0,6.0,Sell ALL,209.30 thousand,Industrials,Business Equipment & Supplies,0.436,4.6,5.57,1.06,0.78,0.34
IESC,0.19,339.34,140.08,53.42,-1,2.12,0.94,-1/13,buy,170.065-408.255,-16.99,17.0,440.0,440.0,- Buy time -,319.11 thousand,Industrials,Engineering & Construction,1.78,343.35,412.23,1.01,0.82,0.1
IGCB,0.2,43.31,75.42,-8.69,-5,1,1,-5/13,,43.2-47.368,-2.57,9.0,0.1,0.1,Sell ALL,4.02 thousand,N/A,N/A,1,44.4,227.13,1.03,0.19,2.5
LNC,0.2,40.3,66.59,12.08,-1,0.34,0.19,-1/13,hold,32.18-47.67,-10.84,15.0,60.0,53.96,Sell ALL,2.15 million,Financial Services,Insurance - Life,1.114,43.22,52.15,1.07,0.77,0.17
ECC,0.22,3.46,-9.97,-15.46,-2,-0.02,-0.14,-2/13,buy,3.38-6.85,-7.83,49.0,20.0,14.25,Sell ALL,1.05 million,Financial Services,Asset Management,0.357,3.73,4.47,1.08,0.77,0.28
EGP,0.22,195.78,84.47,-14.89,-3,0.1,0.08,-3/13,buy,166.11-226.71,-3.07,14.000000000000002,268.0,247.93,Sell ALL,521.76 thousand,Real Estate,REIT - Industrial,1.03,204.05,248.37,1.04,0.79,0.15
LYTS,0.22,21.25,91.94,-32.14,1,0.09,0.39,1/13,buy,17.21-27.36,-16.18,22.0,31.0,30.5,Buy time,342.50 thousand,Technology,Electronic Components,0.515,22.75,26.92,1.07,0.79,0.27
AKR,0.23,18.63,98.24,-29.84,-1,0.02,0.44,-1/13,buy,18.45-23.03,-10.59,19.0,26.0,25.21,Sell ALL,1.31 million,Real Estate,REIT - Retail,1.11,20.6,24.54,1.11,0.76,0.35
WIA,0.23,7.64,36.4,-8.95,0,1,1,0/13,,7.45-8.54,-3.62,11.0,0.1,0.1,Sell ALL,41.16 thousand,Financial Services,Asset Management,0.482,7.87,9.6,1.03,0.8,0.51
LTH,0.24,40.99,110.5,-1.13,-2,0.09,0.2,-2/13,buy,24.14-47.235,-10.61,13.0,64.0,60.04,Buy,2.94 million,Consumer Cyclical,Leisure,1.481,43.21,52.14,1.05,0.79,0.27
AIOT,0.24,2.81,109.36,-81.64,-5,-0.02,-0.56,-5/13,buy,2.55-5.88,-2.49,52.0,13.0,10.7,Sell ALL,1.72 million,Technology,Software - Application,1.385,3.5,4.11,1.25,0.68,0.34
PHIO,0.24,0.99,12.27,-19.78,-2,-0.11,-0.45,-2/13,buy,0.813-4.19,-7.6,76.0,14.0,14.0,Sell ALL,137.11 thousand,Healthcare,Biotechnology,0.802,1.08,1.32,1.09,0.75,0.05
ADV,0.24,27.64,193.18,-58.6,-2,-6.14,-3.38,-2/13,buy,12.225-47.45,-13.39,42.0,50.0,46.0,Sell ALL,124.53 thousand,Communication Services,Advertising Agencies,2.109,34.7,41.38,1.26,0.67,0.18
MMM,0.25,161.89,81.47,14.41,-1,0.31,0.15,-1/13,buy,139.34-184.9,-11.32,12.0,219.0,202.99,Sell ALL,3.36 million,Industrials,Conglomerates,1.074,171.92,207.75,1.06,0.78,0.25
TIMB,0.25,17.83,-21.01,-47.4,-2,-0.09,-0.2,-2/13,hold,17.14-28.22,1.35,37.0,28.5,26.37,Sell ALL,530.79 thousand,Communication Services,Telecom Services,0.105,19.46,23.26,1.09,0.77,0.24
CF,0.26,115.01,-6.8,1.01,-2,0.41,0.31,-2/13,hold,75.42-141.96,-2.41,19.0,195.72,161.7,Sell ALL,2.71 million,Basic Materials,Agricultural Inputs,0.399,124.94,150.85,1.09,0.76,0.09
DSTX,0.27,33.75,80.34,4.67,-1,1,1,-1/13,,29.761-36.712,-5.32,8.0,0.1,0.1,Sell ALL,21.37 thousand,N/A,N/A,1,34.92,48.2,1.03,0.7,0.73
VPG,0.27,79.07,120.25,-52.43,-5,-0.08,-0.79,-5/13,buy,29.08-151.78,3.59,48.0,105.0,99.17,Buy time,508.86 thousand,Technology,Scientific & Technical Instruments,1.419,81.25,94.29,1.03,0.84,0.17
SOBO,0.28,33.82,71.91,-15.94,-1,0.08,0.19,-1/13,hold,25.015-39.019,-6.86,13.0,39.09,37.27,Sell ALL,713.15 thousand,Energy,Oil & Gas Midstream,0.801,36.54,44.58,1.08,0.76,0.16
OM,0.29,3.96,116.19,-5.35,-4,-0.12,-0.17,-4/13,buy,2.841-16.159,-13.89,75.0,10.0,8.83,- Buy time -,259.87 thousand,Healthcare,Medical Devices,1.899,4.23,5.19,1.07,0.76,0.94
HLN,0.29,8.8,0.86,-21.58,0,1,1,0/13,strongBuy,8.65-11.28,-8.86,22.0,13.77,12.85,Sell ALL,14.20 million,Healthcare,Drug Manufacturers - Specialty & Generic,0.245,9.71,12.04,1.1,0.73,0.45
PNFP,0.29,96.09,89.89,-1.92,-1,0.1,0.04,-1/13,buy,81.08-110.33,-11.72,13.0,139.0,129.3,Sell ALL,1.38 million,Financial Services,Banks - Regional,1.013,101.99,125.13,1.06,0.77,0.34
CECO,0.3,73.66,215.12,-7.17,-3,0.35,1.87,-3/13,buy,42.82-101.24,-14.24,27.0,130.0,120.93,Buy time,993.56 thousand,Industrials,Pollution & Treatment Controls,1.509,76.83,91.22,1.04,0.81,0.14
INTZ,0.3,0.72,-61.19,-32.23,-7,-0.12,-1.42,-7/13,buy,0.59-2.27,9.6,68.0,9.0,9.0,Sell,401.17 thousand,Technology,Software - Infrastructure,1,0.82,1.04,1.14,0.69,0.82
PRU,0.31,112.6,105.4,4.01,-1,1.07,0.32,-1/13,hold,91.89-127.72,-10.62,12.0,131.0,122.2,Sell ALL,1.67 million,Financial Services,Insurance - Life,0.819,119.51,145.54,1.06,0.77,0.22
GFF,0.31,93.97,80.94,15.46,-2,0.23,0.19,-2/13,buy,65.01-108.57,-8.5,13.0,135.0,131.0,Sell ALL,370.00 thousand,Industrials,Building Products & Equipment,1.399,97.63,117.99,1.04,0.8,0.26
ASUR,0.31,7.68,17.79,-13.89,-1,0.01,0.09,-1/13,buy,6.8-10.2,-8.07,25.0,15.0,14.06,Sell ALL,113.21 thousand,Technology,Software - Application,0.517,8.47,10.13,1.1,0.76,0.2
HDB,0.32,22.34,39.44,-35.93,-2,0.01,0.02,-2/13,buy,21.77-37.45,-3.63,40.0,35.0,32.76,Sell ALL,12.41 million,Financial Services,Banks - Regional,0.404,23.9,28.96,1.07,0.77,0.36
CM,0.33,111.02,121.57,-3.37,-1,0.3,0.12,-1/13,hold,79.32-124.86,-10.46,11.0,126.44005,122.44,Sell,1.54 million,Financial Services,Banks - Diversified,1.254,116.89,140.98,1.05,0.79,0.13
BHC,0.33,5.8,7.97,59.42,0,0.34,0.38,0/13,hold,4.33-8.0,-13.45,27.0,9.0,8.25,- Buy time -,2.28 million,Healthcare,Drug Manufacturers - Specialty & Generic,0.369,5.77,6.86,0.99,0.85,0.31
AUR,0.36,5.67,188.29,-6.92,-1,-0.01,-0.13,-1/13,buy,3.6-8.565,-22.93,34.0,18.0,15.02,Sell,30.56 million,Consumer Cyclical,Auto Parts,2.634,6.51,7.74,1.15,0.73,0.08
CHMG,0.37,81.93,34.29,31.27,-3,0.34,0.21,-3/13,buy,49.82-86.0,-0.61,5.0,95.0,91.12,Sell ALL,75.96 thousand,Financial Services,Banks - Regional,0.592,81.58,97.06,1.0,0.84,0.16
RDDT,0.38,147.86,90.35,-60.76,-2,0.74,1.09,-2/13,buy,119.27-263.5,-11.25,44.0,300.0,256.85,Sell ALL,6.53 million,Communication Services,Internet Content & Information,2.022,169.52,209.61,1.15,0.71,0.94
ACHR,0.4,4.89,189.77,13.19,1,0.09,0.36,1/13,buy,4.3-14.62,-30.67,67.0,18.0,14.31,Sell ALL,28.70 million,Industrials,Aerospace & Defense,3.234,5.58,6.72,1.14,0.73,0.14
RITM,0.41,8.71,82.26,1.08,0,0.11,0.23,0/13,buy,8.43-12.15,-14.5,28.000000000000004,14.0,13.57,Sell ALL,6.27 million,Real Estate,REIT - Mortgage,1.113,9.49,11.58,1.09,0.75,0.29
WKHS,0.41,2.97,87.64,37.77,-1,0,0,-1/13,,2.31-14.16,-11.45,79.0,3.0,3.0,mere Sell (some bought),124.49 thousand,Consumer Cyclical,Auto Manufacturers,1,3.16,3.85,1.06,0.77,0.44
HP,0.43,38.56,48.93,48.07,1,-0.55,-10.51,1/13,hold,21.73-48.17,-15.98,20.0,50.0,47.38,Sell ALL,1.35 million,Energy,Oil & Gas Drilling,0.65,40.03,47.74,1.04,0.81,0.21
CGEM,0.43,15.51,21.07,-27.88,6,0.13,0.16,6/13,buy,5.71-23.19,-32.75,33.0,42.0,37.73,Sell ALL,762.65 thousand,Healthcare,Biotechnology,0.02,19.73,23.48,1.27,0.66,0.26
JLL,0.43,306.81,93.22,-10.57,2,1.13,0.3,2/13,buy,259.83-393.84,-20.7,22.0,500.0,463.5,Sell ALL,403.85 thousand,Real Estate,Real Estate Services,1.24,350.48,423.36,1.14,0.72,0.29
LUMN,0.43,5.75,123.75,-30.86,0,-0.28,-2.36,0/13,hold,5.38-11.95,-14.43,52.0,9.0,8.32,Sell ALL,14.09 million,Communication Services,Telecom Services,1.803,6.57,7.86,1.14,0.73,0.22
USNA,0.44,14.82,19.26,-64.64,-6,-0.33,-0.78,-6/13,strongBuy,12.57-27.25,13.23,46.0,25.0,25.0,Buy,195.25 thousand,Consumer Defensive,Packaged Foods,0.679,17.0,19.54,1.15,0.76,0.17
GAIA,0.45,1.39,96.46,-55.46,-7,0.03,0.41,-7/13,buy,1.16-6.39,-8.63,78.0,6.0,4.94,- Buy time -,129.85 thousand,Communication Services,Entertainment,0.964,1.67,1.95,1.2,0.71,2.5
NRDS,0.46,8.63,92.46,-20.26,-1,-0.24,-0.93,-1/13,buy,7.33-16.24,-11.24,47.0,15.0,13.25,Sell ALL,780.36 thousand,Communication Services,Internet Content & Information,1.241,9.58,11.64,1.11,0.74,0.31
LUNG,0.47,1.83,69.78,106.58,-1,0.04,0.13,-1/13,buy,1.13-2.89,-21.86,37.0,5.0,4.2,Sell,329.26 thousand,Healthcare,Medical Devices,0.344,1.97,2.33,1.08,0.79,0.12
BATRK,0.47,52.03,54.37,2.75,-3,-0.38,-1.32,-3/13,buy,37.76-54.86,-1.33,5.0,74.0,68.7,Sell ALL,554.51 thousand,Communication Services,Entertainment,0.813,51.89,62.4,1.0,0.83,0.2
LDOS,0.48,117.74,46.08,29.74,2,0.57,0.2,2/13,hold,98.86-205.77,-20.43,43.0,225.0,191.37,Sell ALL,1.37 million,Technology,Information Technology Services,0.572,127.99,153.28,1.09,0.77,0.11
ECL,0.48,273.7,47.79,1.47,-3,0.01,0.01,-3/13,buy,243.15-309.27,-0.51,12.0,360.0,342.48,Buy,1.45 million,Basic Materials,Specialty Chemicals,0.89,278.6,336.48,1.02,0.81,0.26
NSC,0.49,317.44,96.4,0.97,-2,0.36,0.12,-2/13,hold,277.8-358.6,-7.46,11.0,414.0,387.11,Buy,1.41 million,Industrials,Railroads,1.268,335.16,403.12,1.06,0.79,0.39
FENC,0.51,10.2,84.06,4.63,0,0.06,2.87,0/13,buy,5.65-13.25,-15.98,23.0,20.0,18.83,Sell ALL,224.73 thousand,Healthcare,Biotechnology,1.1,11.36,13.5,1.11,0.76,0.24
EMN,0.51,64.87,85.97,-3.2,0,0.18,0.11,0/13,hold,56.11-83.47,-12.6,22.0,100.0,90.47,Sell ALL,1.19 million,Basic Materials,Specialty Chemicals,1.087,69.68,83.49,1.07,0.78,0.15
WLKP,0.52,21.27,35.66,-6.0,-2,-0.01,-0.03,-2/13,buy,17.75-23.88,-1.83,11.0,26.0,26.0,Sell ALL,30.28 thousand,Basic Materials,Chemicals,0.51,21.75,26.25,1.02,0.81,0.32
USA,0.53,5.82,83.53,7.78,0,1,1,0/13,,5.4-6.47,-3.95,10.0,0.1,0.1,Sell ALL,1.53 million,Financial Services,Asset Management,0.971,5.93,7.06,1.02,0.82,0.14
KD,0.53,11.56,92.51,-3.88,-1,-0.24,-0.32,-1/13,hold,10.1-30.99,-10.03,63.0,16.0,15.1,Sell ALL,4.27 million,Technology,Information Technology Services,1.711,13.01,15.96,1.13,0.72,0.36
CMCSA,0.53,21.57,54.81,-14.05,2,0.13,0.16,2/13,hold,21.28-32.86,-18.54,34.0,44.0,36.4,Sell ALL,28.08 million,Communication Services,Telecom Services,0.662,24.79,29.75,1.15,0.73,0.09
HAS,0.53,89.54,38.91,46.36,-2,0.49,0.42,-2/13,buy,69.5-106.98,-6.15,16.0,120.0,115.31,- Buy time -,1.98 million,Consumer Cyclical,Leisure,0.466,90.88,111.05,1.01,0.81,0.33
GENI,0.54,6.02,190.26,-7.17,1,0.04,1.35,1/13,buy,3.825-12.39,-28.9,51.0,20.0,15.44,- Buy time -,6.32 million,Communication Services,Internet Content & Information,1.882,7.11,8.49,1.18,0.71,0.19
CMG,0.54,32.36,47.17,-2.28,-2,0.01,0.05,-2/13,buy,28.04-42.82,-4.33,24.0,53.0,48.38,Sell ALL,15.86 million,Consumer Cyclical,Restaurants,0.937,34.76,41.48,1.07,0.78,0.17
RUSHA,0.54,47.18,105.37,-4.22,1,0.09,0.18,1/13,buy,30.446667-55.74,-15.73,15.0,63.33333,61.08,Sell ALL,656.96 thousand,Consumer Cyclical,Auto & Truck Dealerships,0.88,51.19,61.32,1.08,0.77,0.17
ELBM,0.56,0.5,77.8,-21.01,-1,0,0,-1/13,buy,0.486-8.7,-14.63,94.0,1.9329265,1.79,Sell ALL,392.16 thousand,Basic Materials,Other Industrial Metals & Mining,1.795,0.58,0.69,1.16,0.72,0.3
BWA,0.56,60.52,88.03,-11.35,1,0.22,0.18,1/13,buy,40.5-78.82,-15.19,23.0,95.0,87.47,Sell ALL,2.15 million,Consumer Cyclical,Auto Parts,1.103,65.57,78.74,1.08,0.77,0.15
GEV,0.57,988.7,98.43,-14.92,-1,14.73,7.49,-1/13,buy,530.16-1195.94,-9.13,17.0,1450.0,1340.17,Buy time,2.69 million,Industrials,Specialty Industrial Machinery,0.967,1008.46,1202.11,1.02,0.82,0.21
AXR,0.57,21.54,82.67,-39.63,-3,-0.59,-1.35,-3/13,hold,17.61-29.01,-5.62,26.0,22.0,22.0,Sell ALL,11.50 thousand,Real Estate,Real Estate - Development,1.104,23.61,28.96,1.1,0.74,1.57
NIC,0.57,166.47,63.73,8.97,-1,0.14,0.05,-1/13,strongBuy,114.12-180.0,-6.64,8.0,200.0,195.9,Buy,186.95 thousand,Financial Services,Banks - Regional,0.639,171.38,206.53,1.03,0.81,0.19
NECB,0.58,26.65,26.64,6.67,-2,-0.05,-0.06,-2/13,buy,19.27-28.94,-0.45,8.0,30.0,29.88,Sell ALL,42.20 thousand,Financial Services,Banks - Regional,0.352,27.11,32.71,1.02,0.81,0.2
INGN,0.6,5.97,56.6,-16.31,-6,0.13,1.33,-6/13,strongBuy,5.045-9.13,4.36,35.0,12.0,12.0,Buy,389.96 thousand,Healthcare,Medical Devices,1.577,5.95,7.32,1.0,0.82,0.55
RIG,0.6,5.17,73.25,-0.14,0,-0.09,-0.08,0/13,hold,3.07-7.66,-13.54,33.0,10.0,8.28,Sell ALL,46.61 million,Energy,Oil & Gas Drilling,1.339,5.61,6.69,1.09,0.77,0.12
MLI,0.6,62.56,81.32,32.49,-2,0.23,0.3,-2/13,buy,48.265-71.12,-6.21,12.0,80.0,80.0,- Buy time -,1.48 million,Industrials,Metal Fabrication,1.107,63.36,75.85,1.01,0.82,0.14
GRX,0.61,9.38,78.74,-1.6,0,1,1,0/13,,8.8-10.2,-3.65,8.0,0.1,0.1,Sell ALL,17.90 thousand,Financial Services,Asset Management,1,9.68,11.6,1.03,0.81,0.33
TDW,0.61,82.42,42.27,31.48,1,-0.56,-0.78,1/13,hold,46.65-101.58,-14.01,19.0,120.0,107.44,Sell ALL,659.50 thousand,Energy,Oil & Gas Equipment & Services,0.566,86.68,103.82,1.05,0.79,0.16
CROX,0.64,118.09,126.32,-6.23,-1,0.4,0.12,-1/13,hold,73.21-141.28,-10.06,16.0,163.0,150.62,Sell ALL,1.03 million,Consumer Cyclical,Footwear & Accessories,1.514,127.2,151.57,1.08,0.78,0.11
CCU,0.64,10.59,28.91,-5.53,0,0.02,-0.02,0/13,hold,10.25-15.36,-10.1,31.0,14.5,12.56,Sell ALL,141.06 thousand,Consumer Defensive,Beverages - Brewers,0.271,11.64,14.11,1.1,0.75,0.7
ELAN,0.65,22.14,100.29,-23.65,-2,0.13,0.43,-2/13,buy,19.4-27.98,-6.64,21.0,34.0,32.5,Sell ALL,7.10 million,Healthcare,Drug Manufacturers - Specialty & Generic,1.677,24.13,29.76,1.09,0.74,0.4
BNED,0.65,11.71,59.62,8.0,-3,0,0,-3/13,strongBuy,5.9-14.75,-1.37,21.0,18.5,17.88,Buy time,273.41 thousand,Consumer Cyclical,Specialty Retail,1.302,12.11,14.45,1.03,0.81,0.11
OBT,0.66,37.73,45.6,12.01,-2,0.29,0.36,-2/13,buy,23.25-40.1,-2.14,6.0,44.0,43.67,- Buy time -,62.61 thousand,Financial Services,Banks - Regional,0.417,38.3,46.92,1.02,0.8,0.25
AIN,0.66,60.88,109.76,-30.49,-2,0.15,0.25,-2/13,hold,41.15-77.0,-4.4,21.0,75.0,70.33,- Buy time -,257.74 thousand,Consumer Cyclical,Textile Manufacturing,1.162,65.17,77.26,1.07,0.79,0.31
ETSY,0.67,72.77,137.0,-11.23,-2,-1.11,-1.53,-2/13,hold,44.0-87.974,-7.75,17.0,105.0,96.67,Sell ALL,3.05 million,Consumer Cyclical,Internet Retail,1.813,79.93,95.71,1.1,0.76,0.15
DCO,0.69,175.39,133.64,9.17,1,0.23,0.24,1/13,buy,84.76-210.39,-17.01,17.0,228.0,220.0,Buy,293.87 thousand,Industrials,Aerospace & Defense,1.04,183.12,217.14,1.04,0.81,0.11
ASAN,0.69,8.62,35.46,68.44,-4,0.03,0.48,-4/13,hold,5.38-15.48,-2.44,44.0,15.0,12.54,== less Sell ALL==,7.30 million,Technology,Software - Application,0.951,8.98,10.82,1.04,0.8,0.31
WULF,0.69,15.49,199.08,-83.55,-2,-0.07,-0.28,-2/13,buy,10.47-29.84,-13.62,48.0,62.5,48.1,Sell ALL,33.60 million,Financial Services,Capital Markets,4.248,18.25,20.79,1.18,0.75,0.09
OVBC,0.69,44.61,0.26,19.81,1,1,1,1/13,,34.18-54.96,-1.79,19.0,0.1,0.1,Sell ALL,35.96 thousand,Financial Services,Banks - Regional,0.031,44.78,53.53,1.0,0.83,0.24
SW,0.69,42.54,122.78,10.19,-1,-0.14,-0.34,-1/13,buy,32.729-52.65,-12.39,19.0,69.0,62.86,Sell ALL,5.59 million,Consumer Cyclical,Packaging & Containers,0.931,46.7,56.66,1.1,0.75,0.17
MIR,0.71,14.6,66.69,-26.44,-1,0.03,0.25,-1/13,buy,14.04-30.277,-7.81,52.0,29.0,26.5,Sell ALL,4.07 million,Industrials,Specialty Industrial Machinery,1.054,16.15,19.18,1.11,0.76,0.09
POWW,0.72,2.29,52.16,-8.97,-4,0.04,2.0,-4/13,buy,1.42-2.67,3.06,14.000000000000002,4.0,3.75,Buy time,645.23 thousand,Industrials,Aerospace & Defense,1.019,2.28,2.76,1.0,0.83,0.06
PG,0.72,144.91,18.76,-3.9,-2,0.05,0.04,-2/13,hold,137.62-167.25,1.24,13.0,186.0,173.3,Sell ALL,9.25 million,Consumer Defensive,Household & Personal Products,0.377,147.18,178.77,1.02,0.81,0.11
GPRE,0.72,15.23,128.11,-16.47,-2,0.49,2.79,-2/13,hold,8.93-19.65,-5.98,22.0,20.0,19.5,Buy time,1.40 million,Basic Materials,Chemicals,1.161,16.01,19.09,1.05,0.8,0.19
AWI,0.72,163.12,91.83,21.22,-1,-0.01,-0.01,-1/13,buy,150.28-206.08,-9.84,21.0,230.0,220.09,Buy time,529.29 thousand,Industrials,Building Products & Equipment,1.164,171.07,209.62,1.05,0.78,0.22
SPFI,0.72,43.02,56.3,11.01,-1,0.03,0.03,-1/13,strongBuy,35.34-46.94,-5.42,8.0,53.0,51.88,Sell ALL,138.39 thousand,Financial Services,Banks - Regional,0.457,44.41,53.56,1.03,0.8,0.17
MIN,0.74,2.33,28.62,-5.97,1,1,1,1/13,sell,2.3-2.68,-4.68,13.0,0.1,0.1,Sell ALL,241.91 thousand,Financial Services,Asset Management,0.27,2.39,3.05,1.03,0.76,0.7
AIO,0.74,25.48,77.89,-2.0,1,1,1,1/13,,20.91-28.6,-5.02,11.0,0.1,0.1,Buy time,77.11 thousand,Financial Services,Asset Management,1,25.83,31.27,1.01,0.81,0.19
ONL,0.75,2.41,102.03,-31.81,2,0,0,2/13,buy,1.89-3.05,-16.9,21.0,3.5,3.5,== less Sell ALL==,310.61 thousand,Real Estate,REIT - Office,1.598,2.71,3.25,1.12,0.74,0.28
TRV,0.75,360.38,35.54,19.2,-2,5.28,0.95,-2/13,hold,252.26-398.7,-0.8,10.0,430.0,395.23,Sell ALL,1.71 million,Financial Services,Insurance - Property & Casualty,0.451,371.38,444.32,1.03,0.81,0.13
GIB,0.76,70.19,16.01,17.63,-1,0.02,0.01,-1/13,hold,59.63-95.2,-3.25,26.0,88.52931,84.84,- Buy time -,495.71 thousand,Technology,Information Technology Services,0.174,71.65,86.75,1.02,0.81,0.2
CAE,0.76,24.0,84.31,-15.22,1,0.03,0.14,1/13,buy,22.76-34.24,-13.06,30.0,33.1218,31.42,Sell ALL,943.58 thousand,Industrials,Aerospace & Defense,1.017,25.55,30.47,1.06,0.79,0.26
BTT,0.76,21.94,38.74,-8.54,0,1,1,0/13,,21.3-23.24,-2.66,6.0,0.1,0.1,Sell ALL,113.41 thousand,Financial Services,Asset Management,0.46,22.48,28.46,1.02,0.77,0.86
EPAC,0.77,35.64,46.78,-4.21,-1,0.11,0.22,-1/13,strongBuy,32.35-45.0,-4.04,21.0,50.0,49.0,Buy time,567.61 thousand,Industrials,Specialty Industrial Machinery,0.868,36.69,44.68,1.03,0.8,0.09
CR,0.78,208.2,115.39,-5.52,-2,0.31,0.21,-2/13,buy,159.58-230.5,-4.86,10.0,253.0,245.1,- +Buy time -,453.79 thousand,Industrials,Specialty Industrial Machinery,1.084,214.09,256.48,1.03,0.81,0.18
GJS,0.78,22.99,70.66,-1.91,-4,1,1,-4/13,,22.7-24.68,-2.35,7.000000000000001,0.1,0.1,Sell ALL,876,N/A,N/A,1,23.36,30.77,1.02,0.75,2.5
IRM,0.79,113.39,138.54,-0.14,0,0.12,0.23,0/13,buy,77.77-134.68,-13.68,16.0,155.0,149.95,Sell ALL,1.78 million,Real Estate,REIT - Specialty,1.204,120.68,145.89,1.06,0.78,0.15
UTHR,0.79,541.7,13.6,-3.59,-4,-0.63,-0.09,-4/13,buy,409.07-609.35,6.13,11.0,728.0,686.18,- Buy time -,707.67 thousand,Healthcare,Drug Manufacturers - Specialty & Generic,0.558,530.03,661.87,0.98,0.82,0.41
THIR,0.8,33.85,79.86,-1.56,-3,1,1,-3/13,,30.15-35.0,-1.71,3.0,0.1,0.1,Sell ALL,33.50 thousand,N/A,N/A,1,34.14,44.19,1.01,0.77,1.77
MD,0.8,25.97,26.47,-7.09,-1,0.1,0.23,-1/13,hold,15.7-27.94,-1.42,7.000000000000001,28.0,27.17,Buy,759.39 thousand,Healthcare,Medical Care Facilities,0.648,26.75,32.49,1.03,0.8,0.26
LUV,0.81,42.47,67.08,-29.64,-2,0.4,0.75,-2/13,hold,29.26-55.11,-1.6,23.0,65.0,57.24,Buy time,5.91 million,Industrials,Airlines,1.12,43.92,52.32,1.03,0.81,0.16
KRYS,0.82,322.28,-12.47,-32.64,-1,0.29,0.22,-1/13,buy,179.19-382.535,-4.17,16.0,474.0,433.06,Sell ALL,613.72 thousand,Healthcare,Biotechnology,0.537,349.86,472.8,1.09,0.68,1.08
KURA,0.82,10.65,-21.86,-20.62,-1,0.11,0.12,-1/13,buy,7.358-13.9,-5.92,23.0,76.0,53.92,Sell ALL,1.81 million,Healthcare,Biotechnology,0.434,11.37,13.46,1.07,0.79,0.22
SUI,0.83,110.75,54.23,-14.81,0,0.15,0.18,0/13,buy,109.77-137.85,-8.48,20.0,155.0,146.82,Sell ALL,1.69 million,Real Estate,REIT - Residential,0.77,119.24,144.14,1.08,0.77,0.4
BLKB,0.84,41.76,36.75,108.38,-3,0.07,0.06,-3/13,hold,25.58-70.71,-3.9,41.0,58.0,54.75,Sell ALL,533.65 thousand,Technology,Software - Application,0.995,41.84,50.02,1.0,0.83,0.08
PH,0.86,972.55,98.99,11.31,-1,1.34,0.17,-1/13,buy,715.37-1099.94,-8.13,12.0,1358.0,1256.64,Buy time,604.54 thousand,Industrials,Specialty Industrial Machinery,1.123,998.07,1186.03,1.03,0.82,0.1
FVCB,0.88,17.79,30.62,13.08,0,0.09,0.26,0/13,strongBuy,11.83-19.11,-5.34,7.000000000000001,21.0,20.19,Sell ALL,95.81 thousand,Financial Services,Banks - Regional,0.318,18.32,21.98,1.03,0.81,0.11
IRS,0.88,13.36,11.88,-30.47,1,1,1,1/13,strongBuy,10.87-19.14,-9.58,30.0,23.0,22.43,Sell ALL,166.67 thousand,Real Estate,Real Estate Services,0.131,15.24,18.92,1.14,0.71,0.45
UVSP,0.88,41.81,57.17,-6.08,-1,0.23,0.28,-1/13,hold,28.04-45.46,-2.99,8.0,47.0,46.25,Sell ALL,269.68 thousand,Financial Services,Banks - Regional,0.644,43.12,52.08,1.03,0.8,0.21
PDM,0.89,9.0,113.89,-9.53,-2,-0.07,-2.12,-2/13,hold,6.32-10.13,-4.0,11.0,11.0,10.88,Sell ALL,1.20 million,Real Estate,REIT - Office,1.348,9.55,11.65,1.06,0.77,0.2
ISTR,0.89,29.41,20.35,7.74,0,0.23,0.35,0/13,buy,21.43-31.77,-4.67,7.000000000000001,35.25,34.75,Sell ALL,148.34 thousand,Financial Services,Banks - Regional,0.462,30.23,36.04,1.03,0.82,0.16
HUYA,0.9,2.3,22.4,-10.69,-3,0.14,3.53,-3/13,buy,2.02-4.93,0.87,53.0,4.627834,4.07,Buy,918.07 thousand,Communication Services,Entertainment,0.713,2.31,2.72,1.0,0.85,0.19
OUT,0.9,28.7,108.07,-32.54,-2,0.12,0.76,-2/13,strongBuy,16.97-34.96,-2.6,18.0,40.0,39.0,Buy time,1.75 million,Real Estate,REIT - Specialty,1.463,30.47,36.49,1.06,0.79,0.13
GVA,0.92,119.92,92.63,-38.48,-1,0.7,1.36,-1/13,buy,97.26-162.08,-6.64,26.0,200.0,185.83,Buy time,697.82 thousand,Industrials,Engineering & Construction,1.328,125.11,147.82,1.04,0.81,0.26
THFF,0.92,74.99,35.79,3.32,1,0.15,0.09,1/13,hold,51.21-84.17,-8.0,11.0,88.0,87.0,Sell ALL,106.56 thousand,Financial Services,Banks - Regional,0.403,78.44,94.36,1.05,0.79,0.13
FCF,0.92,20.56,61.38,9.43,-1,-0.01,-0.04,-1/13,strongBuy,15.0-22.34,-4.62,8.0,25.0,24.54,Sell ALL,956.75 thousand,Financial Services,Banks - Regional,0.729,21.08,25.47,1.03,0.81,0.2
DEA,0.92,23.4,77.81,-11.47,-1,0.01,0.09,-1/13,hold,20.56-25.96,-4.83,10.0,27.0,26.39,Buy time,459.38 thousand,Real Estate,REIT - Office,0.954,24.53,30.1,1.05,0.78,0.35
GDIV,0.93,18.22,91.74,-4.34,0,1,1,0/13,,15.74-19.23,-4.42,5.0,0.1,0.1,Sell ALL,6.23 thousand,N/A,N/A,1,18.82,23.16,1.03,0.79,0.67
UBER,0.95,68.11,86.47,-17.52,-1,-0.24,-0.42,-1/13,buy,65.41-101.295,-10.1,33.0,150.0,125.4,Sell ALL,19.93 million,Technology,Software - Application,1.159,74.13,88.76,1.09,0.77,0.19
KHC,0.95,22.19,22.49,-21.81,0,0.11,0.21,0/13,hold,21.035-28.09,-9.78,21.0,41.0,33.24,Sell ALL,23.90 million,Consumer Defensive,Packaged Foods,0.082,25.04,31.44,1.13,0.71,0.73
DOC,0.95,19.49,87.67,-22.49,-1,0.27,5.63,-1/13,hold,15.7-22.95,-5.06,15.0,29.0,25.97,Sell ALL,5.48 million,Real Estate,REIT - Healthcare Facilities,0.989,21.12,25.34,1.08,0.77,0.09
ULH,0.96,18.46,64.44,91.53,-2,-0.19,-2.21,-2/13,hold,11.73-25.8,-5.31,28.000000000000004,16.0,16.0,- Buy time -,41.76 thousand,Industrials,Trucking,0.758,17.98,21.69,0.97,0.85,0.3
DAIO,0.96,2.98,44.43,-36.89,-2,-0.3,-4.25,-2/13,,2.16-4.49,-4.36,34.0,5.5,5.5,Buy time,42.82 thousand,Technology,Electronic Components,1.316,3.16,3.76,1.06,0.79,0.8
CCL,0.97,25.76,163.61,9.74,-3,0.08,0.06,-3/13,buy,21.45-34.03,-7.65,24.0,43.0,38.47,Buy,22.21 million,Consumer Cyclical,Travel Services,2.312,25.86,31.26,1.0,0.82,0.2
MGNX,0.99,3.58,79.95,-61.2,0,0.85,3.35,0/13,hold,1.29-5.08,-13.41,30.0,11.0,9.5,Sell ALL,616.55 thousand,Healthcare,Biotechnology,1.225,4.2,5.03,1.17,0.71,0.41
OMCC,0.99,4.0,68.17,-18.24,0,1,1,0/13,,2.72-5.99,-12.5,33.0,0.1,0.1,Sell,1.06 thousand,Communication Services,Telecom Services,0.818,4.24,6.11,1.06,0.65,2.5
CCLD,1.0,2.02,166.76,-1.95,0,0.0,0.02,0/13,strongBuy,1.99-3.85,-22.28,48.0,8.0,7.67,Sell ALL,317.56 thousand,Healthcare,Health Information Services,1.503,2.35,2.81,1.16,0.72,0.28
XHR,1.0,18.2,131.11,-15.92,-2,-0.34,-0.91,-2/13,buy,11.75-22.06,-3.98,17.0,22.0,21.55,Buy time,760.63 thousand,Real Estate,REIT - Hotel & Motel,1.156,19.22,22.97,1.06,0.79,0.19
VFC,1.0,14.33,92.8,-17.87,-5,-0.04,0.79,-5/13,hold,12.46-22.27,-0.34,36.0,40.0,29.16,Buy time,8.26 million,Consumer Cyclical,Apparel Manufacturing,1.598,14.95,17.82,1.04,0.8,0.23
BOKF,1.01,128.36,88.6,-11.33,2,0.72,0.3,2/13,hold,102.72-146.84,-13.52,13.0,160.0,153.83,Sell ALL,253.60 thousand,Financial Services,Banks - Regional,0.785,138.96,165.87,1.08,0.77,0.1
KO,1.02,85.65,15.51,9.4,-1,0.09,0.1,-1/13,buy,65.84-92.49,-0.95,7.000000000000001,104.0,99.33,Sell ALL,17.10 million,Consumer Defensive,Beverages - Non-Alcoholic,0.342,87.06,105.96,1.02,0.81,0.22
TFX,1.03,124.12,68.38,-10.07,0,0.66,0.52,0/13,hold,100.18-145.0,-7.21,14.000000000000002,170.0,162.36,Sell ALL,600.45 thousand,Healthcare,Medical Instruments & Supplies,0.814,134.64,161.11,1.08,0.77,0.21
DAL,1.04,84.09,65.53,-5.9,-1,0.14,0.16,-1/13,buy,55.03-95.68,-4.16,12.0,125.0,113.53,Buy time,6.91 million,Industrials,Airlines,1.291,85.46,101.51,1.02,0.83,0.1
PFLT,1.04,6.84,62.46,-0.62,-1,-0.03,-0.1,-1/13,strongBuy,6.825-9.75,-4.9,30.0,10.5,10.12,Sell ALL,1.14 million,Financial Services,Asset Management,0.768,7.18,8.66,1.05,0.79,0.15
LFVN,1.06,6.07,53.45,-4.13,0,-0.06,-0.37,0/13,buy,3.9-11.71,-6.57,48.0,9.0,8.25,Sell ALL,91.07 thousand,Consumer Defensive,Packaged Foods,0.758,6.49,7.89,1.07,0.77,0.12
IPI,1.06,32.76,93.64,-11.56,1,0.32,0.77,1/13,sell,22.55-50.34,-11.72,35.0,44.0,40.25,mere Sell (some bought),229.29 thousand,Basic Materials,Agricultural Inputs,1.264,37.3,44.25,1.14,0.74,0.23
FMNB,1.06,15.34,63.76,24.45,-1,0.12,0.33,-1/13,strongBuy,12.12-16.46,-3.89,7.000000000000001,18.0,17.5,- Buy time -,440.30 thousand,Financial Services,Banks - Regional,0.775,15.46,18.59,1.01,0.83,0.08
ROST,1.07,228.54,80.35,14.56,-2,1.01,0.54,-2/13,buy,147.49-257.0,-2.75,11.0,310.0,290.28,Sell ALL,2.39 million,Consumer Cyclical,Apparel Retail,0.861,236.67,283.26,1.04,0.81,0.15
HIW,1.07,29.67,86.62,-7.55,-1,0.02,0.2,-1/13,hold,20.45-35.44,-3.34,16.0,35.0,33.67,Sell ALL,1.26 million,Real Estate,REIT - Office,1.062,31.38,37.36,1.06,0.79,0.07
BAP,1.08,373.31,72.37,-4.77,-2,0.35,0.05,-2/13,buy,230.45-413.25,-1.33,10.0,482.0,454.74,Sell ALL,317.87 thousand,Financial Services,Banks - Regional,0.84,388.96,470.44,1.04,0.79,0.29
WSBF,1.08,19.94,64.43,8.38,2,0.02,0.25,2/13,,14.52-21.66,-5.82,8.0,0.1,0.1,Sell ALL,83.77 thousand,Financial Services,Banks - Regional,0.713,20.75,25.07,1.04,0.8,0.17
STAG,1.08,36.05,85.81,-12.99,-2,0.01,0.06,-2/13,hold,35.39-42.61,-1.01,15.0,46.0,43.88,Sell ALL,1.80 million,Real Estate,REIT - Industrial,0.961,37.8,45.6,1.05,0.79,0.19
ONCO,1.08,0.73,204.82,-49.71,-2,-62900.03,-2.02,-2/13,,0.586-209.5,-3.31,100.0,0.1,0.1,- Buy time -,302.36 thousand,Healthcare,Biotechnology,2.675,0.82,1.02,1.12,0.72,0.76
IFRX,1.08,1.72,140.85,-44.06,1,0.04,-0.18,1/13,buy,0.798-2.949,-20.35,42.0,13.682848,10.69,Sell ALL,947.12 thousand,Healthcare,Biotechnology,2.537,2.07,2.44,1.2,0.7,0.26
GNT,1.09,8.49,76.72,14.89,1,1,1,1/13,,6.68-9.38,-3.79,9.0,0.1,0.1,Sell ALL,69.56 thousand,Financial Services,Asset Management,1,8.7,10.61,1.02,0.8,0.15
AGRO,1.09,10.1,-44.51,4.79,-3,-0.07,-0.37,-3/13,hold,6.89-15.89,8.32,36.0,16.0,14.7,Sell ALL,919.72 thousand,Consumer Defensive,Farm Products,1,10.77,12.78,1.07,0.79,0.14
ATLC,1.09,91.89,133.29,-1.12,-2,0.58,0.35,-2/13,buy,47.5-114.34,-8.98,20.0,179.0,154.8,- Buy time -,149.88 thousand,Financial Services,Credit Services,2.024,98.38,117.12,1.07,0.78,0.2
NWG,1.09,17.67,58.16,8.27,0,0.11,0.23,0/13,buy,13.76-19.42,-7.75,9.0,23.6,22.76,Sell ALL,3.72 million,Financial Services,Banks - Regional,0.809,18.42,22.31,1.04,0.79,0.3
PULM,1.1,1.57,82.12,-36.51,-4,0.02,0.02,-4/13,,1.16-5.498,0.64,71.0,0.1,0.1,mere Buy (some sold),31.73 thousand,Healthcare,Biotechnology,1.897,1.64,2.14,1.04,0.73,2.5
CHH,1.11,102.5,60.13,-5.82,-1,-0.2,-0.16,-1/13,hold,84.04-123.82,-2.08,17.0,131.0,122.8,Buy time,587.17 thousand,Consumer Cyclical,Lodging,0.668,106.24,127.28,1.04,0.81,0.09
CE,1.13,44.19,52.49,-15.04,-2,0.18,0.05,-2/13,buy,35.13-70.7,-1.81,37.0,86.0,74.56,Sell ALL,1.70 million,Basic Materials,Chemicals,0.755,46.61,56.01,1.05,0.79,0.1
PRGS,1.13,36.9,87.09,-0.38,0,0.17,0.12,0/13,buy,23.82-47.31,-16.15,22.0,83.0,69.6,Sell ALL,719.55 thousand,Technology,Software - Infrastructure,0.821,42.06,51.26,1.14,0.72,0.61
DPZ,1.13,297.61,89.38,0.19,1,-0.24,-0.06,1/13,hold,282.0-442.35,-12.01,33.0,450.0,412.74,- Buy time -,816.04 thousand,Consumer Cyclical,Restaurants,0.946,328.43,391.77,1.1,0.76,0.1
WRLD,1.14,174.44,98.33,-24.35,1,0.71,1.29,1/13,hold,110.0-227.68,-8.92,23.0,210.0,210.0,Buy,97.60 thousand,Financial Services,Credit Services,1.142,190.58,226.63,1.09,0.77,0.06
MCS,1.16,27.06,35.27,58.24,1,0.19,0.53,1/13,buy,12.85-32.42,-10.68,17.0,34.0,33.12,Sell ALL,255.70 thousand,Communication Services,Entertainment,0.51,27.14,32.76,1.0,0.83,0.13
CMCO,1.16,16.74,71.51,74.15,0,0.22,0.89,0/13,strongBuy,11.99-24.4,-14.01,31.0,30.0,28.0,Buy,465.54 thousand,Industrials,Farm & Heavy Construction Machinery,1.358,17.21,20.54,1.03,0.81,0.1
MSA,1.16,181.23,75.93,21.91,-1,0.42,0.21,-1/13,hold,151.11-208.92,-4.36,13.0,223.0,216.07,Buy,278.52 thousand,Industrials,Security & Protection Services,0.936,183.45,221.55,1.01,0.82,0.08
CAC,1.17,57.19,43.03,22.67,-1,0.1,0.08,-1/13,hold,35.0-60.59,-2.08,6.0,64.0,61.8,Sell ALL,108.98 thousand,Financial Services,Banks - Regional,0.535,57.29,68.48,1.0,0.84,0.19
MMSI,1.19,85.37,35.74,49.17,-1,0.34,0.37,-1/13,strongBuy,59.74-94.75,-5.11,10.0,123.0,112.23,Sell ALL,713.29 thousand,Healthcare,Medical Instruments & Supplies,0.491,84.73,101.08,0.99,0.84,0.19
OKE,1.19,87.88,65.05,-4.72,1,0.01,-0.0,1/13,hold,64.02-99.85,-8.47,12.0,112.0,106.75,Sell ALL,3.60 million,Energy,Oil & Gas Midstream,0.719,93.06,111.62,1.06,0.79,0.13
EWBC,1.2,126.21,86.76,-0.56,0,0.11,0.04,0/13,buy,92.67-137.47,-7.38,8.0,164.0,156.78,Sell ALL,808.82 thousand,Financial Services,Banks - Regional,0.925,130.82,158.14,1.04,0.8,0.16
HAFC,1.2,31.67,60.67,3.14,-1,0.07,0.1,-1/13,hold,22.85-33.5,-1.67,5.0,36.0,35.12,Sell ALL,254.73 thousand,Financial Services,Banks - Regional,0.705,32.06,39.1,1.01,0.81,0.14
NOK,1.22,10.6,4.84,-19.15,-1,0.01,0.24,-1/13,buy,4.92-17.45,-1.7,39.0,21.0,17.98,Sell ALL,98.08 million,Technology,Communication Equipment,0.767,10.69,12.7,1.01,0.83,0.21
ARES,1.22,117.55,148.11,4.34,2,-0.07,-0.05,2/13,buy,95.8-181.19,-18.98,35.0,168.0,157.5,Sell ALL,2.06 million,Financial Services,Asset Management,1.517,131.53,158.14,1.12,0.74,0.2
GRMN,1.22,281.16,68.27,43.8,0,0.76,0.36,0/13,hold,186.67-314.28,-8.95,11.0,370.0,336.0,Buy time,801.62 thousand,Technology,Scientific & Technical Instruments,0.866,278.8,334.35,0.99,0.84,0.15
NFG,1.27,76.43,38.12,-5.9,1,-0.03,0.03,1/13,buy,75.03-97.06,-6.28,21.0,95.0,94.0,Sell ALL,761.96 thousand,Energy,Oil & Gas Integrated,0.384,81.5,98.38,1.07,0.78,0.19
GXO,1.27,46.56,109.84,-14.95,-3,0.14,0.36,-3/13,buy,43.61-66.85,-1.63,30.0,90.0,79.29,Buy time,1.58 million,Industrials,Integrated Freight & Logistics,1.54,49.06,58.37,1.05,0.8,0.11
STRL,1.27,533.42,184.1,-34.27,-1,1.95,0.74,-1/13,buy,281.58-1005.68,-13.21,47.0,1000.0,922.71,Buy time,789.60 thousand,Industrials,Engineering & Construction,1.847,576.78,693.63,1.08,0.77,0.43
CSL,1.27,329.34,71.21,3.03,1,0.97,0.19,1/13,hold,293.43-432.91,-9.52,24.0,475.0,442.69,Buy time,537.87 thousand,Industrials,Building Products & Equipment,0.835,350.42,416.92,1.06,0.79,0.06
STLD,1.27,231.99,143.47,6.3,0,0.01,0.0,0/13,buy,140.87-288.74,-11.01,20.0,310.0,290.48,Buy,986.15 thousand,Basic Materials,Steel,1.515,244.88,293.47,1.06,0.79,0.08
CLBR,1.27,10.2,83.33,-1.22,-4,1,1,-4/13,,10.01-10.4,-0.4,2.0,0.1,0.1,mere Buy (some sold),172.70 thousand,Financial Services,Shell Companies,1,10.27,61.95,1.01,0.16,2.5
ENTA,1.27,12.96,7.26,-23.8,-3,-0.02,-0.04,-3/13,buy,10.2-17.15,1.0,24.0,32.0,26.92,- Buy time -,280.25 thousand,Healthcare,Biotechnology,0.938,13.46,16.35,1.04,0.79,0.39
DEC,1.28,13.42,-26.67,-1.23,0,0,0,0/13,buy,12.33-18.9,-5.16,28.999999999999996,32.0,26.62,== less Sell ALL==,878.60 thousand,Energy,Oil & Gas Integrated,0.319,14.14,16.71,1.05,0.8,0.09
CHGG,1.29,0.74,140.79,-38.81,-4,0.08,3.04,-4/13,hold,0.45-1.57,-4.34,53.0,4.0,3.4,- Buy time -,1.02 million,Consumer Defensive,Education & Training Services,2.161,0.86,1.02,1.16,0.73,0.35
CBFV,1.29,36.85,18.78,-5.6,0,0.12,0.16,0/13,strongBuy,30.97-38.86,-1.28,5.0,44.0,42.83,Sell ALL,4.83 thousand,Financial Services,Banks - Regional,0.269,37.37,44.82,1.01,0.82,0.16
BSBK,1.3,9.09,1.66,1.85,0,-0.01,-0.07,0/13,,8.1-9.55,-1.76,5.0,0.1,0.1,Sell ALL,8.72 thousand,Financial Services,Banks - Regional,0.139,9.14,11.19,1.01,0.81,1.55
QSR,1.31,69.91,27.75,-12.55,2,0.06,0.07,2/13,buy,64.52-81.96,-9.39,15.0,104.0,94.98,Sell ALL,2.76 million,Consumer Cyclical,Restaurants,0.534,75.12,89.87,1.07,0.78,0.17
FRA,1.31,10.49,37.15,0.64,2,1,1,2/13,,10.37-13.04,-2.71,20.0,0.1,0.1,Sell ALL,145.28 thousand,Financial Services,Asset Management,0.412,10.73,13.07,1.02,0.8,0.27
V,1.31,360.66,50.52,10.65,-2,0.3,0.1,-2/13,buy,293.89-385.57,0.5,6.0,466.0,442.68,Sell ALL,7.65 million,Financial Services,Credit Services,0.761,367.21,441.68,1.02,0.82,0.3
NXTC,1.31,5.09,272.1,374.25,0,0.23,0.12,0/13,buy,1.55-15.74,-51.47,68.0,20.0,20.0,mere Sell (some bought),187.01 thousand,Healthcare,Biotechnology,1.341,5.91,7.45,1.16,0.68,0.17
OVLY,1.31,34.09,11.96,11.64,2,1,1,2/13,,25.41-35.97,-0.23,5.0,0.1,0.1,Sell ALL,21.12 thousand,Financial Services,Banks - Regional,0.212,34.11,40.49,1.0,0.84,0.03
VNOM,1.32,40.64,5.62,-8.11,1,-0.02,-0.02,1/13,buy,35.1-51.13,-5.93,21.0,65.0,59.98,Sell ALL,1.82 million,Energy,Oil & Gas Midstream,0.245,43.38,52.52,1.07,0.77,0.22
KTTA,1.32,0.48,-59.53,-10.42,-1,0.0,0.0,-1/13,buy,0.281-2.06,-0.42,77.0,3.0,3.0,== less Sell ALL==,192.92 thousand,Healthcare,Biotechnology,0.33,0.52,0.62,1.08,0.77,0.11
SOFI,1.33,15.77,203.69,-24.36,0,0.01,0.06,0/13,hold,14.88-32.73,-16.11,52.0,30.0,25.18,Sell ALL,62.18 million,Financial Services,Credit Services,2.208,17.87,21.04,1.13,0.75,0.09
FUSB,1.34,16.5,15.62,-5.2,1,1,1,1/13,,12.15-16.99,0.49,3.0,0.1,0.1,Buy,5.10 thousand,Financial Services,Banks - Regional,0.242,16.59,20.06,1.01,0.82,0.6
BIPC,1.34,36.65,121.1,-13.32,-1,-0.48,-1.28,-1/13,sell,34.18-51.72,-6.51,28.999999999999996,50.0,50.0,Buy time,1.18 million,Utilities,Utilities - Regulated Gas,1.294,38.97,47.02,1.06,0.78,0.37
SVCO,1.34,9.15,-23.47,-27.49,-7,0.01,1.25,-7/13,buy,3.07-14.39,19.67,36.0,18.0,16.58,Buy time,486.63 thousand,Technology,Software - Application,0.576,8.18,9.7,0.89,0.94,0.31
PKBK,1.35,32.87,36.39,7.25,3,0.09,0.42,3/13,,19.71-35.7,-5.53,8.0,0.1,0.1,Sell ALL,45.49 thousand,Financial Services,Banks - Regional,0.476,33.96,40.76,1.03,0.81,0.21
WHD,1.35,63.44,113.24,52.47,1,0.31,0.47,1/13,hold,33.2-74.07,-15.53,14.000000000000002,83.0,76.61,Sell ALL,765.12 thousand,Energy,Oil & Gas Equipment & Services,1.379,65.16,78.77,1.03,0.81,0.26
SOR,1.36,44.95,39.82,-3.27,2,1,1,2/13,,44.2-50.41,-2.96,11.0,0.1,0.1,Sell ALL,11.85 thousand,Financial Services,Asset Management,0.474,46.21,55.9,1.03,0.8,0.39
DAO,1.36,15.15,82.29,26.07,-1,0.45,2.77,-1/13,buy,8.38-18.94,-7.52,20.0,24.226282,20.91,- +Buy time -,76.85 thousand,Consumer Defensive,Education & Training Services,0.522,16.09,19.66,1.06,0.77,0.33
FORR,1.37,11.22,46.11,48.35,-2,-0.02,-0.84,-2/13,hold,4.88-12.75,0.62,12.0,12.0,12.0,mere Sell (some bought),134.38 thousand,Industrials,Consulting Services,0.943,11.34,13.7,1.01,0.82,0.19
BEPI,1.38,15.8,88.46,9.33,0,1,1,0/13,,14.94-16.84,-2.31,6.0,0.1,0.1,== less Sell ALL==,26.61 thousand,N/A,N/A,1,15.98,19.88,1.01,0.79,0.65
VSTS,1.39,14.03,66.31,1.24,-3,0.16,1.74,-3/13,hold,4.5-16.9,4.42,17.0,17.0,15.0,Sell ALL,1.48 million,Industrials,Rental & Leasing Services,1.112,14.27,17.2,1.02,0.82,0.24
FRPT,1.41,60.26,147.99,30.43,2,0.15,1.23,2/13,buy,46.45-86.0,-20.56,30.0,104.0,94.12,Sell ALL,1.27 million,Consumer Defensive,Packaged Foods,1.659,65.36,78.53,1.08,0.77,0.07
FMBH,1.42,49.98,83.26,15.83,-1,0.23,0.21,-1/13,hold,34.16-53.36,-3.94,6.0,62.5,59.43,Buy,130.62 thousand,Financial Services,Banks - Regional,0.772,50.6,61.44,1.01,0.81,0.24
VANI,1.42,1.23,199.42,-61.64,-2,0.01,0.16,-2/13,buy,0.923-1.92,-9.76,36.0,4.0,3.92,Sell ALL,369.33 thousand,Healthcare,Biotechnology,3.284,1.38,1.72,1.12,0.72,-0.08
PBI,1.44,16.76,117.39,-4.81,-4,0.1,0.33,-4/13,hold,8.95-19.07,4.42,12.0,22.0,20.78,- Buy time -,1.86 million,Industrials,Integrated Freight & Logistics,1.628,17.45,21.35,1.04,0.79,0.2
TSCO,1.44,31.09,40.38,16.65,2,-0.16,-0.25,2/13,hold,28.36-58.21,-11.55,47.0,42.0,38.74,Sell ALL,12.09 million,Consumer Cyclical,Specialty Retail,0.469,33.28,40.64,1.07,0.77,0.34
PHG,1.44,23.92,63.9,-34.01,2,0.27,0.94,2/13,hold,23.7-33.44,-12.12,28.000000000000004,41.0,36.56,Sell ALL,1.02 million,Healthcare,Medical Devices,0.91,26.25,32.13,1.1,0.74,0.37
FERG,1.44,223.33,109.56,6.17,0,0.09,0.03,0/13,buy,212.13-271.64,-9.69,18.0,325.0,306.24,Buy time,1.60 million,Industrials,Industrial Distribution,1.112,233.33,280.8,1.04,0.8,0.3
HY,1.45,31.23,141.12,-0.25,-1,0.16,0.09,-1/13,buy,26.41-41.3,-9.91,24.0,55.0,52.5,Sell ALL,122.91 thousand,Industrials,Farm & Heavy Construction Machinery,1.647,34.02,41.29,1.09,0.76,0.28
STXK,1.45,36.46,85.01,-9.71,-1,1,1,-1/13,,31.227-39.565,-8.07,8.0,0.1,0.1,Sell ALL,10.46 thousand,N/A,N/A,1,38.14,49.36,1.05,0.74,2.47
BXC,1.45,73.64,110.47,122.12,0,1.68,3.2,0/13,buy,44.78-93.8,-15.82,21.0,98.0,93.17,Sell ALL,173.18 thousand,Industrials,Industrial Distribution,1.453,75.03,91.2,1.02,0.81,0.19
NMFC,1.46,6.94,33.69,7.03,0,-0.02,-0.05,0/13,hold,6.73-9.84,-3.91,28.999999999999996,10.0,9.15,Sell ALL,613.98 thousand,Financial Services,Asset Management,0.625,7.14,8.6,1.03,0.81,0.22
ETW,1.48,9.49,66.77,4.97,2,1,1,2/13,,8.46-9.95,-2.98,5.0,0.1,0.1,Sell ALL,302.33 thousand,Financial Services,Asset Management,0.841,9.61,11.49,1.01,0.83,0.1
DCOM,1.48,39.88,74.8,9.46,-1,-0.03,-0.04,-1/13,strongBuy,25.63-41.97,-2.51,5.0,48.0,47.0,Sell ALL,349.26 thousand,Financial Services,Banks - Regional,0.986,40.63,48.76,1.02,0.82,0.27
AVNT,1.49,41.17,90.21,43.37,0,0.09,0.1,0/13,buy,27.48-46.64,-9.52,12.0,56.0,53.43,Buy,877.68 thousand,Basic Materials,Specialty Chemicals,1.305,41.58,50.32,1.01,0.82,0.23
USAU,1.49,14.47,25.18,5.42,-1,-0.01,-0.45,-1/13,buy,12.23-23.75,-2.76,39.0,30.0,28.25,Sell ALL,215.15 thousand,Basic Materials,Gold,0.942,15.24,18.08,1.05,0.8,0.07
GRNT,1.49,4.47,26.92,-0.83,2,-0.08,-0.61,2/13,buy,4.18-6.145,-15.11,27.0,11.0,9.4,Sell ALL,1.29 million,Energy,Oil & Gas E&P,0.174,4.9,5.91,1.1,0.76,0.23
LSPD,1.5,9.82,105.23,-3.77,-1,-0.04,-0.28,-1/13,hold,7.83-13.715,-4.18,28.000000000000004,13.0,11.92,- Buy time -,747.88 thousand,Technology,Software - Application,1.803,10.31,12.37,1.05,0.79,0.25
WTS,1.52,363.07,84.5,13.63,0,0.67,0.23,0/13,hold,260.0-394.54,-5.91,8.0,447.0,425.5,Buy time,216.85 thousand,Industrials,Specialty Industrial Machinery,1.133,365.37,443.8,1.01,0.82,0.17
BKR,1.53,56.0,96.64,-3.59,3,0.24,0.49,3/13,buy,43.92-70.41,-15.89,20.0,85.0,78.1,Sell ALL,9.13 million,Energy,Oil & Gas Equipment & Services,0.961,60.57,72.45,1.08,0.77,0.05
BUSE,1.53,29.73,63.51,11.72,0,0.14,0.23,0/13,hold,22.0-31.7,-4.54,6.0,35.0,33.71,Sell ALL,837.26 thousand,Financial Services,Banks - Regional,0.703,30.31,36.62,1.02,0.81,0.26
BR,1.53,156.93,57.35,21.48,0,0.18,0.06,0/13,hold,133.83-238.73,-6.3,34.0,250.0,231.69,Sell ALL,1.14 million,Technology,Information Technology Services,0.91,165.02,197.47,1.05,0.79,0.11
MTSI,1.54,321.6,87.99,31.19,-2,0.07,0.05,-2/13,buy,121.97-418.9,-1.84,23.0,475.0,435.17,Buy time,1.44 million,Technology,Semiconductors,1.708,293.94,350.37,0.91,0.92,0.08
GPN,1.54,78.38,64.32,21.91,1,0.17,0.06,1/13,hold,61.16-95.88,-14.98,18.0,194.0,149.5,Sell ALL,3.08 million,Industrials,Specialty Business Services,0.785,86.42,103.58,1.1,0.76,0.09
BGY,1.55,5.62,65.17,0.01,2,1,1,2/13,,5.19-6.23,-3.15,10.0,0.1,0.1,Sell ALL,292.82 thousand,Financial Services,Asset Management,0.769,5.77,7.0,1.03,0.8,0.26
VPV,1.55,10.72,58.34,-5.92,2,1,1,2/13,hold,10.23-11.5,-3.56,7.000000000000001,0.1,0.1,Sell ALL,26.49 thousand,Financial Services,Asset Management,0.657,11.01,13.2,1.03,0.81,0.49
VIV,1.58,11.54,13.97,-30.19,-1,-0.54,-0.47,-1/13,hold,11.17-17.26,2.09,33.0,18.943186,16.9,Sell ALL,1.57 million,Communication Services,Telecom Services,0.198,12.33,14.83,1.07,0.78,0.29
AMSC,1.58,30.01,198.12,-38.08,-3,0.06,0.33,-3/13,buy,24.87-70.49,-7.06,56.99999999999999,71.0,66.38,Sell ALL,735.12 thousand,Industrials,Specialty Industrial Machinery,3.268,31.89,37.23,1.06,0.81,0.14
SEDG,1.58,33.09,66.16,-102.0,-4,-0.11,11.35,-4/13,hold,28.21-81.25,6.95,59.0,100.0,69.08,Sell ALL,3.64 million,Technology,Solar,1.438,39.09,46.29,1.18,0.71,0.28
SCHW,1.58,96.7,75.97,-10.18,3,0.1,0.07,3/13,buy,83.96-114.53,-14.35,16.0,145.0,134.6,Sell ALL,7.98 million,Financial Services,Capital Markets,0.753,106.52,126.91,1.1,0.76,0.16
SMP,1.59,37.52,95.71,4.91,-1,0.07,0.08,-1/13,buy,34.27-46.0,-3.3,18.0,54.0,52.0,Buy,156.79 thousand,Consumer Cyclical,Auto Parts,0.807,38.62,46.44,1.03,0.81,0.09
VATE,1.6,7.5,67.65,-44.95,-2,11.74,3.08,-2/13,,3.75-21.3,-0.8,65.0,0.1,0.1,mere Buy (some sold),1.25 million,Industrials,Engineering & Construction,2.349,9.06,18.34,1.21,0.41,2.5
LNSR,1.6,6.75,65.12,43.82,3,-0.32,-0.03,3/13,buy,4.95-12.94,-19.85,48.0,13.0,12.17,Sell ALL,65.03 thousand,Healthcare,Medical Devices,0.967,7.06,8.39,1.05,0.8,0.21
INFY,1.61,11.04,22.96,7.71,1,0.02,0.09,1/13,hold,10.3-30.0,-5.25,63.0,14.1,12.88,- Buy time -,25.27 million,Technology,Information Technology Services,0.108,11.72,14.52,1.06,0.76,0.34
NBBK,1.61,22.57,4.6,27.06,0,-0.08,-0.13,0/13,strongBuy,16.835-23.47,-1.51,4.0,26.0,25.75,Sell ALL,384.60 thousand,Financial Services,Banks - Regional,1,22.59,27.68,1.0,0.82,0.36
WINN,1.62,34.66,80.77,15.74,0,1,1,0/13,,26.62-34.835,2.05,1.0,0.1,0.1,Buy time,96.96 thousand,N/A,N/A,1,33.52,40.5,0.97,0.86,0.18
HOG,1.63,24.55,108.05,-4.49,1,0.1,0.14,1/13,hold,17.09-28.86,-9.35,15.0,32.0,29.85,Sell ALL,2.22 million,Consumer Cyclical,Recreational Vehicles,1.303,26.86,32.41,1.09,0.76,0.2
FIVE,1.64,221.19,82.06,55.66,-1,0.7,0.44,-1/13,buy,137.77-263.88,-7.85,16.0,420.0,365.24,Sell ALL,1.07 million,Consumer Cyclical,Specialty Retail,0.989,229.33,270.92,1.04,0.82,0.04
NEOV,1.66,3.05,25.84,80.63,1,-0.08,-0.94,1/13,buy,1.36-7.13,-19.34,56.99999999999999,15.0,12.38,Sell ALL,1.64 million,Industrials,Electrical Equipment & Parts,1,3.19,3.86,1.05,0.79,0.61
CRNC,1.67,8.09,220.59,-50.29,-2,0.07,0.43,-2/13,hold,5.85-13.49,-5.32,40.0,12.0,11.38,Sell ALL,754.85 thousand,Technology,Software - Application,3.012,8.93,10.44,1.1,0.77,0.17
AZZ,1.67,139.39,117.72,-5.31,1,0.28,0.2,1/13,buy,92.98-162.2,-9.94,14.000000000000002,200.0,182.0,Buy time,265.62 thousand,Industrials,Specialty Business Services,1.106,145.03,174.08,1.04,0.8,0.1
TBI,1.68,9.18,161.77,47.04,-1,0.2,1.69,-1/13,buy,3.18-11.03,-8.28,17.0,10.0,9.88,== less Sell ALL==,315.30 thousand,Industrials,Staffing & Employment Services,1.669,9.48,11.37,1.03,0.81,0.15
CVBF,1.69,22.28,58.43,3.96,0,0.02,0.05,0/13,strongBuy,17.95-23.41,-2.96,5.0,28.0,27.0,Sell ALL,1.55 million,Financial Services,Banks - Regional,0.65,22.55,27.6,1.01,0.81,0.22
OSUR,1.69,3.96,90.06,-13.16,-2,-0.05,-0.36,-2/13,hold,2.08-4.58,3.91,13.0,4.0,4.0,Buy time,445.04 thousand,Healthcare,Medical Instruments & Supplies,0.991,3.88,4.61,0.98,0.86,0.19
GTN,1.7,4.54,62.66,61.78,-2,-0.36,-12.25,-2/13,buy,3.55-6.44,-7.91,30.0,11.0,8.75,Sell ALL,1.39 million,Communication Services,Broadcasting,0.986,4.62,5.58,1.02,0.81,0.27
VOTE,1.71,90.78,82.66,9.35,0,1,1,0/13,,73.895-91.89,-0.19,1.0,0.1,0.1,mere Buy (some sold),25.69 thousand,N/A,N/A,1,89.83,112.96,0.99,0.8,0.7
MSEX,1.71,53.56,64.98,-3.97,2,0.07,0.09,2/13,buy,44.17-62.18,-8.33,14.000000000000002,66.0,63.5,Sell ALL,149.03 thousand,Utilities,Utilities - Regulated Water,0.731,57.13,69.34,1.07,0.77,0.13
NXPI,1.73,243.66,99.79,-33.56,-3,0.15,0.05,-3/13,buy,183.0-339.95,4.92,28.000000000000004,400.0,355.55,Buy time,3.91 million,Technology,Semiconductors,1.817,248.38,296.78,1.02,0.82,0.07
WDS,1.73,21.79,5.31,25.85,2,1,1,2/13,hold,14.27-25.19,-5.75,13.0,24.5335,24.53,Sell ALL,684.83 thousand,Energy,Oil & Gas E&P,1,22.41,26.66,1.03,0.82,0.17
SA,1.73,26.97,212.06,32.06,-1,0.78,18.02,-1/13,buy,21.67-40.06,-20.21,33.0,72.0,65.53,Sell ALL,628.13 thousand,Basic Materials,Gold,1.889,30.08,36.68,1.12,0.74,0.29
COR,1.73,309.05,30.49,0.8,0,0.16,0.04,0/13,buy,244.82-377.54,-1.12,18.0,430.0,399.62,Sell ALL,1.51 million,Healthcare,Medical Distribution,0.574,319.16,388.02,1.03,0.8,0.17
CAMP,1.74,4.0,296.91,25.9,-2,-0.01,-0.03,-2/13,buy,2.86-7.75,-25.0,48.0,15.0,12.42,Sell ALL,364.63 thousand,Healthcare,Biotechnology,1,4.37,5.38,1.09,0.74,0.74
NSSC,1.75,36.17,113.61,-8.11,-1,0.17,0.46,-1/13,buy,33.91-51.77,-4.72,30.0,55.0,52.83,- Buy time -,394.24 thousand,Industrials,Security & Protection Services,1.424,37.23,45.75,1.03,0.79,0.34
AYI,1.77,308.76,111.09,-14.27,3,0.25,0.04,3/13,hold,257.04-380.17,-16.72,19.0,440.0,409.67,Buy time,356.45 thousand,Industrials,Electrical Equipment & Parts,1.292,336.1,409.37,1.09,0.75,0.47
PINC,1.77,49.05,80.63,-1.65,-2,1,1,-2/13,,49.04-50.29,-1.22,2.0,0.1,0.1,Sell,392,N/A,N/A,1,49.46,73.75,1.01,0.67,2.13
BCH,1.77,38.49,22.08,-6.33,2,0.15,0.21,2/13,hold,29.98-46.77,-6.75,18.0,47.0,43.43,Sell ALL,330.89 thousand,Financial Services,Banks - Regional,0.066,41.44,50.67,1.08,0.76,0.45
GCTS,1.78,2.25,4.7,-0.88,-2,-0.18,-2.33,-2/13,buy,0.955-3.93,7.11,43.0,3.4,3.3,Buy time,2.05 million,Technology,Semiconductors,1.8,2.18,2.61,0.97,0.86,0.08
ACNB,1.78,63.78,73.2,24.59,-1,0.18,0.13,-1/13,hold,42.52-67.6,-0.27,6.0,71.0,69.33,Sell ALL,65.88 thousand,Financial Services,Banks - Regional,0.859,63.78,77.03,1.0,0.83,0.14
TLSI,1.78,4.32,72.79,57.56,2,-0.01,-0.03,2/13,buy,2.2-7.95,-21.99,46.0,14.0,12.2,Sell ALL,239.81 thousand,Healthcare,Medical Devices,0.438,4.91,6.05,1.14,0.71,0.37
GFI,1.79,35.62,72.27,40.02,2,1,1,2/13,buy,31.11-61.64,-13.92,42.0,57.0,52.84,Sell ALL,3.95 million,Basic Materials,Gold,0.648,39.6,47.34,1.11,0.75,0.22
SLF,1.79,78.57,66.3,0.41,1,0.08,0.04,1/13,hold,57.22-84.38,-2.72,7.000000000000001,63.976143,63.98,Sell ALL,587.37 thousand,Financial Services,Insurance - Diversified,0.802,80.53,96.75,1.02,0.81,0.15
BMO,1.8,165.7,115.61,-9.41,2,0.42,0.12,2/13,hold,119.84-187.22,-11.82,11.0,181.7824,173.71,Sell ALL,940.96 thousand,Financial Services,Banks - Diversified,1.128,177.76,218.85,1.07,0.76,0.42
CTOS,1.8,9.78,152.58,4.94,-1,0.15,6.36,-1/13,buy,5.18-12.23,-7.26,20.0,15.0,14.17,Buy time,972.65 thousand,Industrials,Rental & Leasing Services,1.355,10.12,12.09,1.03,0.81,0.22
MGY,1.81,24.07,54.66,-16.84,2,0.07,0.08,2/13,buy,21.065-32.76,-11.3,27.0,37.0,34.88,Sell ALL,5.50 million,Energy,Oil & Gas E&P,0.698,26.36,32.6,1.1,0.74,0.68
TLS,1.82,4.19,128.55,-23.27,-2,0.06,3.25,-2/13,buy,3.785-8.36,-4.77,50.0,9.0,7.67,- Buy time -,674.43 thousand,Technology,Software - Infrastructure,0.976,4.61,5.53,1.1,0.76,0.32
GDL,1.82,8.32,76.21,-0.69,1,1,1,1/13,,8.01-8.67,0.3,4.0,0.1,0.1,mere Sell (some bought),11.06 thousand,Financial Services,Asset Management,1,8.35,10.1,1.0,0.82,0.37
DOMO,1.83,3.33,111.89,-35.61,0,0.15,59.59,0/2,hold,1.84-15.68,0.0,79.0,4.84,4.18,Sell,859.59 thousand,Technology,Software - Application,1.77,3.48,4.05,1.05,0.82,-0.51
BIP,1.83,36.52,106.53,-0.47,-1,-0.71,-3.27,-1/13,buy,33.21-44.04,-5.27,17.0,57.0,52.05,Buy time,991.68 thousand,Utilities,Utilities - Diversified,1.011,38.25,47.54,1.05,0.77,0.47
SKY,1.84,88.1,98.33,29.75,0,0.07,0.11,0/13,strongBuy,63.69-99.17,-5.8,11.0,115.0,109.25,Buy time,646.11 thousand,Consumer Cyclical,Residential Construction,1.011,88.1,105.67,1.0,0.83,0.06
EEA,1.84,10.36,73.29,-11.52,0,1,1,0/13,,9.62-11.43,-8.2,9.0,0.1,0.1,Sell ALL,22.33 thousand,Financial Services,Asset Management,0.976,11.09,13.63,1.07,0.76,2.5
ULCC,1.85,6.19,133.22,-22.23,-1,0.43,0.96,-1/13,hold,3.02-8.405,-2.58,26.0,9.0,7.78,Buy time,3.52 million,Industrials,Airlines,2.571,6.43,7.69,1.04,0.8,0.08
MET,1.86,94.43,56.89,14.08,0,0.29,0.13,0/13,buy,67.33-100.93,-2.38,6.0,119.0,112.44,Sell ALL,3.37 million,Financial Services,Insurance - Life,0.759,96.25,116.75,1.02,0.81,0.2
RAIL,1.86,6.9,87.47,-37.23,0,-0.04,-8.01,0/13,buy,6.35-14.9,-7.54,54.0,16.0,15.33,Sell,254.82 thousand,Industrials,Railroads,1.462,7.66,9.15,1.11,0.75,0.22
PEBK,1.87,44.27,26.89,13.83,2,1,1,2/13,,27.33-45.78,-0.26,3.0,0.1,0.1,- Buy time -,30.41 thousand,Financial Services,Banks - Regional,0.303,43.89,53.61,0.99,0.83,0.4
CAT,1.87,845.42,111.68,-25.42,0,2.87,0.51,0/13,buy,483.55-1073.46,-4.29,21.0,1225.0,1100.3,Buy time,2.66 million,Industrials,Farm & Heavy Construction Machinery,1.594,863.6,1022.49,1.02,0.83,0.15
CG,1.88,39.82,186.5,-15.33,3,0.13,0.15,3/13,hold,38.72-67.3,-21.9,41.0,73.0,65.03,Sell ALL,3.82 million,Financial Services,Asset Management,1.827,45.59,55.17,1.14,0.72,0.2
HCC,1.89,89.35,52.71,41.0,2,0.13,0.09,2/13,buy,61.87-111.42,-10.39,20.0,125.0,117.17,Buy,710.21 thousand,Basic Materials,Coking Coal,0.688,93.52,112.01,1.05,0.8,0.14
CCSI,1.91,35.36,144.98,-1.67,-1,0.14,0.1,-1/13,buy,20.2-41.4,-4.19,15.0,50.0,46.12,Sell ALL,164.20 thousand,Technology,Software - Infrastructure,1.905,37.61,45.15,1.06,0.78,0.1
GEHC,1.92,64.29,72.56,2.07,3,0.03,0.03,3/13,buy,58.75-89.77,-12.57,28.000000000000004,96.0,89.53,Sell ALL,3.90 million,Healthcare,Medical Devices,0.821,67.82,82.17,1.05,0.78,0.12
COHR,1.92,337.04,110.99,60.06,-2,0.14,0.09,-2/13,buy,108.19-440.0,-4.21,23.0,500.0,456.26,Buy time,7.88 million,Technology,Scientific & Technical Instruments,2.104,324.17,386.46,0.96,0.87,0.28
EFT,1.92,10.61,40.09,1.88,2,1,1,2/13,,10.31-11.92,-1.48,11.0,0.1,0.1,Buy,98.76 thousand,Financial Services,Asset Management,0.427,10.65,13.0,1.0,0.82,0.63
BAC,1.92,53.75,127.11,-16.95,4,0.18,0.17,4/13,buy,46.12-65.23,-18.26,18.0,76.0,71.98,Sell ALL,36.52 million,Financial Services,Banks - Diversified,1.164,61.18,73.97,1.14,0.73,0.22
TVE,1.92,23.22,82.06,-2.33,-3,-0.33,-2.22,-3/13,buy,22.83-24.73,-1.29,6.0,7.25,6.24,Sell ALL,7.66 thousand,N/A,N/A,1,23.48,29.32,1.01,0.79,2.5
BTU,1.92,24.81,25.84,25.11,1,-0.34,-3.97,1/13,buy,20.06-41.14,-4.43,40.0,36.0,33.79,Sell ALL,2.36 million,Energy,Thermal Coal,0.329,25.91,31.08,1.04,0.8,0.12
EHC,1.93,119.8,43.63,22.48,0,0.18,0.12,0/13,buy,92.77-127.99,-1.65,6.0,155.0,151.58,Sell ALL,974.91 thousand,Healthcare,Medical Care Facilities,0.608,120.09,144.56,1.0,0.83,0.17
BWB,1.93,20.71,73.74,-3.32,2,-0.01,-0.01,2/13,buy,16.06-22.62,-7.82,8.0,25.0,24.5,Sell ALL,147.47 thousand,Financial Services,Banks - Regional,0.58,21.42,25.6,1.03,0.81,0.18
HOPE,1.95,13.68,68.24,13.57,1,0.02,0.08,1/13,hold,9.8-14.59,-4.97,6.0,16.0,15.75,Sell ALL,1.10 million,Financial Services,Banks - Regional,0.806,13.92,17.02,1.02,0.8,0.16
MDAI,1.96,1.66,53.56,-5.29,-3,0.01,0.04,-3/13,buy,1.18-2.97,1.2,44.0,6.25,5.68,Sell ALL,182.82 thousand,Healthcare,Medical Devices,1.181,1.67,1.99,1.01,0.83,0.18
LYFT,1.97,15.46,183.07,11.36,-1,-0.04,-0.52,-1/13,hold,12.46-25.54,-11.38,39.0,30.0,24.79,- Buy time -,11.80 million,Technology,Software - Application,1.837,16.24,19.77,1.05,0.78,0.26
MA,1.98,552.26,57.19,16.26,0,0.45,0.1,0/13,buy,464.52-601.23,-1.81,8.0,740.0,703.36,Sell ALL,2.98 million,Financial Services,Credit Services,0.735,563.99,672.33,1.02,0.82,0.11
CCI,1.98,66.44,90.28,-30.79,2,0.21,0.42,2/13,hold,65.68-100.5,-10.44,34.0,120.0,107.22,Sell ALL,3.65 million,Real Estate,REIT - Specialty,0.969,75.16,90.12,1.13,0.74,0.18
FGN,2.02,23.75,85.72,-6.6,2,1,1,2/13,,23.1-26.97,-3.07,12.0,0.1,0.1,Sell ALL,22.90 thousand,N/A,N/A,1,24.43,29.31,1.03,0.81,0.58
AOD,2.03,10.2,85.45,5.89,3,1,1,3/13,,8.76-10.85,-4.59,6.0,0.1,0.1,Sell ALL,449.76 thousand,Financial Services,Asset Management,0.907,10.42,12.49,1.02,0.82,0.17
SFST,2.03,60.85,60.79,6.67,2,-0.03,-0.02,2/13,strongBuy,40.9-65.09,-5.75,7.000000000000001,70.0,69.25,Sell,102.09 thousand,Financial Services,Banks - Regional,0.674,62.85,74.62,1.03,0.82,0.03
NTIC,2.03,7.7,-4.59,-25.68,-2,-0.07,-2.0,-2/13,buy,7.35-10.03,-4.55,23.0,13.0,13.0,mere Buy (some sold),15.24 thousand,Basic Materials,Specialty Chemicals,0.19,8.2,11.04,1.06,0.7,2.5
DNOW,2.04,15.76,82.19,56.08,-1,-0.02,-0.42,-1/13,buy,10.935-17.26,-2.47,9.0,19.0,18.88,Buy,2.43 million,Industrials,Industrial Distribution,0.876,15.49,18.66,0.98,0.84,0.22
SRZN,2.05,29.32,-72.91,130.15,-9,-4.75,-6.09,-9/13,buy,11.39-37.83,18.89,22.0,54.0,51.2,- Buy time -,286.61 thousand,Healthcare,Biotechnology,0.555,23.29,29.33,0.79,1.0,1.17
PWR,2.05,676.56,130.22,12.15,0,1.58,0.6,0/13,buy,404.51-788.75,-6.74,14.000000000000002,976.0,872.52,Buy time,1.04 million,Industrials,Engineering & Construction,1.2,658.27,788.35,0.97,0.86,0.13
STTK,2.05,6.73,117.03,1.68,-1,0.01,0.04,-1/13,buy,1.7-8.33,-9.81,19.0,19.0,17.11,Buy time,1.05 million,Healthcare,Biotechnology,1.1,7.09,8.55,1.05,0.79,0.28
SELF,2.06,4.85,-0.79,-13.73,3,1,1,3/13,buy,4.73-5.75,-7.09,16.0,6.5,6.38,Sell ALL,32.02 thousand,Real Estate,REIT - Specialty,0.025,5.17,6.32,1.07,0.77,0.5
IGI,2.08,15.72,69.46,-2.07,2,1,1,2/13,,15.08-16.93,-0.77,7.000000000000001,0.1,0.1,mere Buy (some sold),14.71 thousand,Financial Services,Asset Management,1,15.93,20.07,1.01,0.78,0.38
HAL,2.08,31.85,35.25,-19.82,3,0.06,0.13,3/13,buy,21.46-43.59,-8.54,27.0,53.0,48.22,Sell ALL,11.51 million,Energy,Oil & Gas Equipment & Services,0.769,34.44,41.46,1.08,0.77,0.1
RHP,2.09,121.66,102.35,0.16,-1,0.29,0.31,-1/13,buy,83.82-137.46,-1.01,11.0,152.0,145.89,Sell ALL,779.89 thousand,Real Estate,REIT - Hotel & Motel,1.189,125.87,155.63,1.03,0.78,0.37
CDNS,2.09,351.35,72.48,-5.66,-3,0.12,0.07,-3/13,buy,262.75-416.69,7.94,16.0,470.0,437.74,Buy time,2.60 million,Technology,Software - Application,1.137,337.28,402.95,0.96,0.87,0.23
CSWC,2.1,23.52,56.28,7.46,1,0.02,0.04,1/13,buy,19.37-25.75,-3.66,9.0,29.0,27.15,Buy,731.35 thousand,Financial Services,Asset Management,0.736,24.14,29.11,1.03,0.81,0.24
VIST,2.1,64.25,6.19,0.19,4,-10.13,-0.31,4/13,buy,33.9-81.44,-12.31,21.0,115.18402,103.73,Sell ALL,1.30 million,Energy,Oil & Gas E&P,1,70.62,85.12,1.1,0.75,0.21
CVEO,2.12,33.17,40.25,13.32,0,0.19,-0.09,0/13,buy,19.75-36.5,-1.72,9.0,51.0,46.3,Sell ALL,124.66 thousand,Consumer Cyclical,Lodging,0.705,33.88,41.45,1.02,0.8,0.26
YETI,2.12,40.87,154.86,-34.16,-1,0.19,0.63,-1/13,buy,31.66-53.99,-5.21,24.0,80.0,67.47,Sell,1.61 million,Consumer Cyclical,Leisure,1.699,46.12,54.29,1.13,0.75,0.17
PDX,2.13,20.76,93.36,-1.35,3,1,1,3/13,,18.47-24.97,-4.27,17.0,0.1,0.1,Buy,130.87 thousand,Financial Services,Asset Management,1,21.39,26.12,1.03,0.79,0.22
AUUD,2.15,1.21,17.52,22.05,-8,-58.38,-1.34,-8/13,,0.816-18.83721,19.83,94.0,0.1,0.1,mere Buy (some sold),3.26 million,Technology,Software - Application,0.503,1.16,1.87,0.96,0.65,2.5
LYB,2.16,58.58,93.21,17.9,2,1.09,1.02,2/13,hold,41.58-83.94,-10.5,30.0,88.0,77.97,Sell ALL,4.91 million,Basic Materials,Specialty Chemicals,0.353,62.32,74.33,1.06,0.79,0.12
PESI,2.16,15.56,107.24,34.73,0,-0.17,-0.7,0/13,buy,8.58-21.32,-13.3,27.0,30.0,30.0,Sell ALL,452.50 thousand,Industrials,Waste Management,0.47,17.69,21.63,1.14,0.72,0.87
IFF,2.17,82.42,39.76,14.56,0,-0.12,-0.1,0/13,buy,59.14-89.32,1.18,8.0,105.0,100.65,Sell ALL,2.05 million,Basic Materials,Specialty Chemicals,0.953,82.85,100.62,1.01,0.82,0.09
LEA,2.17,120.85,142.69,-12.03,-1,0.66,0.18,-1/13,hold,96.04-150.33,-2.71,20.0,179.0,164.93,Buy,665.45 thousand,Consumer Cyclical,Auto Parts,1.272,129.47,156.22,1.07,0.77,0.18
HST,2.19,22.56,109.22,2.23,-1,0.4,1.2,-1/13,buy,15.61-25.71,-0.21,12.0,29.0,27.15,Buy time,9.36 million,Real Estate,REIT - Hotel & Motel,1.101,22.97,27.67,1.02,0.82,0.19
USAC,2.19,25.42,14.49,-9.32,3,-0.04,-0.11,3/13,hold,21.85-30.55,-5.86,17.0,33.0,31.5,Sell ALL,380.83 thousand,Energy,Oil & Gas Equipment & Services,0.195,26.75,32.11,1.05,0.79,0.23
RDNT,2.19,69.93,105.14,19.82,1,0.0,-0.02,1/13,buy,50.82-85.84,-8.58,19.0,105.0,99.81,Sell ALL,824.62 thousand,Healthcare,Diagnostics & Research,1.404,72.35,87.27,1.03,0.8,0.19
CUE,2.2,25.57,91.09,-63.52,-1,-22.45,-13.28,-1/13,buy,4.98-45.5,-8.1,44.0,115.0,101.5,Sell,454.85 thousand,Healthcare,Biotechnology,2.459,32.8,42.52,1.28,0.6,1.15
LZ,2.2,5.6,85.83,-46.55,-1,0.0,-0.01,-1/13,hold,5.22-12.4,2.86,55.00000000000001,9.0,8.3,Sell ALL,3.33 million,Industrials,Specialty Business Services,1.264,6.49,7.76,1.16,0.72,0.17
ADUS,2.2,111.27,95.73,12.7,0,0.11,0.07,0/13,buy,87.95-124.44,-3.26,11.0,155.0,144.35,Sell ALL,214.56 thousand,Healthcare,Medical Care Facilities,0.861,116.55,139.66,1.05,0.8,0.13
MCHP,2.22,81.32,71.27,-4.94,-1,0.13,0.22,-1/13,buy,48.52-105.91,1.3,23.0,135.0,121.42,Buy time,10.60 million,Technology,Semiconductors,1.736,79.75,95.34,0.98,0.85,0.11
MORN,2.22,183.55,124.65,34.14,2,0.79,0.29,2/13,buy,141.49-228.95,-12.34,20.0,260.0,248.33,Sell ALL,351.12 thousand,Financial Services,Financial Data & Stock Exchanges,0.996,196.22,234.84,1.07,0.78,0.03
GEO,2.23,31.36,92.08,15.52,-1,0.17,0.77,-1/13,buy,12.51-33.15,0.67,5.0,40.0,38.88,- Buy time -,2.23 million,Industrials,Security & Protection Services,0.776,31.6,38.35,1.01,0.82,0.14
KMX,2.25,54.92,100.85,24.74,0,-0.64,-4.21,0/13,hold,30.26-65.28,-6.57,16.0,96.0,79.31,Sell ALL,2.55 million,Consumer Cyclical,Auto & Truck Dealerships,1.171,58.9,70.26,1.07,0.78,0.18
BRCC,2.25,9.05,86.9,-59.85,-5,0.65,6.53,-5/13,buy,6.0-18.55,9.83,51.0,25.0,23.75,Buy,106.69 thousand,Consumer Defensive,Packaged Foods,1.221,10.08,11.73,1.11,0.77,0.29
NU,2.25,13.43,109.18,3.7,1,0.01,0.08,1/13,buy,11.2-18.98,-9.75,28.999999999999996,23.0,20.82,Sell ALL,87.82 million,Financial Services,Banks - Regional,0.94,14.41,17.62,1.07,0.76,0.37
FIX,2.26,1728.01,224.34,14.57,-1,5.77,0.74,-1/13,buy,770.47-2073.99,-8.86,17.0,2500.0,2348.5,Buy time,420.28 thousand,Industrials,Engineering & Construction,1.676,1722.43,2089.22,1.0,0.83,0.11
AUNA,2.26,5.06,68.98,-4.94,1,-0.24,-1.15,1/13,buy,4.09-6.77,-6.32,25.0,9.0,7.99,Sell ALL,163.46 thousand,Healthcare,Medical Care Facilities,0.617,5.28,6.35,1.04,0.8,0.29
WDH,2.26,1.03,0.0,-33.11,-1,0.18,0.67,-1/13,buy,0.96-2.03,2.91,49.0,2.2323985,1.98,mere Buy (some sold),314.06 thousand,Financial Services,Insurance - Diversified,1,1.08,1.33,1.05,0.77,0.49
CRAI,2.27,170.38,46.15,29.76,-2,-0.02,-0.01,-2/13,strongBuy,132.17-227.29,3.62,25.0,256.0,253.25,- Buy time -,165.16 thousand,Industrials,Consulting Services,0.642,170.32,205.83,1.0,0.83,0.36
ARVN,2.28,7.41,159.68,-32.14,4,2.92,10.19,4/13,hold,6.97-14.51,-24.16,49.0,21.0,17.46,Sell ALL,738.02 thousand,Healthcare,Biotechnology,1.76,8.7,10.37,1.17,0.71,0.18
SWBI,2.28,14.64,73.23,-6.88,-1,0.24,2.77,-1/13,buy,8.14-17.56,4.31,17.0,18.0,17.62,Buy time,480.87 thousand,Industrials,Aerospace & Defense,0.873,14.19,16.88,0.97,0.87,0.09
ABT,2.29,97.5,62.42,10.52,4,0.03,0.03,4/13,buy,81.97-135.24,-13.2,28.000000000000004,135.0,127.79,Sell ALL,9.30 million,Healthcare,Medical Devices,0.586,105.3,126.26,1.08,0.77,0.2
FSK,2.3,10.97,67.4,21.64,1,0.0,-0.0,1/13,hold,9.72-16.31,-5.47,33.0,15.0,13.53,Sell ALL,2.46 million,Financial Services,Asset Management,0.906,11.32,13.7,1.03,0.8,0.32
GROV,2.3,1.04,71.69,-35.3,-1,0.09,1.18,-1/13,buy,0.863-1.57,0.0,34.0,2.0,2.0,Sell,80.42 thousand,Consumer Defensive,Household & Personal Products,1.027,1.11,1.37,1.07,0.76,0.48
STXT,2.3,18.99,77.94,-4.35,1,1,1,1/13,,18.931-20.67,-2.31,8.0,0.1,0.1,Sell,17.23 thousand,N/A,N/A,1,19.43,23.76,1.02,0.8,1.31
URI,2.3,1081.04,194.28,6.22,-1,1.94,0.19,-1/13,buy,701.59-1179.18,-7.75,8.0,1610.0,1439.67,Buy time,529.33 thousand,Industrials,Rental & Leasing Services,1.787,1094.73,1337.01,1.01,0.81,0.36
ABM,2.31,48.97,47.49,27.06,-1,0.05,0.05,-1/13,hold,36.96-51.29,3.14,5.0,68.0,61.96,Sell ALL,429.60 thousand,Industrials,Specialty Business Services,0.67,48.08,57.41,0.98,0.85,0.08
DKL,2.31,54.93,73.94,9.13,-1,0,0,-1/13,hold,42.35-61.5,2.11,11.0,61.0,57.08,Sell ALL,135.79 thousand,Energy,Oil & Gas Refining & Marketing,0.413,56.58,69.31,1.03,0.79,0.43
SGU,2.34,12.88,31.49,1.1,2,0,0,2/13,,11.39-13.53,2.72,5.0,0.1,0.1,Buy,18.55 thousand,Energy,Oil & Gas Refining & Marketing,0.325,12.89,15.39,1.0,0.84,0.45
TSSI,2.34,10.24,48.72,-2.48,-3,-0.02,-0.28,-3/13,strongBuy,6.87-21.77,7.42,53.0,20.0,18.25,Buy time,776.75 thousand,Technology,Information Technology Services,2.007,10.05,11.83,0.98,0.87,0.19
DAR,2.35,62.94,120.94,12.51,1,1.26,1.09,1/13,buy,29.15-69.98,-7.52,10.0,90.0,85.79,Sell ALL,2.27 million,Consumer Defensive,Packaged Foods,1.029,64.27,77.98,1.02,0.81,0.14
GWW,2.35,1280.3,92.98,-11.33,1,2.15,0.2,1/13,hold,906.52-1419.91,-2.92,10.0,1500.0,1415.82,Buy time,254.73 thousand,Industrials,Industrial Distribution,1.034,1328.12,1608.83,1.04,0.8,0.21
NUE,2.39,240.39,168.78,18.27,2,0.72,0.22,2/13,buy,131.32-280.11,-13.16,14.000000000000002,310.0,296.97,Sell ALL,1.39 million,Basic Materials,Steel,1.881,255.02,307.32,1.06,0.78,0.14
NRGV,2.39,3.94,37.33,60.64,-3,-0.03,-0.2,-3/13,buy,2.5-6.645,3.05,41.0,8.03,7.12,== less Sell ALL==,5.50 million,Utilities,Utilities - Renewable,1.237,3.84,4.65,0.97,0.85,0.32
NEPH,2.39,3.67,154.1,37.53,0,0.04,4.43,0/13,strongBuy,2.66-6.42,-17.71,43.0,8.0,7.12,Sell ALL,30.21 thousand,Healthcare,Medical Instruments & Supplies,1.556,4.18,5.13,1.14,0.72,1.03
LZM,2.4,3.85,39.14,29.77,-1,1,1,-1/13,buy,3.0-6.4,-3.9,40.0,10.88,9.75,Sell ALL,429.52 thousand,Basic Materials,Other Industrial Metals & Mining,1.327,3.93,4.76,1.02,0.81,0.21
MCN,2.41,5.26,67.26,-7.22,4,1,1,4/13,,5.18-6.39,-5.69,18.0,0.1,0.1,Sell ALL,62.88 thousand,Financial Services,Asset Management,0.68,5.54,6.71,1.05,0.78,0.55
C,2.41,128.5,115.93,-13.7,2,0.89,0.34,2/13,buy,93.66-147.96,-7.79,13.0,176.0,165.53,Sell ALL,10.37 million,Financial Services,Banks - Diversified,1.097,136.24,162.52,1.06,0.79,0.13
AGD,2.42,11.35,100.0,-2.93,5,1,1,5/13,hold,10.41-13.98,-8.96,19.0,0.1,0.1,Sell ALL,104.87 thousand,Financial Services,Asset Management,0.933,12.02,14.47,1.06,0.78,0.18
ALRM,2.43,54.68,60.17,19.73,0,0.17,0.27,0/13,buy,41.49-58.145,-0.59,6.0,85.0,74.0,- Buy time -,499.79 thousand,Technology,Software - Application,0.764,55.11,65.88,1.01,0.83,0.08
EQIX,2.44,1025.72,94.23,4.55,2,0.14,0.03,2/13,buy,720.62-1128.68,-7.01,9.0,1380.0,1307.1,Sell ALL,553.85 thousand,Real Estate,REIT - Specialty,0.973,1055.37,1269.31,1.03,0.81,0.09
RKLB,2.44,73.92,197.44,-11.16,0,0.01,0.07,0/13,buy,37.57-151.0,-11.04,51.0,150.0,129.57,Buy time,20.40 million,Industrials,Aerospace & Defense,2.612,73.87,87.83,1.0,0.84,0.14
MITK,2.44,17.75,130.89,-2.14,0,0.09,0.3,0/13,buy,8.53-21.05,-4.39,16.0,26.0,24.31,- Buy time -,870.22 thousand,Technology,Software - Application,0.991,18.53,22.43,1.04,0.79,0.25
EC,2.45,16.6,41.88,25.48,3,0.47,0.98,3/13,hold,8.57-18.38,-6.45,10.0,18.0,16.05,Sell ALL,1.93 million,Energy,Oil & Gas Integrated,1,17.0,20.28,1.02,0.82,0.12
DD,2.46,129.98,99.46,-10.97,3,0.32,0.2,3/13,buy,92.48536-157.98,-9.59,18.0,186.0,177.81,Buy time,1.20 million,Basic Materials,Specialty Chemicals,1.085,137.23,162.7,1.06,0.8,0.05
GLP,2.46,46.9,86.06,-8.12,5,2.14,5.11,5/13,hold,39.58-54.29,-8.49,14.000000000000002,0.1,0.1,Sell ALL,86.82 thousand,Energy,Oil & Gas Midstream,1.054,50.19,60.57,1.07,0.77,0.36
RACE,2.47,388.33,36.58,10.85,3,0.07,0.03,3/13,buy,312.51-501.4,-7.41,23.0,517.8431,488.85,Sell ALL,470.38 thousand,Consumer Cyclical,Auto Manufacturers,0.6,402.59,485.79,1.04,0.8,0.27
VTEX,2.47,3.65,78.34,-14.38,-3,0.06,1.48,-3/13,hold,2.841-4.62,3.29,21.0,12.0,8.79,- Buy time -,875.49 thousand,Technology,Software - Application,0.99,3.91,4.71,1.07,0.77,0.16
NDAQ,2.48,90.33,114.13,20.31,1,0.12,0.12,1/13,buy,76.55-101.79,-6.67,11.0,132.0,120.47,Sell ALL,3.55 million,Financial Services,Financial Data & Stock Exchanges,0.974,94.03,112.96,1.04,0.8,0.09
EG,2.49,368.27,24.52,0.68,1,2.44,0.17,1/13,hold,302.44-401.07,1.38,8.0,480.0,445.44,Sell ALL,355.85 thousand,Financial Services,Insurance - Reinsurance,0.277,376.94,454.43,1.02,0.81,0.14
BYNO,2.51,12.94,0.0,0.0,0,1,1,0/13,,12.15-12.94,0.0,0.0,0.1,0.1,Sell ALL,7,Financial Services,Shell Companies,1,12.94,inf,1.0,0.0,2.5
BATRA,2.51,57.62,67.0,4.68,2,1,1,2/13,,41.5-60.48,2.6,5.0,0.1,0.1,Buy time,77.94 thousand,Communication Services,Entertainment,0.813,56.59,68.53,0.98,0.84,0.2
UBS,2.51,47.71,86.27,-15.72,4,0.07,0.1,4/13,hold,36.295-55.985,-12.01,15.0,62.6,58.82,Sell ALL,2.15 million,Financial Services,Banks - Diversified,0.832,52.75,63.32,1.11,0.75,0.31
MPV,2.52,15.98,18.11,5.93,4,1,1,4/13,,15.05-20.58,-2.42,22.0,0.1,0.1,Sell ALL,27.36 thousand,Financial Services,Asset Management,0.433,16.34,19.55,1.02,0.82,0.54
WABC,2.52,59.6,59.35,10.65,1,0.13,0.12,1/13,hold,44.93-63.61,0.17,6.0,64.0,64.0,- Buy time -,191.43 thousand,Financial Services,Banks - Regional,0.548,59.71,71.3,1.0,0.84,0.1
DB,2.52,34.97,77.42,0.6,3,0,0,3/13,buy,28.12-41.62,-9.01,16.0,43.0,41.75,Sell ALL,2.16 million,Financial Services,Banks - Regional,0.996,37.77,45.97,1.08,0.76,0.34
FOXA,2.53,62.28,25.08,43.09,3,0.76,0.66,3/13,buy,48.34-76.39,-10.61,18.0,112.0,94.21,Sell ALL,5.28 million,Communication Services,Entertainment,0.559,63.12,74.81,1.01,0.83,0.18
COLM,2.53,57.27,79.7,-18.97,0,1.21,3.18,0/13,hold,47.47-69.06,0.31,17.0,92.0,80.92,- Buy time -,631.91 thousand,Consumer Cyclical,Apparel Manufacturing,0.931,59.37,71.83,1.04,0.8,0.17
CEG,2.53,257.49,130.69,16.13,1,0.41,0.17,1/13,buy,228.63-412.7,-8.04,38.0,395.0,368.27,Sell ALL,2.98 million,Utilities,Utilities - Independent Power Producers,1.117,272.84,327.6,1.06,0.79,0.16
SSYS,2.53,8.7,138.67,14.35,-1,0.03,3.56,-1/13,buy,7.34-12.81,-1.61,32.0,12.5,12.25,Buy time,646.79 thousand,Technology,Computer Hardware,1.938,8.37,10.13,0.96,0.86,0.15
INCY,2.54,115.3,65.58,-0.69,2,1.41,0.79,2/13,hold,82.82-132.6,-7.11,13.0,155.0,141.71,Sell ALL,1.95 million,Healthcare,Biotechnology,0.77,123.28,151.66,1.07,0.76,0.6
EARN,2.55,4.03,109.31,-5.13,1,-0.1,-0.48,1/13,hold,3.98-5.72,-5.45,30.0,5.0,5.0,Sell ALL,350.82 thousand,Financial Services,Asset Management,1.27,4.23,5.07,1.05,0.79,0.51
CEVA,2.55,37.1,40.43,-17.02,-3,0.03,1.31,-3/13,buy,17.02-51.6,11.83,28.000000000000004,60.0,53.33,Buy time,806.72 thousand,Technology,Semiconductors,1.977,34.77,42.15,0.94,0.88,0.24
CSCO,2.56,112.2,128.74,0.0,-1,0.07,0.07,-1/13,buy,66.81-130.37,-0.24,14.000000000000002,170.0,153.08,Buy time,20.25 million,Technology,Communication Equipment,0.992,114.7,138.6,1.02,0.81,0.14
SYRE,2.56,93.19,266.79,-3.0,0,0.3,0.39,0/13,buy,15.86-110.175,-12.24,15.0,130.0,125.11,Buy time,1.22 million,Healthcare,Biotechnology,3.0,97.62,116.4,1.05,0.8,0.22
MNKD,2.57,3.8,40.9,-24.67,0,-0.06,-5.6,0/13,buy,2.23-6.51,-2.63,42.0,13.0,10.48,- Buy time -,4.41 million,Healthcare,Biotechnology,1.099,3.99,4.86,1.05,0.78,0.22
LMB,2.59,49.1,73.6,-90.48,-2,0.14,1.76,-2/13,buy,40.74-114.95,8.23,56.99999999999999,95.0,86.1,Sell ALL,388.82 thousand,Industrials,Building Products & Equipment,1.406,57.39,66.79,1.17,0.74,0.48
CTS,2.6,61.6,118.88,13.28,0,0.23,0.41,0/13,strongBuy,36.03-69.55,-2.8,11.0,80.0,75.33,Buy time,225.94 thousand,Technology,Electronic Components,1.032,61.28,75.1,0.99,0.82,0.27
GATX,2.6,171.03,122.8,-1.62,1,0.45,0.19,1/13,buy,150.42-205.56,-5.22,17.0,223.0,221.12,Sell ALL,241.44 thousand,Industrials,Rental & Leasing Services,1.178,179.86,219.05,1.05,0.78,0.27
LAZR,2.6,48.28,158.17,58.45,1,1,1,1/13,,32.55-50.82,-4.6,5.0,0.1,0.1,Buy time,210.09 thousand,N/A,N/A,1,44.61,56.08,0.92,0.86,0.4
KELYB,2.61,22.4,75.28,-10.76,1,1,1,1/13,,8.38-125.0,-6.88,82.0,0.1,0.1,Buy,1.58 thousand,Industrials,Staffing & Employment Services,0.864,23.28,37.71,1.04,0.59,2.5
BOLD,2.61,2.62,36.44,21.24,2,-0.52,-0.9,2/13,hold,0.961-3.164,-8.02,17.0,4.0,4.0,Sell ALL,238.72 thousand,Healthcare,Biotechnology,0.437,2.76,3.47,1.05,0.76,0.73
AIRT,2.62,29.8,-27.12,32.54,-2,1,1,-2/13,,18.35-35.0,6.68,15.0,0.1,0.1,Sell,25.66 thousand,Industrials,Conglomerates,0.275,30.7,39.91,1.03,0.75,2.5
NRT,2.63,8.46,24.06,50.74,4,1,1,4/13,,5.23-10.49,-3.19,19.0,0.1,0.1,mere Sell (some bought),32.98 thousand,Energy,Oil & Gas E&P,1,8.61,10.26,1.02,0.82,0.22
NXDT,2.64,5.3,95.08,8.64,0,1,1,0/13,,2.55-5.95,7.14,11.0,0.1,0.1,- Buy time -,152.89 thousand,Real Estate,REIT - Diversified,0.901,5.32,6.46,1.0,0.82,0.23
SPRB,2.65,45.71,224.57,-6.77,0,-3.38,-0.55,0/13,buy,30.03-240.0,-15.77,81.0,230.0,189.0,Sell ALL,72.22 thousand,Healthcare,Biotechnology,3.361,52.37,62.43,1.15,0.73,0.22
FTWO,2.66,44.61,87.63,11.47,3,1,1,3/13,,37.724-49.658,-4.2,10.0,0.1,0.1,Sell ALL,8.66 thousand,N/A,N/A,1,45.65,56.56,1.02,0.79,0.66
MGA,2.67,64.57,208.08,9.96,1,0.7,0.58,1/13,hold,43.11-73.22,-10.41,12.0,80.0,76.56,Buy,1.32 million,Consumer Cyclical,Auto Parts,1.833,66.77,80.41,1.03,0.8,0.17
NCNO,2.68,18.68,49.64,26.82,3,0.06,0.2,3/13,strongBuy,13.8-27.5,-8.3,32.0,28.0,26.14,Sell ALL,2.66 million,Technology,Software - Application,0.693,20.14,24.01,1.08,0.78,0.14
PCF,2.69,5.11,64.73,-6.06,5,1,1,5/13,,4.95-6.35,-6.28,20.0,0.1,0.1,Sell ALL,107.97 thousand,Financial Services,Asset Management,0.651,5.34,6.6,1.05,0.77,0.42
BCAL,2.69,21.78,19.2,20.09,1,0.06,0.14,1/13,buy,15.85-22.41,2.24,3.0,25.0,24.88,Buy,222.70 thousand,Financial Services,Banks - Regional,0.29,21.5,26.26,0.99,0.83,0.19
GRWG,2.7,1.57,193.81,18.95,1,0.01,0.18,1/13,buy,1.005-2.4,-20.38,35.0,2.5,2.5,Sell ALL,573.46 thousand,Consumer Cyclical,Specialty Retail,2.561,1.61,2.16,1.03,0.73,1.6
LCUT,2.71,9.12,108.09,46.65,0,1.59,7.78,0/13,buy,2.9-10.17,-4.28,10.0,13.0,12.75,Buy time,177.89 thousand,Consumer Cyclical,Furnishings, Fixtures & Appliances,0.964,9.07,10.83,0.99,0.84,0.25
GCO,2.72,34.8,139.74,19.28,-1,0.94,0.55,-1/13,hold,21.93-43.6,0.46,20.0,45.0,42.33,Buy time,209.63 thousand,Consumer Cyclical,Apparel Retail,1.804,35.5,42.32,1.02,0.82,0.07
MOS,2.72,21.07,65.93,12.86,0,-0.18,-0.83,0/13,hold,19.8-36.0,0.09,41.0,35.0,30.89,Sell ALL,8.76 million,Basic Materials,Agricultural Inputs,0.831,23.42,28.02,1.11,0.75,0.15
TACT,2.73,4.81,89.21,-6.9,0,0,0,0/13,strongBuy,3.06-6.02,-3.95,20.0,7.0,7.0,Sell ALL,19.31 thousand,Technology,Computer Hardware,1.217,5.29,6.37,1.1,0.76,0.99
VIRT,2.73,58.79,35.78,-16.93,2,0.63,0.38,2/13,hold,31.55-68.76,-0.84,14.000000000000002,73.0,69.64,Buy time,1.14 million,Financial Services,Capital Markets,0.619,61.48,73.8,1.05,0.8,0.36
EME,2.74,786.61,132.64,12.5,2,2.77,0.41,2/13,buy,564.92-951.96,-9.65,17.0,1200.0,1116.64,Buy time,375.96 thousand,Industrials,Engineering & Construction,1.13,785.9,940.68,1.0,0.84,0.13
PRDO,2.75,31.91,72.8,-16.82,1,0.06,0.07,1/13,strongBuy,26.66-38.5,0.11,17.0,44.0,44.0,Sell ALL,779.65 thousand,Consumer Defensive,Education & Training Services,0.721,33.42,39.88,1.05,0.8,0.18
NPWR,2.76,1.39,147.06,-22.67,5,1.26,17.27,5/13,buy,1.35-5.2,-24.46,73.0,3.5,3.17,Sell ALL,706.59 thousand,Industrials,Specialty Industrial Machinery,1.105,1.72,2.04,1.24,0.68,0.3
TXN,2.76,293.8,61.59,-2.02,0,0.51,0.33,0/13,buy,152.73-334.03,3.71,12.0,400.0,362.35,Buy time,7.31 million,Technology,Semiconductors,1.314,283.06,336.49,0.96,0.87,0.09
DGX,2.76,233.33,35.9,30.76,1,0.43,0.16,1/13,buy,171.18-248.84,-0.94,6.0,265.0,256.37,Sell ALL,1.17 million,Healthcare,Diagnostics & Research,0.549,236.26,290.45,1.01,0.8,0.5
ALTG,2.77,6.48,205.45,18.57,-1,0.1,0.7,-1/13,buy,4.155-8.69,-8.33,25.0,12.0,10.91,Buy time,220.63 thousand,Industrials,Industrial Distribution,1.704,6.68,8.18,1.03,0.79,0.3
FLYW,2.77,17.58,115.8,1.98,1,0.02,0.15,1/13,hold,10.55-19.73,-4.1,11.0,25.0,23.08,- Buy time -,1.76 million,Technology,Software - Infrastructure,1.307,17.99,21.44,1.02,0.82,0.17
WRBY,2.78,27.03,126.3,0.36,-2,0.03,0.34,-2/13,buy,14.96-31.0,5.29,13.0,35.0,32.73,- Buy time -,3.09 million,Healthcare,Medical Instruments & Supplies,1.914,26.28,31.95,0.97,0.85,0.2
VSH,2.78,38.18,100.76,-9.13,-2,0.07,1.06,-2/13,buy,11.77-69.47,7.1,45.0,45.0,42.5,Buy time,5.21 million,Technology,Semiconductors,1.805,36.24,43.08,0.95,0.89,0.41
AIT,2.78,343.45,116.59,23.6,1,0.25,0.09,1/13,buy,238.34-374.8,-4.46,8.0,420.0,410.0,Buy time,286.15 thousand,Industrials,Industrial Distribution,0.834,339.3,404.29,0.99,0.85,0.19
OFG,2.78,51.29,77.07,14.66,2,0.49,0.46,2/13,hold,35.71-54.47,-3.62,6.0,58.0,57.25,Sell ALL,297.15 thousand,Financial Services,Banks - Regional,0.699,52.14,63.69,1.02,0.81,0.17
MEI,2.79,15.74,174.59,18.11,2,-0.11,-0.53,2/13,hold,4.88-20.38,-14.87,23.0,30.0,26.0,Buy time,624.00 thousand,Technology,Electronic Components,1.543,16.2,19.43,1.03,0.81,0.14
SHOO,2.8,45.97,134.72,46.75,-1,0.19,0.54,-1/13,buy,31.33-49.7,-0.86,8.0,60.0,56.2,Buy time,1.05 million,Consumer Cyclical,Footwear & Accessories,1.159,44.28,53.25,0.96,0.86,0.11
BGR,2.8,17.05,52.72,30.03,3,1,1,3/13,,12.92-17.92,0.84,5.0,0.1,0.1,Sell ALL,94.42 thousand,Financial Services,Asset Management,0.376,16.76,20.05,0.98,0.85,0.14
COST,2.81,920.65,75.82,-7.56,2,0.23,0.04,2/13,buy,844.06-1096.5,-3.57,16.0,1315.0,1186.47,Buy time,2.04 million,Consumer Defensive,Discount Stores,0.855,938.44,1132.82,1.02,0.81,0.15
FCFS,2.81,210.36,12.63,-3.02,3,0.41,0.17,3/13,buy,146.77-238.93,-2.8,12.0,255.0,252.12,Sell ALL,489.82 thousand,Financial Services,Credit Services,0.53,218.78,263.57,1.04,0.8,0.38
MITN,2.81,25.35,77.73,1.61,-1,1,1,-1/13,,24.552-26.0,-0.39,2.0,0.1,0.1,Sell ALL,2.55 thousand,N/A,N/A,1,25.37,32.18,1.0,0.79,2.5
SIBN,2.82,18.08,64.53,19.67,1,0.15,0.88,1/13,buy,11.48-21.89,-3.37,17.0,32.0,28.5,Sell ALL,616.26 thousand,Healthcare,Medical Devices,0.705,18.59,22.31,1.03,0.81,0.14
OSCR,2.83,30.94,169.66,7.21,-1,1.69,2.77,-1/13,hold,10.69-34.48,-1.97,10.0,49.0,42.2,mere Sell (some bought),6.39 million,Healthcare,Healthcare Plans,2.369,31.4,37.13,1.01,0.83,0.09
VRTX,2.83,504.73,12.9,4.93,3,0.14,0.03,3/13,buy,400.74-560.25,-2.14,10.0,672.0,621.7,Sell ALL,1.21 million,Healthcare,Biotechnology,0.32,516.13,622.31,1.02,0.81,0.08
RMD,2.84,218.89,5.35,19.34,2,0.12,0.04,2/13,hold,180.27-284.87,-0.68,23.0,320.0,285.11,Sell ALL,1.55 million,Healthcare,Medical Instruments & Supplies,0.766,220.14,263.87,1.01,0.83,0.17
MAIN,2.84,55.11,70.57,23.91,2,-0.07,-0.07,2/13,hold,48.95-65.23,-4.47,16.0,70.0,65.17,Sell ALL,616.20 thousand,Financial Services,Asset Management,0.731,56.13,67.96,1.02,0.81,0.2
NKTX,2.85,2.58,48.18,-70.26,-1,-0.18,-0.49,-1/13,buy,1.7-3.72,5.63,31.0,14.0,12.42,Sell ALL,630.87 thousand,Healthcare,Biotechnology,0.975,2.76,3.24,1.07,0.8,0.05
EVT,2.86,27.78,107.11,10.55,4,1,1,4/13,,23.0-29.65,-5.29,6.0,0.1,0.1,Sell ALL,112.00 thousand,Financial Services,Asset Management,1.024,28.34,34.21,1.02,0.81,0.31
TVTX,2.86,56.93,83.99,-2.85,4,-0.31,0.56,4/13,buy,22.59-68.73,-11.59,17.0,90.0,82.61,Sell ALL,1.55 million,Healthcare,Biotechnology,1.059,62.58,75.98,1.1,0.75,0.2
WFCF,2.88,12.73,-14.42,2.02,0,-0.02,-0.15,0/13,,9.15-22.15,3.06,43.0,0.1,0.1,Buy,153.88 thousand,Industrials,Specialty Business Services,0.112,13.44,186.9,1.06,0.07,2.5
PCTY,2.89,144.47,36.29,63.3,0,0.54,0.26,0/13,buy,92.99-161.93,-0.69,11.0,250.0,211.07,- Buy time -,754.04 thousand,Technology,Software - Application,0.454,143.14,172.2,0.99,0.84,0.17
BCDA,2.89,1.04,-37.41,42.22,-4,0.02,0.08,-4/13,buy,0.75-1.8,9.62,42.0,25.0,20.25,Sell,519.74 thousand,Healthcare,Biotechnology,0.545,1.06,1.38,1.02,0.75,0.74
NWS,2.9,31.65,87.55,15.93,4,0.13,0.57,4/13,buy,25.49-35.76,-2.94,11.0,0.1,0.1,Sell ALL,1.21 million,Communication Services,Entertainment,0.923,32.79,39.49,1.04,0.8,0.11
WW,2.9,14.74,-17.05,10.41,-2,-2.36,-0.73,-2/13,hold,8.365-38.38,7.87,62.0,35.0,31.25,Sell ALL,238.34 thousand,Healthcare,Medical Care Facilities,1,16.04,19.47,1.09,0.76,0.34
PDCC,2.92,8.38,98.94,-14.93,1,-0.19,-0.44,1/13,buy,8.379-16.75,-5.52,50.0,11.0,10.88,Sell ALL,3.18 thousand,Financial Services,Asset Management,1,8.98,11.47,1.07,0.73,1.05
HRZN,2.93,4.62,100.84,16.5,2,0.0,0.01,2/13,hold,3.8-6.85,-6.15,33.0,6.0,5.54,Sell ALL,666.42 thousand,Financial Services,Asset Management,0.976,4.63,5.51,1.0,0.84,0.28
JCE,2.96,16.83,84.29,11.91,3,1,1,3/13,,13.99-17.45,-0.07,4.0,0.1,0.1,Sell ALL,34.34 thousand,Financial Services,Asset Management,1,16.68,20.29,0.99,0.83,0.29
ECPG,2.96,95.92,118.82,27.62,2,2.46,0.92,2/13,buy,39.95-104.98,-8.09,9.0,120.0,117.83,== less Sell ALL==,454.66 thousand,Financial Services,Credit Services,1.277,98.28,118.84,1.02,0.81,0.36
WES,2.97,44.76,58.23,3.0,4,0.17,0.21,4/13,hold,36.9-50.07,-8.56,11.0,58.0,53.85,Sell ALL,907.68 thousand,Energy,Oil & Gas Midstream,0.658,47.47,57.68,1.06,0.78,0.31
BCE,2.99,19.73,55.02,-15.44,7,0.0,0.02,7/13,hold,19.73-26.52,-16.76,26.0,28.223942,27.32,Sell ALL,4.04 million,Communication Services,Telecom Services,0.614,22.34,26.9,1.13,0.73,0.24
YORW,2.99,30.76,73.96,8.92,4,0.09,0.23,4/13,hold,28.26-34.81,-6.68,12.0,31.0,31.0,Sell ALL,177.76 thousand,Utilities,Utilities - Regulated Water,0.611,32.19,39.73,1.05,0.77,0.06
AWR,3.01,82.82,64.58,-0.3,4,0.16,0.17,4/13,hold,69.45-91.72,-6.1,10.0,89.0,86.5,Sell ALL,284.47 thousand,Utilities,Utilities - Regulated Water,0.565,87.12,105.8,1.05,0.78,0.13
PLXS,3.01,273.13,95.62,11.38,1,0.35,0.17,1/13,buy,132.03-307.06,-0.39,11.0,330.0,317.3,Buy time,272.14 thousand,Technology,Electronic Components,0.892,261.83,315.94,0.96,0.86,0.12
RIO,3.02,94.21,75.2,23.01,2,1,1,2/13,buy,65.35-112.58,-3.18,16.0,118.0,110.82,Sell ALL,2.64 million,Basic Materials,Other Industrial Metals & Mining,0.664,96.63,116.32,1.03,0.81,0.14
GEG,3.02,2.16,47.42,-5.43,3,1,1,3/13,,1.8-2.83,0.46,24.0,0.1,0.1,Buy,10.32 thousand,Financial Services,Asset Management,0.569,2.2,2.8,1.02,0.77,0.83
FOXF,3.02,18.65,169.93,34.11,1,0.29,2.27,1/13,hold,13.08-25.67,-10.19,27.0,26.0,23.92,Buy,642.23 thousand,Consumer Cyclical,Auto Parts,1.382,19.74,24.05,1.06,0.78,0.51
CLW,3.02,19.81,28.77,80.61,2,-0.15,-0.09,2/13,hold,11.73-23.59,-4.14,16.0,25.0,23.25,Sell ALL,152.96 thousand,Basic Materials,Paper & Paper Products,0.224,20.07,23.78,1.01,0.83,0.19
PVH,3.02,75.53,155.28,2.88,0,0.81,0.31,0/13,hold,59.6-100.75,-3.45,25.0,128.0,109.42,Buy time,967.87 thousand,Consumer Cyclical,Apparel Manufacturing,1.722,79.01,94.45,1.05,0.8,0.11
TILE,3.03,34.89,176.79,23.54,1,0.32,0.62,1/13,buy,24.4-40.5,-8.94,14.000000000000002,50.0,47.62,- Buy time -,558.03 thousand,Consumer Cyclical,Furnishings, Fixtures & Appliances,1.919,36.06,44.08,1.03,0.79,0.3
B,3.04,40.23,109.16,38.46,1,0.18,0.22,1/13,buy,30.35-54.69,-5.29,26.0,63.0,57.35,Sell ALL,10.13 million,Basic Materials,Gold,1.15,41.46,49.93,1.03,0.81,0.17
ACRV,3.05,1.99,102.12,11.45,-2,0.1,0.19,-2/13,buy,1.27-3.56,-3.02,44.0,19.0,15.25,Sell ALL,573.61 thousand,Healthcare,Biotechnology,1.934,1.96,2.45,0.98,0.81,0.72
CFFN,3.06,8.58,61.8,14.0,2,0.02,0.12,2/13,hold,5.97-9.26,-1.63,7.000000000000001,10.0,9.75,Sell ALL,880.85 thousand,Financial Services,Banks - Regional,0.66,8.73,10.58,1.02,0.81,0.25
WMG,3.09,26.82,89.52,-12.49,0,0.26,0.78,0/13,buy,23.34-35.42,1.66,24.0,46.0,41.91,Sell ALL,2.48 million,Communication Services,Entertainment,1.302,27.95,33.97,1.04,0.79,0.2
AVY,3.1,169.87,84.87,21.3,2,0.46,0.19,2/13,buy,152.42-199.54,-3.37,15.0,225.0,213.4,- Buy time -,860.85 thousand,Consumer Cyclical,Packaging & Containers,0.814,171.84,206.27,1.01,0.82,0.09
HVT,3.1,27.5,110.59,33.29,1,0.02,0.09,1/13,strongBuy,19.89-29.83,-3.42,8.0,36.0,34.5,Sell ALL,123.10 thousand,Consumer Cyclical,Home Improvement Retail,1.187,27.21,32.8,0.99,0.84,0.21
TNET,3.12,63.24,87.34,39.82,2,1.24,0.99,2/13,hold,33.61-73.08,-5.67,13.0,82.0,74.1,Sell ALL,394.80 thousand,Industrials,Staffing & Employment Services,0.933,65.99,79.82,1.04,0.79,0.29
BDTX,3.12,1.89,209.9,4.19,-1,0.08,0.4,-1/13,buy,1.6-4.94,-8.47,62.0,14.0,12.0,== less Sell ALL==,773.66 thousand,Healthcare,Biotechnology,3.311,2.02,2.39,1.07,0.79,0.03
HSBC,3.13,96.14,68.51,2.58,4,-0.08,-0.03,4/13,hold,64.65-107.92,-7.97,11.0,115.24,110.66,Sell ALL,1.52 million,Financial Services,Banks - Diversified,0.571,102.24,124.84,1.06,0.77,0.36
ARTNA,3.16,33.62,42.5,-0.52,6,0,0,6/13,,30.5-36.98,-3.96,9.0,0.1,0.1,Sell ALL,34.21 thousand,Utilities,Utilities - Regulated Water,0.324,34.98,42.2,1.04,0.8,0.19
BANR,3.16,67.88,75.25,8.8,4,0.19,0.14,4/13,hold,57.05-74.84,-8.5,9.0,81.0,78.42,Sell ALL,353.79 thousand,Financial Services,Banks - Regional,0.816,70.64,84.7,1.04,0.8,0.34
ISPR,3.17,1.38,217.87,40.74,-1,-0.41,-24.5,-1/13,buy,1.01-3.87,-13.77,64.0,6.5,5.75,- Buy time -,49.80 thousand,Consumer Defensive,Tobacco,2.06,1.6,2.14,1.16,0.64,0.48
HNVR,3.17,25.64,22.89,34.5,4,0.02,0.04,4/13,hold,19.905-27.94,-6.86,8.0,30.0,28.67,Sell ALL,51.68 thousand,Financial Services,Banks - Regional,0.095,26.48,31.76,1.03,0.81,0.41
IDYA,3.17,37.36,-5.33,-0.26,2,-0.3,-0.3,2/13,buy,26.05-42.68,2.19,12.0,65.0,58.88,Sell ALL,706.66 thousand,Healthcare,Biotechnology,1,38.33,46.23,1.03,0.81,0.07
AVNW,3.18,20.68,81.52,4.72,2,-0.29,-0.69,2/13,buy,13.92-27.02,-6.58,23.0,42.0,37.38,Buy time,159.76 thousand,Technology,Communication Equipment,0.698,21.44,25.76,1.04,0.8,0.22
BSBR,3.18,5.4,23.31,24.98,3,-0.04,-0.19,3/13,hold,4.94-7.32,-5.74,26.0,8.1,7.43,Sell ALL,3.42 million,Financial Services,Banks - Regional,0.183,5.67,6.73,1.05,0.8,0.53
MTRN,3.18,312.16,91.97,85.76,-3,0.4,0.27,-3/13,buy,109.61-314.24,7.81,1.0,330.0,316.87,Buy time,340.75 thousand,Basic Materials,Other Industrial Metals & Mining,1.081,264.85,322.91,0.85,0.97,0.39
TBN,3.19,33.65,13.12,14.3,4,-0.05,-0.15,4/13,buy,22.335-52.21,-11.0,36.0,75.0,65.83,Sell ALL,153.22 thousand,Energy,Oil & Gas E&P,0.281,36.6,43.88,1.09,0.77,0.4
PTGX,3.2,140.06,182.42,2.72,3,1.06,1.26,3/13,buy,62.24-160.81,-13.25,13.0,225.0,199.85,Sell ALL,613.48 thousand,Healthcare,Biotechnology,1.794,145.64,176.11,1.04,0.8,0.13
THG,3.21,219.43,28.31,10.29,3,2.58,0.66,3/13,hold,166.54-236.07,-0.79,7.000000000000001,260.0,249.12,Sell ALL,306.59 thousand,Financial Services,Insurance - Property & Casualty,0.276,224.41,267.03,1.02,0.82,0.15
ALRS,3.21,32.67,72.08,20.72,2,0.29,0.51,2/13,hold,20.31-34.4,-1.81,5.0,38.0,36.6,Buy,173.97 thousand,Financial Services,Banks - Regional,0.683,32.81,39.81,1.0,0.82,0.25
DLB,3.21,58.89,59.78,48.87,2,0.05,0.05,2/13,buy,48.26-72.96,-4.18,19.0,90.0,84.5,Buy,957.35 thousand,Industrials,Specialty Business Services,0.802,58.31,70.09,0.99,0.84,0.11
EDF,3.22,4.94,91.97,-21.95,5,1,1,5/13,,4.72-5.67,-3.9,13.0,0.1,0.1,Sell ALL,127.99 thousand,Financial Services,Asset Management,1,5.25,6.23,1.06,0.79,0.41
LPSN,3.23,1.75,120.0,0.0,0,0,0,0/2,,1.4-8.999999,0.0,81.0,5.0,4.5,Sell,99.65 thousand,Technology,Software - Application,1.44,1.8,2.21,1.03,0.79,-0.74
WHG,3.23,19.61,59.74,5.29,3,1,1,3/13,,14.7-20.97,1.79,6.0,0.1,0.1,Buy time,20.98 thousand,Financial Services,Asset Management,0.58,19.52,24.17,1.0,0.81,0.6
SPWH,3.24,1.13,-2.76,-28.89,0,0.22,0.58,0/13,buy,1.08-3.35,-2.65,66.0,3.5,3.21,== less Sell ALL==,635.00 thousand,Consumer Cyclical,Specialty Retail,0.422,1.21,1.48,1.07,0.76,1.44
GOSS,3.25,10.71,130.11,-16.65,-3,-0.54,0.01,-3/13,hold,9.12-309.6,-4.58,97.0,120.0,101.24,Sell ALL,446.31 thousand,Healthcare,Biotechnology,2.004,13.73,17.33,1.28,0.62,1.7
MAT,3.25,15.27,43.08,42.45,-3,-0.02,-0.73,-3/13,buy,12.4-22.48,4.52,32.0,28.0,23.08,Buy,8.10 million,Consumer Cyclical,Leisure,0.726,14.66,18.85,0.96,0.81,1.28
HUM,3.26,388.36,56.36,-3.97,2,0.72,0.1,2/13,hold,163.11-428.88,1.04,9.0,515.0,469.37,Buy,1.19 million,Healthcare,Healthcare Plans,0.745,395.6,472.19,1.02,0.82,0.1
GNW,3.26,9.55,92.3,10.85,3,0.02,0.07,3/13,strongBuy,7.84-10.69,-5.65,11.0,11.5,11.5,Sell ALL,4.17 million,Financial Services,Insurance - Life,0.855,10.01,12.09,1.05,0.79,0.26
BLK,3.27,1059.63,153.98,20.03,2,2.29,0.19,2/13,buy,917.39-1219.94,-7.7,13.0,1479.0,1397.32,Sell ALL,669.65 thousand,Financial Services,Asset Management,1.429,1101.05,1320.98,1.04,0.8,0.14
KWR,3.27,160.73,134.19,24.2,2,0.54,0.32,2/13,buy,112.18-183.01,-5.74,12.0,200.0,196.29,Buy time,165.51 thousand,Basic Materials,Specialty Chemicals,1.393,161.49,192.15,1.0,0.84,0.15
CDLR,3.29,22.18,95.02,4.99,2,1,1,2/13,buy,15.37-30.01,-5.41,26.0,34.0,34.0,Sell ALL,68.17 thousand,Industrials,Engineering & Construction,0.715,23.93,28.62,1.08,0.77,0.48
FRST,3.31,15.62,77.83,5.52,4,-0.1,-0.23,4/13,buy,9.55-16.88,-6.53,7.000000000000001,20.0,19.59,Sell ALL,151.36 thousand,Financial Services,Banks - Regional,0.72,16.07,19.32,1.03,0.81,0.07
FUBO,3.33,8.66,284.36,-15.7,1,-0.14,-1.31,1/13,buy,7.95-52.68,-18.59,84.0,23.0,20.0,Sell ALL,1.46 million,Communication Services,Broadcasting,2.425,10.15,12.1,1.17,0.72,0.26
ECCC,3.34,24.75,27.89,1.83,1,1,1,1/13,,23.02-25.5,-0.15,3.0,0.1,0.1,mere Sell (some bought),3.79 thousand,Financial Services,Asset Management,0.357,24.87,32.85,1.0,0.75,2.5
TTMI,3.36,131.87,220.43,-0.14,0,0.17,0.23,0/13,buy,53.36-223.83,-6.91,41.0,224.0,213.5,Buy time,2.49 million,Technology,Electronic Components,2.153,134.22,160.03,1.02,0.82,0.31
SEIC,3.36,102.43,100.95,21.36,2,0.34,0.25,2/13,strongBuy,75.08-112.15,-2.97,9.0,129.0,123.06,Sell ALL,743.73 thousand,Financial Services,Asset Management,0.969,105.03,125.81,1.03,0.81,0.16
MGRC,3.37,117.56,54.43,10.87,3,-0.17,-0.12,3/13,strongBuy,94.99-125.83,-2.96,7.000000000000001,150.0,147.7,Buy time,154.90 thousand,Industrials,Rental & Leasing Services,0.447,117.19,141.69,1.0,0.83,0.27
WLYB,3.37,49.53,52.26,-12.03,2,1,1,2/13,,29.6201-55.51,-3.83,11.0,0.1,0.1,Buy,920,Communication Services,Publishing,0.773,51.07,72.56,1.03,0.68,2.5
EGY,3.37,5.73,48.08,17.77,2,-0.56,-11.0,2/13,buy,3.365-6.72,-2.09,15.0,10.5,10.19,Sell ALL,1.48 million,Energy,Oil & Gas E&P,0.124,5.82,6.93,1.02,0.83,0.09
PLBC,3.38,62.54,53.21,23.02,2,0.16,0.12,2/13,strongBuy,39.8-64.0,0.1,2.0,69.0,68.17,Buy,59.35 thousand,Financial Services,Banks - Regional,0.586,61.88,74.92,0.99,0.83,0.35
INBK,3.38,27.62,72.02,12.2,3,0.34,3.75,3/13,hold,17.05-31.09,-4.22,11.0,35.0,32.95,Buy time,40.27 thousand,Financial Services,Banks - Regional,0.831,28.05,34.31,1.02,0.81,0.28
THQ,3.39,17.78,98.64,-6.81,7,1,1,7/13,,16.28-20.39,-8.87,13.0,0.1,0.1,Sell ALL,152.22 thousand,Financial Services,Asset Management,1,18.98,23.06,1.07,0.77,0.14
CPSS,3.39,9.09,108.12,-1.72,4,-0.07,-0.29,4/13,,7.39-10.49,-1.1,13.0,0.1,0.1,Sell ALL,23.66 thousand,Financial Services,Credit Services,1.107,9.52,11.46,1.05,0.79,0.24
AP,3.4,9.7,155.93,83.89,0,0.07,1.2,0/13,,1.75-12.81,2.37,24.0,0.1,0.1,Buy time,119.68 thousand,Industrials,Metal Fabrication,1.363,8.89,10.86,0.92,0.89,0.29
ORCL,3.42,142.3,80.13,12.72,0,0.33,0.18,0/13,buy,114.5-322.54,-3.06,56.00000000000001,400.0,318.99,Sell ALL,37.73 million,Technology,Software - Infrastructure,1.732,145.3,174.22,1.02,0.82,0.28
MSGE,3.42,79.87,53.52,20.55,4,0.38,0.97,4/13,hold,41.65-90.41,-6.25,12.0,103.0,97.31,Sell ALL,548.68 thousand,Communication Services,Entertainment,0.562,80.16,96.85,1.0,0.82,0.24
CACI,3.42,615.04,41.28,63.75,3,2.02,0.28,3/13,buy,434.7-683.5,-5.58,10.0,892.0,814.39,Sell ALL,309.60 thousand,Technology,Information Technology Services,0.571,601.15,722.49,0.98,0.85,0.16
VALE,3.44,13.76,65.48,4.69,1,-0.19,-0.38,1/13,hold,10.71-17.94,0.07,23.0,22.0,19.35,Sell ALL,29.49 million,Basic Materials,Other Industrial Metals & Mining,0.748,14.52,17.59,1.06,0.78,0.5
BGT,3.44,10.44,52.73,4.63,6,1,1,6/13,,10.22-12.28,-3.83,15.0,0.1,0.1,Sell ALL,122.52 thousand,Financial Services,Asset Management,0.464,10.74,12.93,1.03,0.81,0.26
YALA,3.44,5.32,26.05,-3.18,2,1,1,2/13,buy,5.01-7.83,-0.38,32.0,8.34,7.81,Sell ALL,365.79 thousand,Technology,Software - Application,0.51,5.51,6.7,1.04,0.79,0.62
AOUT,3.45,16.35,-18.54,75.46,-6,0.41,28.12,-6/13,buy,6.259-17.689,25.87,8.0,17.0,16.75,== less Sell ALL==,110.60 thousand,Consumer Cyclical,Leisure,0.265,13.96,17.27,0.85,0.95,0.59
CVNA,3.46,63.77,221.78,-5.72,1,0.08,0.22,1/13,buy,54.464-97.378,-9.91,35.0,120.0,101.65,Sell ALL,8.69 million,Consumer Cyclical,Auto & Truck Dealerships,3.497,69.73,83.68,1.09,0.76,0.25
PNTG,3.47,39.24,114.65,3.51,1,0.05,0.14,1/13,buy,22.255-42.74,0.15,8.0,49.0,47.83,Buy time,351.89 thousand,Healthcare,Medical Care Facilities,1.269,40.04,48.93,1.02,0.8,0.32
MPLX,3.48,56.38,56.95,0.52,4,-0.18,-0.17,4/13,hold,47.8-60.95,-4.79,7.000000000000001,73.0,67.92,Sell ALL,1.47 million,Energy,Oil & Gas Midstream,0.458,58.7,70.71,1.04,0.8,0.23
TTC,3.48,98.64,62.92,16.92,2,0.12,0.08,2/13,hold,67.64-105.19,1.16,6.0,120.0,115.5,Buy time,701.34 thousand,Industrials,Tools & Accessories,0.706,96.88,116.83,0.98,0.84,0.11
TRI,3.49,97.62,49.8,33.46,2,0.05,0.05,2/13,buy,76.28-164.3,-1.48,41.0,146.0,134.15,- Buy time -,1.80 million,Industrials,Specialty Business Services,0.19,100.04,120.89,1.02,0.81,0.25
WFG,3.51,66.5,99.89,8.05,2,-1.29,-1.13,2/13,strongBuy,57.34-76.99,-2.41,14.000000000000002,90.0,88.25,Sell ALL,217.81 thousand,Basic Materials,Lumber & Wood Production,1.124,69.39,83.95,1.04,0.79,0.28
PCYO,3.52,10.9,105.45,6.59,5,1,1,5/13,,9.705-12.44,-3.39,12.0,0.1,0.1,Sell ALL,76.25 thousand,Utilities,Utilities - Regulated Water,1.233,11.11,13.59,1.02,0.8,0.17
KDP,3.53,30.37,22.72,-1.7,3,0.05,0.1,3/13,buy,24.88-33.82,1.01,10.0,42.0,39.1,Sell ALL,12.90 million,Consumer Defensive,Beverages - Non-Alcoholic,0.414,31.1,37.49,1.02,0.81,0.16
HELE,3.53,26.74,137.98,18.38,2,0.28,6.06,2/13,hold,13.85-30.68,-5.27,13.0,40.0,35.5,Sell ALL,521.57 thousand,Consumer Defensive,Household & Personal Products,1.314,28.77,35.14,1.08,0.76,0.09
SPXX,3.53,18.74,67.75,8.59,4,1,1,4/13,,15.78-19.39,-0.13,3.0,0.1,0.1,Sell ALL,287.98 thousand,Financial Services,Asset Management,0.813,18.63,22.53,0.99,0.83,0.57
PCRX,3.55,25.21,-3.36,0.28,1,0.12,0.19,1/13,buy,18.8-27.66,7.81,9.0,38.0,34.0,- Buy time -,604.52 thousand,Healthcare,Drug Manufacturers - Specialty & Generic,0.265,25.6,30.46,1.02,0.83,0.23
PCVX,3.55,56.48,75.55,-8.54,2,-0.4,-0.24,2/13,buy,39.87-65.0,-6.62,13.0,163.0,135.83,Sell ALL,1.34 million,Healthcare,Biotechnology,1.22,59.6,71.25,1.06,0.79,0.24
PDFS,3.56,55.5,176.6,32.17,-2,0.08,0.34,-2/13,buy,23.55-71.69,4.86,23.0,74.0,67.75,Buy time,566.79 thousand,Technology,Software - Application,1.634,50.1,59.84,0.9,0.93,0.09
BRKL,3.57,23.53,59.36,-9.96,1,1,1,1/13,,23.13-27.59,-0.13,15.0,0.1,0.1,Sell,1.28 thousand,N/A,N/A,1,24.45,57.95,1.04,0.41,2.5
HNI,3.57,46.82,95.47,53.32,1,0.28,0.41,1/13,buy,28.93-52.79,-2.48,11.0,78.0,74.5,Buy,563.67 thousand,Consumer Cyclical,Furnishings, Fixtures & Appliances,0.908,46.16,55.12,0.99,0.85,0.11
KNTK,3.59,52.53,76.3,22.87,2,-0.15,-2.28,2/13,buy,31.33-56.92,-0.86,8.0,70.0,63.66,Sell ALL,1.15 million,Energy,Oil & Gas Midstream,0.777,52.71,63.73,1.0,0.82,0.23
BMEA,3.61,1.27,12.0,12.26,3,0.08,0.36,3/13,buy,0.872-2.99,-6.3,57.99999999999999,9.0,7.75,== less Sell ALL==,1.23 million,Healthcare,Biotechnology,1,1.53,1.78,1.2,0.71,0.22
ACLS,3.61,147.77,195.45,44.74,-2,0.18,0.2,-2/13,hold,73.6-193.78,2.48,24.0,198.0,179.5,Buy time,408.22 thousand,Technology,Semiconductor Equipment & Materials,1.856,131.0,160.3,0.89,0.92,0.18
TXMD,3.62,2.05,53.92,11.95,4,-0.47,-7.43,4/13,,0.99-2.95,1.95,31.0,0.1,0.1,mere Sell (some bought),30.82 thousand,Healthcare,Drug Manufacturers - Specialty & Generic,0.647,2.12,2.55,1.03,0.8,0.39
SMMT,3.63,16.75,-39.16,33.82,-6,0.03,0.16,-6/13,buy,12.07-29.23,23.72,43.0,43.10717,36.44,Sell ALL,5.31 million,Healthcare,Biotechnology,1,15.61,18.69,0.93,0.9,0.29
PLRX,3.63,1.03,92.53,-21.11,2,0.02,0.06,2/13,hold,1.02-1.95,-6.28,47.0,2.0,2.0,Sell ALL,519.61 thousand,Healthcare,Biotechnology,1.277,1.13,1.38,1.1,0.75,0.87
WWW,3.65,19.2,153.81,41.07,0,0.05,0.17,0/13,buy,13.47-27.73,-2.74,31.0,31.0,27.65,Sell ALL,906.06 thousand,Consumer Cyclical,Footwear & Accessories,1.732,19.42,23.21,1.01,0.83,0.29
CICB,3.67,24.48,91.89,-2.16,3,1,1,3/13,,24.41-26.0,0.02,6.0,0.1,0.1,Sell ALL,5.88 thousand,,,1.137,24.72,30.79,1.01,0.8,1.06
HEQ,3.68,11.0,96.41,-1.19,6,1,1,6/13,,10.46-12.0,-4.52,8.0,0.1,0.1,Sell ALL,25.85 thousand,Financial Services,Asset Management,1,11.43,13.82,1.04,0.8,0.18
SITC,3.69,3.42,86.79,46.72,-1,0,0,-1/13,hold,2.8-8.95,13.16,62.0,0.1,0.1,Buy time,1.39 million,Real Estate,REIT - Retail,1.023,3.24,4.04,0.95,0.85,0.46
FSBW,3.72,44.33,65.78,11.55,2,-0.21,-0.2,2/13,hold,36.66-45.85,3.29,3.0,45.0,45.0,- Buy time -,24.77 thousand,Financial Services,Banks - Regional,0.651,43.68,52.77,0.99,0.84,0.21
WNEB,3.73,13.93,68.61,2.06,3,-0.03,-0.11,3/13,hold,10.78-15.01,0.0,7.000000000000001,15.5,15.12,Buy time,53.76 thousand,Financial Services,Banks - Regional,0.758,14.12,17.07,1.01,0.82,0.23
AG,3.73,17.67,218.84,36.51,2,-0.05,-0.17,2/13,buy,10.19-32.04,-10.75,45.0,27.0,25.88,Sell ALL,11.02 million,Basic Materials,Silver,2.186,18.83,22.56,1.07,0.78,0.06
EGBN,3.73,28.38,137.82,21.16,1,0.08,0.32,1/13,hold,15.03-29.29,-0.6,3.0,35.0,32.9,Buy time,331.50 thousand,Financial Services,Banks - Regional,0.953,28.06,34.13,0.99,0.83,0.27
MMT,3.73,4.32,60.95,2.64,6,1,1,6/13,,4.22-4.86,-2.53,11.0,0.1,0.1,Sell ALL,311.04 thousand,Financial Services,Asset Management,0.528,4.37,5.24,1.01,0.82,0.25
SPRO,3.74,1.19,130.58,-107.72,0,0,0,0/13,buy,1.08-3.08,0.0,61.0,6.0,5.5,Buy time,908.41 thousand,Healthcare,Biotechnology,1.484,1.38,1.73,1.16,0.69,0.83
CETY,3.74,0.98,46.42,41.51,3,1,1,3/13,,0.463-3.05,5.64,68.0,0.1,0.1,Buy,20.35 thousand,Industrials,Specialty Industrial Machinery,1,0.98,1.17,1.0,0.84,0.12
TPC,3.75,86.73,159.98,44.92,0,0.55,0.45,0/13,buy,57.9-102.3,-12.1,15.0,125.0,120.62,Buy time,1.12 million,Industrials,Engineering & Construction,2.063,88.82,119.79,1.02,0.72,2.03
BBDC,3.75,8.63,68.01,16.85,4,0.04,0.13,4/13,buy,7.96-9.54,-5.76,10.0,10.25,10.1,Sell ALL,779.49 thousand,Financial Services,Asset Management,0.673,8.78,10.48,1.02,0.82,0.46
GOOGL,3.76,343.5,89.48,-10.26,2,8.65,3.06,2/13,buy,235.84-408.61,-0.08,16.0,515.0,472.18,Sell ALL,29.07 million,Communication Services,Internet Content & Information,1.225,347.56,421.69,1.01,0.81,0.31
OCC,3.79,18.24,127.17,56.31,1,1,1,1/13,,4.02-27.98,6.14,35.0,0.1,0.1,Buy time,229.19 thousand,Technology,Communication Equipment,0.572,15.79,18.81,0.87,0.97,0.15
WS,3.81,36.97,190.95,40.36,0,-0.2,-0.43,0/13,buy,27.22-49.17,-1.93,25.0,46.0,46.0,Buy time,262.80 thousand,Basic Materials,Steel,2.255,35.7,43.77,0.97,0.84,0.27
SABR,3.86,1.97,83.14,12.1,5,-0.03,5.57,5/13,hold,0.81-2.5,-9.39,21.0,2.6,2.37,Sell ALL,5.30 million,Technology,Software - Infrastructure,1.007,2.12,2.61,1.08,0.75,0.41
DDT,3.89,26.38,85.62,5.35,4,1,1,4/13,,25.11-26.8,0.27,2.0,0.1,0.1,Buy time,9.49 thousand,N/A,N/A,1,26.27,32.11,1.0,0.82,0.7
DIOD,3.9,103.84,172.6,48.1,0,0.19,0.46,0/13,buy,42.28-125.99,-3.58,18.0,192.0,177.25,Buy time,567.64 thousand,Technology,Semiconductors,1.896,96.82,116.66,0.93,0.89,0.15
SHC,3.9,18.22,143.32,12.34,2,0.03,0.12,2/13,buy,13.09-19.85,-3.18,8.0,25.0,23.86,Sell ALL,3.45 million,Healthcare,Diagnostics & Research,1.777,18.77,22.73,1.03,0.8,0.24
STK,3.9,55.05,75.51,24.49,4,1,1,4/13,,32.5-58.46,3.29,6.0,0.1,0.1,Buy time,62.82 thousand,Financial Services,Asset Management,1,52.11,62.32,0.95,0.88,0.11
DTI,3.91,2.29,13.27,14.89,5,-0.02,-3.5,5/13,hold,1.87-4.69,-12.23,51.0,6.0,5.2,Sell,235.78 thousand,Energy,Oil & Gas Equipment & Services,1,2.44,3.01,1.07,0.76,0.42
PSBD,3.94,9.77,82.02,-1.42,3,0.0,-0.01,3/13,hold,9.34-13.11,-0.55,25.0,12.0,11.4,Sell ALL,121.81 thousand,Financial Services,Asset Management,1,9.99,12.67,1.02,0.77,0.3
TXNM,3.94,58.41,19.32,10.71,3,-0.11,-0.34,3/13,hold,55.64-59.53,1.42,2.0,61.25,60.98,Sell ALL,1.30 million,Utilities,Utilities - Regulated Electric,0.168,57.82,73.32,0.99,0.8,0.73
EXFY,3.96,2.25,116.44,78.69,0,0.04,1.7,0/13,hold,0.691-2.81,-0.89,20.0,3.0,2.92,Sell ALL,1.23 million,Technology,Software - Application,1.733,2.28,2.9,1.01,0.78,0.59
CPAY,3.97,394.6,88.34,33.95,3,0.75,0.12,3/13,buy,252.84-427.46,-3.3,8.0,536.0,498.5,Sell ALL,511.52 thousand,Technology,Software - Infrastructure,0.873,395.71,477.13,1.0,0.83,0.2
KRP,3.99,14.58,38.63,0.97,4,0.02,0.06,4/13,buy,11.31-15.8,-2.67,8.0,23.0,21.1,Buy,1.06 million,Energy,Oil & Gas E&P,0.289,14.83,18.08,1.02,0.81,0.3
GRDN,4.0,42.38,-21.6,17.83,1,0.08,0.32,1/13,buy,23.14-48.33,10.34,12.0,52.0,50.93,Sell ALL,599.00 thousand,Healthcare,Medical Care Facilities,0.056,42.1,50.18,0.99,0.84,0.55
FCX,4.03,72.04,105.64,63.26,0,0.22,0.4,0/13,buy,38.54-80.24,5.08,10.0,85.0,79.48,Sell ALL,13.82 million,Basic Materials,Copper,1.401,69.46,83.58,0.96,0.86,0.09
BFH,4.04,98.05,125.9,14.34,6,1.91,0.65,6/13,hold,53.83-114.53,-13.22,14.000000000000002,130.0,122.34,Sell ALL,605.57 thousand,Financial Services,Credit Services,1.13,107.15,128.08,1.09,0.77,0.18
SBSW,4.04,9.96,92.15,69.36,3,1,1,3/13,hold,7.87-21.29,-5.58,53.0,14.7942915,14.04,Sell ALL,5.25 million,Basic Materials,Other Precious Metals & Mining,0.966,10.27,12.13,1.03,0.82,0.1
CMRE,4.05,15.44,81.77,13.09,2,0.1,0.25,2/13,buy,10.84-18.06,2.72,15.0,21.0,20.5,Buy time,394.31 thousand,Industrials,Marine Shipping,0.91,15.28,18.35,0.99,0.84,0.1
FDBC,4.07,55.31,87.62,26.65,4,1,1,4/13,,39.87-56.9,1.62,3.0,0.1,0.1,- Buy time -,9.32 thousand,Financial Services,Banks - Regional,0.819,54.09,66.07,0.98,0.84,0.4
VABK,4.08,47.06,43.69,18.58,5,1,1,5/13,,37.35-50.0,1.85,6.0,0.1,0.1,Sell ALL,5.25 thousand,Financial Services,Banks - Regional,0.462,46.79,55.84,0.99,0.84,0.43
CZNC,4.08,25.63,49.46,34.48,4,-0.4,-0.71,4/13,hold,18.87-26.37,-1.4,3.0,27.0,27.0,Sell ALL,64.82 thousand,Financial Services,Banks - Regional,0.386,25.21,30.24,0.98,0.85,0.21
IAG,4.08,18.52,165.5,66.19,0,0.12,0.21,0/13,buy,10.87-24.87,-2.86,26.0,34.0,29.17,Sell ALL,6.20 million,Basic Materials,Gold,2.341,18.4,22.11,0.99,0.84,0.1
CZFS,4.09,80.9,52.64,38.65,3,0.32,0.16,3/13,buy,52.35-84.65,-0.6,4.0,89.0,89.0,- Buy time -,35.46 thousand,Financial Services,Banks - Regional,0.381,79.61,97.17,0.98,0.83,0.48
WGS,4.09,73.09,162.52,49.64,2,-0.06,-13.02,2/13,buy,32.21-170.87,-5.88,56.99999999999999,103.0,98.25,Sell ALL,638.63 thousand,Healthcare,Diagnostics & Research,2.007,80.55,98.06,1.1,0.75,0.22
HRTX,4.1,0.35,134.58,-34.76,-3,-0.03,-1.5,-3/13,hold,0.26-1.58,7.94,78.0,9.0,8.0,Buy,3.35 million,Healthcare,Biotechnology,1.615,0.39,0.48,1.11,0.73,0.59
BBVA,4.1,26.98,86.25,17.86,5,0.04,0.06,5/13,strongSell,17.9-29.64,-6.75,9.0,28.58,26.55,Sell ALL,1.48 million,Financial Services,Banks - Diversified,0.89,27.85,34.28,1.03,0.79,0.36
MSI,4.11,447.41,67.27,18.55,4,0.68,0.18,4/13,buy,359.36-494.85,-1.9,10.0,550.0,538.45,Sell ALL,847.27 thousand,Technology,Communication Equipment,0.881,457.75,546.07,1.02,0.82,0.12
ET,4.11,20.47,59.08,12.18,4,0.19,0.53,4/13,buy,16.18-21.84,-2.3,6.0,28.0,26.35,Sell ALL,9.59 million,Energy,Oil & Gas Midstream,0.566,20.78,24.99,1.02,0.82,0.21
ACI,4.11,11.75,38.55,-31.69,4,-0.08,-0.13,4/13,hold,10.86-20.0,-3.83,41.0,24.0,19.09,Sell ALL,10.14 million,Consumer Defensive,Grocery Stores,0.198,12.66,15.8,1.08,0.74,0.52
FSUN,4.12,39.52,25.91,18.84,5,0.06,0.21,5/13,strongBuy,29.95-42.34,-3.69,7.000000000000001,47.0,46.38,Sell ALL,364.78 thousand,Financial Services,Banks - Regional,0.196,39.38,47.64,1.0,0.83,0.42
AVO,4.12,12.81,63.49,-11.1,4,0.02,-0.25,4/13,buy,10.07-15.53,-1.09,18.0,18.0,17.25,Buy time,988.07 thousand,Consumer Defensive,Food Distribution,0.481,13.09,15.81,1.02,0.81,0.18
NREF,4.13,15.81,141.46,10.82,3,0.12,0.31,3/13,hold,12.36-18.43,-4.32,14.000000000000002,17.5,17.12,Sell ALL,65.93 thousand,Real Estate,REIT - Mortgage,1.145,16.64,20.31,1.05,0.78,0.43
DARE,4.14,0.84,169.27,-149.72,-2,0.2,0.67,-2/13,buy,0.69-3.78,3.89,78.0,12.0,10.17,Buy time,339.48 thousand,Healthcare,Biotechnology,1.007,1.18,1.46,1.4,0.58,1.65
DOCN,4.14,140.07,162.2,15.16,0,0.37,1.41,0/13,buy,37.091-187.5,3.42,25.0,200.0,187.6,Sell,2.71 million,Technology,Software - Infrastructure,1.57,133.09,160.2,0.95,0.87,0.11
INAB,4.16,1.4,-46.42,21.55,-5,0.55,0.95,-5/13,buy,0.88-2.73,20.71,49.0,10.0,8.5,Buy time,56.64 thousand,Healthcare,Biotechnology,0.295,1.19,1.47,0.85,0.95,0.99
WKC,4.16,35.85,120.2,19.59,2,0.98,2.11,2/13,strongBuy,22.21-41.2,1.23,13.0,42.0,39.83,Buy time,1.43 million,Energy,Oil & Gas Refining & Marketing,1.178,36.28,43.59,1.01,0.82,0.14
ICE,4.16,150.15,93.58,24.72,3,0.15,0.07,3/13,buy,121.79-176.05,-2.43,15.0,236.0,210.93,Sell ALL,3.44 million,Financial Services,Financial Data & Stock Exchanges,0.934,152.33,183.56,1.01,0.82,0.08
RRBI,4.17,103.41,34.09,21.39,4,0.15,0.09,4/13,hold,61.6-104.87,1.22,1.0,110.0,110.0,Buy,77.42 thousand,Financial Services,Banks - Regional,0.419,101.46,122.54,0.98,0.84,0.17
PSQH,4.17,4.7,-33.52,-2.36,-5,-0.49,-0.47,-5/13,strongBuy,2.95-37.5,12.55,87.0,15.0,15.0,Sell,192.49 thousand,Technology,Software - Application,0.507,5.18,7.03,1.1,0.67,2.5
AGCO,4.17,114.61,77.19,10.19,-1,0.45,1.1,-1/13,hold,98.22-143.78,12.97,20.0,151.0,137.5,Sell ALL,973.31 thousand,Industrials,Farm & Heavy Construction Machinery,1.095,115.54,138.74,1.01,0.83,0.19
HLI,4.18,126.37,128.58,-10.34,2,-0.45,-0.27,2/13,hold,112.83-204.18,1.43,38.0,177.0,165.0,Sell ALL,800.21 thousand,Financial Services,Capital Markets,0.967,134.53,160.65,1.06,0.79,0.13
VIAV,4.18,47.1,209.71,61.69,-2,0.08,0.31,-2/13,buy,12.23-60.43,1.78,22.0,70.0,65.71,Buy time,5.68 million,Technology,Communication Equipment,1.226,40.94,49.79,0.87,0.95,0.37
BXSL,4.19,23.61,44.77,14.33,4,0.12,0.18,4/13,hold,22.47-28.59,0.66,17.0,26.0,25.33,Sell ALL,1.59 million,Financial Services,Asset Management,0.433,23.67,28.82,1.0,0.82,0.2
QLYS,4.19,193.0,57.33,81.29,1,0.35,0.19,1/13,hold,74.51-201.54,5.02,4.0,220.0,199.68,Buy time,787.92 thousand,Technology,Software - Infrastructure,0.617,173.35,205.52,0.9,0.94,0.13
RPD,4.2,12.19,104.4,36.12,3,0.15,0.45,3/13,hold,4.97-20.17,-1.48,40.0,15.0,13.36,Sell ALL,2.35 million,Technology,Software - Infrastructure,1.012,12.08,14.48,0.99,0.84,0.05
EIG,4.2,49.13,45.83,-7.91,4,0.16,0.29,4/13,hold,35.73-52.59,2.12,7.000000000000001,59.0,56.5,- Buy time -,176.07 thousand,Financial Services,Insurance - Specialty,0.478,49.9,59.77,1.02,0.82,0.1
ECBK,4.2,20.43,54.28,7.64,6,1,1,6/13,,14.83-21.78,-1.03,6.0,0.1,0.1,Sell ALL,10.43 thousand,Financial Services,Banks - Regional,0.451,20.73,25.48,1.01,0.8,0.51
KELYA,4.21,15.72,136.36,46.01,2,0.11,0.1,2/13,strongBuy,7.98-17.75,-2.35,11.0,21.0,20.5,Sell ALL,318.48 thousand,Industrials,Staffing & Employment Services,0.864,15.91,19.01,1.01,0.83,0.15
RVMD,4.22,206.64,93.78,24.78,3,-1.45,-0.73,3/13,buy,45.8-224.31,-2.59,8.0,320.0,288.73,Buy,2.22 million,Healthcare,Biotechnology,1.406,203.38,245.31,0.98,0.84,0.18
FULC,4.23,3.69,215.38,-1.1,1,0.05,0.19,1/13,hold,2.83-15.74,-4.07,77.0,4.0,3.83,Sell ALL,1.92 million,Healthcare,Biotechnology,2.585,3.8,4.74,1.03,0.78,0.86
MXE,4.23,12.32,102.92,-7.71,4,1,1,4/13,,11.11-14.3,-8.77,14.000000000000002,0.1,0.1,Sell ALL,2.60 thousand,Financial Services,Asset Management,1,13.29,16.64,1.08,0.74,2.5
SONM,4.23,4.08,75.31,43.1,-2,2.52,0.21,-2/13,,2.521-16.974,18.14,76.0,0.1,0.1,Buy,18.77 thousand,Financial Services,Capital Markets,1.856,3.69,4.52,0.9,0.9,0.87
NGVC,4.24,30.61,106.99,-15.4,-1,-0.01,-0.02,-1/13,buy,23.47-41.07,9.02,25.0,54.0,48.12,Sell ALL,182.49 thousand,Consumer Defensive,Grocery Stores,1.248,30.19,36.35,0.99,0.84,0.43
WPP,4.24,24.67,79.25,105.65,3,1,1,3/13,hold,14.81-27.78,-4.74,11.0,24.8,24.32,Sell ALL,497.26 thousand,Communication Services,Advertising Agencies,0.729,23.93,28.69,0.97,0.86,0.38
LNG,4.26,269.95,40.37,11.47,4,4.34,0.91,4/13,buy,186.2-300.89,1.12,10.0,340.0,325.1,Sell ALL,2.24 million,Energy,Oil & Gas Midstream,1,273.17,332.23,1.01,0.81,0.12
SLB,4.27,48.74,78.79,10.19,6,0.04,0.07,6/13,buy,31.64-60.46,-9.93,19.0,75.0,68.74,Sell ALL,13.61 million,Energy,Oil & Gas Equipment & Services,0.774,52.53,63.02,1.08,0.77,0.23
NEU,4.28,924.06,80.07,46.59,6,1,1,6/13,,580.03-981.66,-2.57,6.0,0.1,0.1,- Buy time -,124.48 thousand,Basic Materials,Specialty Chemicals,0.565,875.74,1044.72,0.95,0.88,0.13
HL,4.28,17.2,161.09,42.37,3,-0.01,-0.05,3/13,hold,11.81-34.17,-9.42,50.0,32.0,27.54,Sell ALL,37.77 million,Basic Materials,Other Precious Metals & Mining,1.382,18.0,21.39,1.05,0.8,0.12
OVV,4.28,60.34,54.67,20.37,5,-0.03,-0.01,5/13,buy,35.47-67.51,-5.33,11.0,92.0,84.25,Buy,3.64 million,Energy,Oil & Gas E&P,0.541,62.12,75.09,1.03,0.8,0.18
KF,4.29,68.82,153.61,8.72,3,1,1,3/13,,30.99-81.94,3.44,16.0,0.1,0.1,Buy time,26.63 thousand,Financial Services,Asset Management,1.63,65.0,77.28,0.94,0.89,0.28
SHOC,4.3,115.46,89.95,18.18,4,1,1,4/13,,60.62-124.68,3.68,7.000000000000001,0.1,0.1,- +Buy time -,13.12 thousand,N/A,N/A,1,107.73,133.26,0.93,0.87,0.34
AFRM,4.3,70.77,315.77,-30.4,0,4.01,4.71,0/13,buy,42.095-90.44,-5.3,22.0,124.0,111.55,Sell ALL,4.65 million,Financial Services,Credit Services,3.61,76.13,90.36,1.08,0.78,0.17
QUBT,4.3,8.18,261.37,-7.74,1,0.03,0.51,1/13,buy,6.18-23.875,-10.64,66.0,32.0,25.33,Sell ALL,7.82 million,Technology,Computer Hardware,3.772,8.61,10.22,1.05,0.8,0.07
ASPN,4.31,5.69,238.73,47.67,-1,-0.04,-0.16,-1/13,buy,2.3-9.348,-2.28,39.0,10.0,8.88,Buy time,1.02 million,Basic Materials,Specialty Chemicals,2.969,5.47,6.71,0.96,0.85,0.21
MPWR,4.31,1439.73,139.57,31.05,1,0.82,0.15,1/13,buy,833.18-1714.09,1.79,16.0,2100.0,1969.9,Buy time,741.25 thousand,Technology,Semiconductors,1.664,1339.9,1605.59,0.93,0.9,0.09
MO,4.32,67.35,35.76,-13.25,3,0.05,0.05,3/13,hold,54.7-77.06,6.53,13.0,82.0,76.0,Sell ALL,8.42 million,Consumer Defensive,Tobacco,0.494,69.43,82.92,1.03,0.81,0.15
FLS,4.32,74.37,124.3,21.58,5,0.14,0.17,5/13,buy,48.71-92.41,-8.56,20.0,100.0,94.5,Sell ALL,1.89 million,Industrials,Specialty Industrial Machinery,1.262,76.16,92.76,1.02,0.8,0.13
MTUS,4.32,19.89,163.34,16.2,5,0.03,0.18,5/13,buy,14.19-22.58,-10.76,12.0,24.24,23.66,- Buy time -,360.96 thousand,Basic Materials,Steel,1.36,20.37,25.0,1.02,0.8,0.24
DLPN,4.34,1.03,164.49,-5.2,3,-0.06,-0.86,3/13,strongBuy,1.02-1.88,-11.65,45.0,3.0,3.0,Sell ALL,15.92 thousand,Communication Services,Advertising Agencies,1.816,1.14,1.37,1.11,0.75,0.3
CODI,4.34,10.93,108.98,23.06,5,-0.03,0.19,5/13,buy,4.58-13.25,-10.7,18.0,18.0,17.5,Sell ALL,718.33 thousand,Industrials,Conglomerates,1.263,11.26,13.84,1.03,0.79,0.36
ADCT,4.36,1.13,139.36,-22.91,-1,0.1,0.45,-1/13,buy,0.78-4.98,2.65,77.0,5.0,4.17,Buy time,1.55 million,Healthcare,Drug Manufacturers - Specialty & Generic,1.848,1.19,1.44,1.05,0.78,0.5
SPOT,4.37,472.89,120.02,-2.67,4,0.34,0.11,4/13,buy,405.0-700.12,-4.14,32.0,704.1064,649.47,Sell ALL,1.67 million,Communication Services,Internet Content & Information,1.586,515.04,616.88,1.09,0.77,0.13
OLED,4.38,80.37,164.75,7.07,3,-0.36,-0.32,3/13,buy,73.23-153.38,-7.11,48.0,158.0,136.69,Buy time,780.41 thousand,Technology,Electronic Components,1.564,84.0,100.4,1.05,0.8,0.07
SEZL,4.39,107.41,517.14,-98.53,-1,0.3,0.27,-1/13,hold,49.5-195.71,-13.75,45.0,196.0,182.0,Sell ALL,944.22 thousand,Financial Services,Credit Services,6.669,137.83,151.59,1.28,0.71,0.59
HLF,4.4,12.56,121.57,3.61,0,0.0,0.01,0/13,buy,7.56-20.4,4.54,38.0,25.0,21.0,Buy time,1.60 million,Consumer Defensive,Packaged Foods,0.86,12.38,14.82,0.99,0.85,0.22
KE,4.42,28.79,121.14,45.61,0,-0.41,-1.04,0/13,buy,21.01-32.0,6.74,10.0,37.0,35.62,Buy time,216.93 thousand,Industrials,Electrical Equipment & Parts,1.198,25.75,31.02,0.89,0.93,0.11
IVVD,4.44,0.82,17.7,32.03,-2,0.0,0.0,-2/13,buy,0.528-3.07,9.86,73.0,10.0,10.0,Sell,5.38 million,Healthcare,Biotechnology,0.807,0.83,1.01,1.01,0.81,0.68
COTY,4.44,2.66,144.48,59.7,1,-0.04,-8.61,1/13,hold,1.82-4.47,-0.38,40.0,4.0,3.32,Buy,7.54 million,Consumer Defensive,Household & Personal Products,0.953,2.69,3.19,1.01,0.83,0.17
PKOH,4.45,47.37,166.62,87.87,1,0.12,0.15,1/13,buy,18.06-53.3,-3.17,11.0,59.0,56.5,Buy time,106.47 thousand,Industrials,Specialty Industrial Machinery,1.215,45.04,55.57,0.95,0.85,0.34
ASPS,4.45,6.37,49.45,-13.71,-2,0,0,-2/13,buy,4.3-14.36,14.91,56.00000000000001,8.0,8.0,Buy time,23.14 thousand,Real Estate,Real Estate Services,0.24,6.13,8.22,0.96,0.77,1.31
IONQ,4.49,43.77,269.89,12.43,0,-1.89,-2.5,0/13,buy,25.89-84.64,-7.01,48.0,100.0,83.32,Buy time,19.85 million,Technology,Computer Hardware,3.295,41.54,50.26,0.95,0.87,0.17
NVCT,4.5,21.92,-28.66,53.36,0,0.01,0.03,0/13,buy,5.55-29.275,12.96,25.0,40.0,37.7,Sell ALL,210.16 thousand,Healthcare,Biotechnology,1,21.36,25.88,0.97,0.85,0.23
MTDR,4.51,53.5,95.93,9.89,4,0.79,0.46,4/13,buy,37.14-66.84,-4.56,20.0,101.0,85.45,Sell ALL,2.27 million,Energy,Oil & Gas E&P,0.788,55.36,65.94,1.03,0.81,0.08
MSGS,4.51,406.95,68.78,9.58,4,-0.82,-1.75,4/13,buy,207.9-438.93,-1.23,7.000000000000001,584.0,532.33,Buy time,299.81 thousand,Communication Services,Entertainment,0.572,401.08,487.77,0.99,0.83,0.28
GHI,4.51,5.53,50.97,15.9,5,-0.14,-0.52,5/13,buy,4.71-10.44,-3.75,47.0,7.0,7.0,Sell ALL,65.93 thousand,Financial Services,Mortgage Finance,0.751,5.75,7.1,1.04,0.78,0.48
SEER,4.52,2.25,90.07,14.07,-3,-0.04,-0.17,-3/13,buy,1.55-2.41,9.78,7.000000000000001,4.0,4.0,Buy,788.41 thousand,Healthcare,Biotechnology,1.507,2.09,2.73,0.93,0.82,1.49
FAST,4.58,50.75,87.83,24.68,4,0.01,0.02,4/13,hold,38.97-52.92,-0.95,4.0,59.0,53.92,Buy time,7.75 million,Industrials,Industrial Distribution,0.713,49.74,59.82,0.98,0.85,0.2
ADI,4.58,417.15,81.63,24.03,1,0.29,0.1,1/13,buy,223.47-445.91,6.73,6.0,675.0,572.86,Buy time,3.62 million,Technology,Semiconductors,1.205,384.59,461.21,0.92,0.9,0.1
BEN,4.59,32.81,142.64,-1.64,4,0.22,0.37,4/13,hold,21.11-36.28,-3.15,10.0,41.0,38.25,Sell ALL,4.07 million,Financial Services,Asset Management,1.57,33.56,40.55,1.02,0.81,0.15
TH,4.6,18.84,56.46,18.74,2,0.06,0.58,2/13,buy,5.97-21.76,4.09,13.0,27.0,26.1,Sell ALL,2.11 million,Industrials,Specialty Business Services,1.511,18.52,22.82,0.98,0.83,0.58
BJ,4.6,94.96,51.13,24.05,4,0.26,0.23,4/13,buy,83.212-105.78,0.56,10.0,120.0,112.9,- Buy time -,1.91 million,Consumer Defensive,Discount Stores,0.183,93.59,113.47,0.99,0.84,0.29
LFST,4.62,11.83,128.6,33.4,4,0.04,0.43,4/13,buy,4.77-13.56,-6.09,13.0,18.0,16.1,Sell ALL,4.14 million,Healthcare,Medical Care Facilities,1.22,12.06,14.62,1.02,0.81,0.18
BEKE,4.63,16.43,34.38,20.77,5,1.24,0.9,5/13,buy,13.81-19.88,-2.56,17.0,27.59099,25.71,== less Sell ALL==,4.28 million,Real Estate,Real Estate Services,1,16.86,20.35,1.03,0.81,0.13
UNM,4.64,88.57,43.76,4.65,6,0.1,0.04,6/13,buy,69.02-96.77,-3.32,8.0,122.0,111.96,Sell ALL,1.74 million,Financial Services,Insurance - Life,0.264,91.97,111.33,1.04,0.8,0.11
LRCX,4.65,347.49,181.83,25.17,1,0.25,0.16,1/13,buy,131.02-438.5,1.16,21.0,500.0,437.53,Buy time,9.58 million,Technology,Semiconductor Equipment & Materials,1.859,317.14,382.11,0.91,0.91,0.13
PLAB,4.66,31.49,173.65,35.36,3,-0.01,0.04,3/13,buy,20.05-56.0,-6.7,44.0,44.0,42.67,Buy time,1.29 million,Technology,Semiconductor Equipment & Materials,1.352,30.56,37.8,0.97,0.83,0.44
ENR,4.66,22.11,89.48,28.86,4,0.39,0.91,4/13,hold,15.75-25.35,-1.13,13.0,28.0,25.17,Buy time,1.03 million,Industrials,Electrical Equipment & Parts,0.756,21.58,25.78,0.98,0.86,0.13
LAUR,4.67,38.62,61.44,-3.45,4,0.11,0.34,4/13,buy,24.977-40.925,2.36,6.0,45.0,43.11,Buy time,988.29 thousand,Consumer Defensive,Education & Training Services,0.438,38.12,46.24,0.99,0.84,0.33
FNV,4.68,239.3,75.93,47.28,3,-0.16,-0.08,3/13,buy,181.5-285.67,0.47,16.0,330.73,308.85,Sell ALL,843.15 thousand,Basic Materials,Gold,0.958,241.91,289.61,1.01,0.83,0.25
VALU,4.69,40.5,70.78,2.84,3,1,1,3/13,,32.0-41.18,11.38,2.0,0.1,0.1,Buy,2.36 thousand,Financial Services,Financial Data & Stock Exchanges,1.022,38.91,46.84,0.96,0.86,0.35
MFAO,4.71,25.22,85.7,3.67,6,1,1,6/13,,24.18-25.75,0.24,2.0,0.1,0.1,== less Sell ALL==,13.48 thousand,N/A,N/A,1,25.2,31.51,1.0,0.8,0.49
BDX,4.72,176.8,56.32,43.84,5,0.22,0.07,5/13,hold,127.58648-193.07,-2.39,8.0,225.0,210.33,Sell ALL,1.79 million,Healthcare,Medical Instruments & Supplies,0.276,175.25,210.31,0.99,0.84,0.09
UAN,4.72,124.82,47.02,29.04,5,1,1,5/13,,89.2-139.5,2.03,11.0,0.1,0.1,Sell ALL,45.76 thousand,Basic Materials,Agricultural Inputs,0.141,124.91,151.29,1.0,0.83,0.89
SYRA,4.72,0.82,249.92,71.22,0,1,1,0/13,,0.056-1.15,-9.09,28.000000000000004,0.1,0.1,mere Buy (some sold),47.19 thousand,Healthcare,Medical Care Facilities,3.374,0.86,1.18,1.05,0.69,2.5
OSBC,4.73,24.95,78.75,25.21,5,-0.01,-0.04,5/13,strongBuy,16.65-26.06,-3.53,4.0,30.0,28.75,Buy,487.88 thousand,Financial Services,Banks - Regional,0.701,25.0,30.52,1.0,0.82,0.31
TMDX,4.74,79.79,235.89,37.44,3,-0.35,-0.58,3/13,buy,60.105-156.0,-10.72,49.0,125.0,111.15,Sell ALL,867.29 thousand,Healthcare,Medical Devices,1.884,83.56,101.16,1.05,0.79,0.29
VIRC,4.74,6.51,22.61,19.57,2,0,0,2/13,hold,5.16-7.61,8.97,14.000000000000002,6.7,6.7,Sell ALL,29.29 thousand,Consumer Cyclical,Furnishings, Fixtures & Appliances,0.196,6.2,7.44,0.95,0.87,0.67
SERA,4.74,2.09,53.3,8.8,0,-0.02,-0.11,0/13,buy,1.56-3.95,6.7,47.0,6.0,5.75,Sell ALL,27.42 thousand,Healthcare,Medical Devices,0.983,2.11,2.51,1.01,0.83,0.3
IOT,4.74,41.12,115.09,41.34,1,0.08,0.58,1/13,buy,23.38-47.47,5.16,13.0,60.0,56.08,- Buy time -,5.96 million,Technology,Software - Infrastructure,1.344,39.63,47.28,0.96,0.87,0.11
EL,4.75,91.97,71.51,39.29,1,0.33,0.62,1/13,hold,66.22-121.64,8.61,24.0,127.0,117.06,Sell ALL,3.09 million,Consumer Defensive,Household & Personal Products,1.274,91.65,109.88,1.0,0.84,0.14
CHMI,4.76,2.64,89.08,53.51,5,0.05,0.37,5/13,hold,2.17-2.98,-6.52,11.0,3.1,3.1,Sell ALL,231.58 thousand,Real Estate,REIT - Mortgage,1.069,2.59,3.13,0.98,0.84,0.45
ORIC,4.77,12.2,125.91,33.45,4,-0.04,-0.11,4/13,buy,7.23-14.93,-9.63,18.0,27.0,24.04,Sell ALL,1.40 million,Healthcare,Biotechnology,0.991,12.77,15.48,1.05,0.79,0.27
MATV,4.78,11.9,95.3,143.37,1,0.26,2.79,1/13,strongBuy,7.07-15.48,-1.93,23.0,21.0,21.0,Sell ALL,637.94 thousand,Basic Materials,Specialty Chemicals,0.918,11.06,13.22,0.93,0.9,0.15
QTRX,4.78,3.64,105.76,8.78,-2,0.15,-0.27,-2/13,hold,2.15-8.77,19.78,57.99999999999999,3.0,3.0,Buy time,698.43 thousand,Healthcare,Medical Devices,1.037,3.35,4.09,0.92,0.89,0.37
LNN,4.81,114.35,68.5,8.3,5,-0.22,-0.05,5/13,hold,97.27-148.0,0.27,23.0,125.0,124.0,Sell ALL,144.74 thousand,Industrials,Farm & Heavy Construction Machinery,0.699,116.12,140.04,1.02,0.82,0.17
UZF,4.82,15.85,93.7,-8.35,5,1,1,5/13,,15.675-19.371,-4.16,18.0,0.1,0.1,Sell ALL,5.65 thousand,N/A,N/A,1,16.51,20.8,1.04,0.76,1.9
TRAW,4.82,0.57,133.75,-24.39,1,0.27,0.6,1/13,hold,0.43-3.27,5.01,83.0,1.0,1.0,- Buy time -,91.21 thousand,Healthcare,Biotechnology,1.605,0.59,0.7,1.04,0.81,0.44
FRHC,4.85,173.0,50.52,24.56,3,-2.93,-2.59,3/13,,107.975-178.0,13.02,3.0,0.1,0.1,Sell ALL,142.60 thousand,Financial Services,Financial Conglomerates,0.691,164.5,199.87,0.95,0.87,0.23
NTLA,4.86,12.26,123.2,-65.32,2,0.07,0.08,2/13,buy,7.95-28.25,1.39,56.99999999999999,61.0,42.5,Buy time,4.31 million,Healthcare,Biotechnology,1.819,12.72,14.98,1.04,0.82,0.28
ANET,4.86,207.35,130.3,38.44,2,0.19,0.23,2/13,buy,114.52-214.89,2.68,4.0,289.0,265.6,Buy time,6.79 million,Technology,Computer Hardware,1.617,196.13,237.62,0.95,0.87,0.05
DIS,4.87,102.19,113.06,15.21,4,0.28,0.16,4/13,buy,92.19-117.09,-1.28,13.0,144.0,135.31,Sell ALL,9.55 million,Communication Services,Entertainment,1.409,103.66,124.72,1.01,0.82,0.11
LAW,4.88,4.18,164.23,27.51,1,0.02,0.24,1/13,strongBuy,2.45-9.11,-2.39,54.0,10.0,8.33,Sell ALL,237.25 thousand,Technology,Software - Application,1.886,4.23,5.09,1.01,0.82,0.19
PLUS,4.88,93.4,87.87,24.77,2,0.16,0.14,2/13,buy,69.25-98.14,7.09,5.0,111.0,111.0,Buy time,248.74 thousand,Technology,Software - Application,0.972,90.84,110.22,0.97,0.85,0.16
KR,4.88,59.03,33.85,2.05,4,0.03,0.03,4/13,hold,54.15-76.58,5.01,23.0,85.0,76.57,Sell ALL,8.28 million,Consumer Defensive,Grocery Stores,0.406,58.89,70.97,1.0,0.83,0.08
MTAL,4.89,10.15,81.86,-3.64,3,1,1,3/13,,9.95-11.8,-0.59,14.000000000000002,0.1,0.1,Sell ALL,50.07 thousand,Financial Services,Shell Companies,1,10.2,21.03,1.0,0.48,2.5
ENSC,4.9,0.4,-41.98,194.97,-5,0.51,0.89,-5/13,strongBuy,0.23-2.75,4.56,86.0,8.25,8.25,mere Sell (some bought),1.82 million,Healthcare,Biotechnology,0.985,0.4,0.62,1.0,0.65,2.5
CAAS,4.91,4.62,94.3,13.18,6,1,1,6/13,,4.0-5.64,0.87,18.0,0.1,0.1,Sell ALL,18.25 thousand,Consumer Cyclical,Auto Parts,1.088,4.87,5.89,1.05,0.78,0.36
USCB,4.92,22.55,55.86,36.26,4,0.03,0.08,4/13,strongBuy,16.36-23.886,0.22,6.0,27.0,25.68,Sell ALL,71.60 thousand,Financial Services,Banks - Regional,0.464,22.24,27.18,0.99,0.83,0.54
ATXI,4.93,0.41,-159.46,183.36,-8,-2.34,-2.34,-8/13,,0.15-0.9699,36.8,57.99999999999999,0.1,0.1,Sell ALL,8.40 thousand,Healthcare,Biotechnology,1,0.46,0.69,1.12,0.59,2.5
FBIZ,4.96,70.93,57.41,33.14,5,0.3,0.2,5/13,strongBuy,46.07-73.74,-0.03,4.0,84.0,81.3,Sell ALL,64.73 thousand,Financial Services,Banks - Regional,0.646,69.82,84.3,0.98,0.84,0.13
UVE,4.96,43.95,83.61,19.61,4,1.02,0.73,4/13,hold,27.89-45.15,2.87,3.0,45.0,45.0,- Buy time -,197.13 thousand,Financial Services,Insurance - Property & Casualty,0.726,43.47,52.04,0.99,0.84,0.18
CLH,4.97,318.51,101.53,14.91,5,0.44,0.17,5/13,buy,201.34-335.94,-2.37,5.0,390.0,374.17,Buy,443.51 thousand,Industrials,Waste Management,0.852,315.37,381.3,0.99,0.84,0.19
MFSG,4.98,30.92,86.86,10.81,6,1,1,6/13,,24.505-31.02,0.65,0.0,0.1,0.1,Buy time,66.65 thousand,N/A,N/A,1,30.17,36.71,0.98,0.84,0.6
SPCE,4.99,3.03,194.39,45.71,2,0.19,0.24,2/13,hold,2.13-8.9,-3.3,66.0,5.0,4.28,== less Sell ALL==,8.32 million,Industrials,Aerospace & Defense,2.811,2.98,3.6,0.98,0.84,0.12
ANGO,5.05,15.11,40.84,43.45,5,0.15,1.4,5/13,buy,9.39-16.29,-3.71,7.000000000000001,24.0,22.0,Sell ALL,499.93 thousand,Healthcare,Medical Instruments & Supplies,0.33,15.11,18.62,1.0,0.81,0.51
SBH,5.05,16.24,102.51,33.4,4,0.05,0.1,4/13,buy,11.54-17.92,0.0,9.0,20.0,18.5,Buy time,1.43 million,Consumer Cyclical,Specialty Retail,1.05,16.09,19.4,0.99,0.84,0.17
CBLL,5.05,23.69,147.84,61.95,3,0.06,0.16,3/13,buy,10.85-25.627,-3.0,8.0,33.0,30.79,Sell ALL,351.46 thousand,Healthcare,Medical Devices,1,22.24,26.6,0.94,0.89,0.22
AIFD,5.06,55.66,79.89,19.56,6,1,1,6/13,,33.69-57.8,2.55,4.0,0.1,0.1,Buy,12.97 thousand,N/A,N/A,1,52.54,64.39,0.94,0.86,0.34
STGW,5.07,8.36,112.36,28.32,5,0.06,0.3,5/13,buy,4.29-9.55,-4.07,12.0,11.0,10.43,Buy time,1.42 million,Communication Services,Advertising Agencies,1.221,8.52,10.09,1.02,0.83,0.21
VRNS,5.1,47.57,74.97,15.32,2,0.14,7.2,2/13,buy,19.7-63.9,9.25,26.0,60.0,55.66,Sell ALL,1.86 million,Technology,Software - Infrastructure,0.82,45.84,54.91,0.96,0.87,0.2
RGLD,5.13,234.64,72.7,57.44,4,-0.01,-0.0,4/13,buy,168.88-306.25,-0.64,23.0,380.0,344.92,Sell ALL,747.36 thousand,Basic Materials,Gold,0.497,232.5,275.51,0.99,0.85,0.05
RUSHB,5.13,56.71,91.24,32.25,5,1,1,5/13,,31.806667-57.38,5.94,1.0,0.1,0.1,- Buy time -,125.97 thousand,Consumer Cyclical,Auto & Truck Dealerships,0.88,52.87,63.3,0.93,0.9,0.1
FLNG,5.14,31.24,21.47,8.38,6,0.13,0.16,6/13,sell,24.0-33.4,3.49,6.0,30.0,28.06,Sell ALL,378.29 thousand,Energy,Oil & Gas Midstream,0.161,31.01,36.99,0.99,0.84,0.09
TYL,5.14,322.81,82.66,15.6,4,0.09,0.03,4/13,buy,270.71-524.43,0.72,38.0,525.0,474.89,Sell ALL,793.89 thousand,Technology,Software - Application,0.835,334.27,402.37,1.04,0.8,0.17
GALT,5.16,3.9,20.31,-18.82,1,-0.07,-0.89,1/13,buy,2.03-7.13,10.0,45.0,11.0,11.0,Sell ALL,407.38 thousand,Healthcare,Biotechnology,0.386,3.98,4.8,1.02,0.81,0.32
FMY,5.17,11.07,29.59,-7.8,6,1,1,6/13,,10.74-12.36,-4.49,10.0,0.1,0.1,Sell ALL,2.85 thousand,Financial Services,Asset Management,0.262,11.5,14.09,1.04,0.79,2.5
RS,5.18,400.31,109.06,14.2,7,1.3,0.25,7/13,hold,260.31-433.02,-6.92,8.0,425.0,416.94,- Buy time -,332.31 thousand,Basic Materials,Steel,0.955,404.45,487.21,1.01,0.82,0.2
VTGN,5.19,0.28,32.25,66.88,-1,-0.03,-0.19,-1/13,hold,0.2-5.14,7.47,95.0,1.0,1.0,Buy,1.23 million,Healthcare,Biotechnology,0.387,0.26,0.32,0.93,0.88,0.75
SCL,5.21,63.0,85.72,36.28,5,0.64,1.1,5/13,buy,41.82-68.0,-2.08,7.000000000000001,85.0,85.0,Buy time,138.67 thousand,Basic Materials,Specialty Chemicals,0.938,61.65,74.09,0.98,0.85,0.2
LEDS,5.21,2.32,208.55,164.18,-1,1,1,-1/13,,1.01-3.62,3.88,36.0,0.1,0.1,mere Buy (some sold),31.57 thousand,Technology,Semiconductors,1.581,2.16,2.71,0.93,0.86,0.86
CXW,5.22,33.43,69.88,24.21,5,0.15,0.47,5/13,buy,15.74-36.55,-0.45,9.0,45.0,43.4,Buy,2.02 million,Industrials,Security & Protection Services,0.6,33.54,39.97,1.0,0.84,0.25
AEM,5.23,183.69,80.77,71.03,4,0.33,0.11,4/13,buy,134.38-255.24,-2.54,28.000000000000004,300.0,257.98,Sell ALL,2.75 million,Basic Materials,Gold,0.668,180.64,218.52,0.98,0.84,0.22
GGB,5.25,5.01,80.51,43.07,3,-0.31,-0.41,3/13,strongBuy,3.13-5.18,4.19,3.0,6.377458,5.98,Buy time,13.65 million,Basic Materials,Steel,0.894,4.84,5.84,0.97,0.86,0.3
CNNE,5.26,15.54,105.89,25.02,3,1.02,2.46,3/13,buy,10.46-19.01,5.18,18.0,17.5,17.12,Buy time,507.77 thousand,Consumer Cyclical,Restaurants,1.223,15.1,18.06,0.97,0.86,0.19
MAN,5.27,54.16,104.42,99.63,4,0.06,0.09,4/13,hold,25.15-63.88,-4.82,15.0,72.0,64.67,Sell ALL,1.09 million,Industrials,Staffing & Employment Services,0.687,55.39,66.49,1.02,0.81,0.36
RPAY,5.27,3.82,99.09,1.01,0,0.0,0.01,0/13,buy,2.3-5.3,8.12,28.000000000000004,10.0,8.43,Sell ALL,395.07 thousand,Technology,Software - Infrastructure,1.831,3.87,4.66,1.01,0.82,0.16
MSS,5.28,1.55,251.97,-125.01,-1,-7.4,-7.4,-1/13,buy,1.24-52.5,6.11,97.0,162.5,162.5,Sell ALL,228.16 thousand,Consumer Defensive,Grocery Stores,4.148,1.94,2.21,1.25,0.7,0.67
CNO,5.3,53.86,88.25,8.0,6,0.41,0.43,6/13,hold,38.22-57.59,-1.43,6.0,56.0,54.88,Sell ALL,987.79 thousand,Financial Services,Insurance - Life,0.812,54.67,66.75,1.02,0.81,0.24
ASYS,5.32,18.01,234.48,16.18,0,0.09,1.4,0/13,buy,6.75-25.71,6.39,30.0,22.0,22.0,Buy time,388.04 thousand,Technology,Semiconductor Equipment & Materials,2.013,16.4,19.5,0.91,0.92,0.17
CORT,5.33,116.23,53.19,62.51,5,0.14,4.24,5/13,buy,28.66-126.38,-0.81,8.0,165.0,153.0,Buy time,1.00 million,Healthcare,Biotechnology,0.446,109.41,129.56,0.94,0.9,0.12
AMTX,5.37,1.72,191.25,14.98,2,0.04,0.08,2/13,buy,1.3-3.8,-4.65,55.00000000000001,28.0,20.69,Sell,881.50 thousand,Basic Materials,Specialty Chemicals,1.466,1.86,2.21,1.08,0.78,0.15
ORMP,5.39,4.49,91.89,15.57,5,1.41,3.28,5/13,strongBuy,2.09-5.47,-1.78,18.0,7.0,7.0,Sell ALL,195.13 thousand,Healthcare,Biotechnology,1.185,4.6,5.57,1.02,0.81,0.28
DFIN,5.4,46.56,73.22,17.2,6,0.23,0.15,6/13,strongBuy,36.11-56.26,-2.49,17.0,70.0,67.0,Sell ALL,213.17 thousand,Technology,Software - Application,0.713,48.49,58.6,1.04,0.79,0.13
CPBI,5.41,20.08,24.2,17.68,6,1,1,6/13,,15.56-21.835,-4.26,8.0,0.1,0.1,Sell ALL,2.35 thousand,Financial Services,Banks - Regional,0.184,20.55,25.66,1.02,0.78,2.5
JOE,5.41,65.38,127.32,25.15,8,0.03,-0.2,8/13,,46.37-73.54,-3.67,11.0,0.1,0.1,Buy time,247.15 thousand,Real Estate,Real Estate - Diversified,1.294,65.4,78.83,1.0,0.83,0.08
TRGP,5.41,281.74,92.66,6.46,5,0.59,0.22,5/13,buy,144.14-307.94,1.35,9.0,359.0,342.07,Sell ALL,1.27 million,Energy,Oil & Gas Midstream,0.722,283.11,341.04,1.0,0.83,0.15
E,5.42,54.73,64.0,35.47,6,1,1,6/13,hold,34.03-58.0,-1.19,6.0,60.8,58.33,Buy,367.31 thousand,Energy,Oil & Gas Integrated,0.241,53.22,64.47,0.97,0.85,0.23
DELL,5.44,562.52,92.41,84.47,-1,4.02,1.07,-1/13,buy,110.22-595.51,14.7,6.0,735.0,659.48,Sell ALL,8.74 million,Technology,Computer Hardware,1.409,494.01,593.81,0.88,0.95,0.19
DJCO,5.44,656.44,62.92,33.35,5,1,1,5/13,,348.63-692.5,9.21,5.0,0.1,0.1,Sell ALL,65.91 thousand,Technology,Software - Application,0.844,625.94,740.72,0.95,0.89,0.17
CPIX,5.49,7.39,181.48,128.53,3,0.21,2.98,3/13,,1.85-9.28,-3.92,20.0,0.1,0.1,Sell ALL,122.76 thousand,Healthcare,Drug Manufacturers - Specialty & Generic,0.104,7.13,8.55,0.96,0.86,1.07
NEOG,5.51,12.15,163.57,78.09,2,0.07,1.28,2/13,strongBuy,5.37-14.26,2.3,15.0,14.0,14.0,Sell ALL,2.25 million,Healthcare,Medical Devices,1.762,11.43,14.23,0.94,0.85,0.19
RZC,5.53,25.3,85.7,4.03,7,1,1,7/13,,25.01-25.875,0.34,2.0,0.1,0.1,Buy time,44.22 thousand,N/A,N/A,1,25.18,31.89,1.0,0.79,0.76
ACA,5.53,146.5,92.04,2.02,6,0.41,1.27,6/13,hold,89.03-147.0,1.02,0.0,150.0,148.33,Buy time,642.75 thousand,Industrials,Engineering & Construction,1.066,145.59,174.9,0.99,0.84,0.1
MGNI,5.53,24.73,182.47,60.35,1,0.02,0.22,1/13,buy,10.82-26.84,2.18,8.0,43.0,36.33,Sell ALL,2.40 million,Communication Services,Advertising Agencies,2.293,23.18,28.33,0.94,0.87,0.15
CIMN,5.55,25.15,87.51,4.54,8,1,1,8/13,,24.37-25.76,0.36,2.0,0.1,0.1,Sell ALL,10.29 thousand,N/A,N/A,1,25.11,30.09,1.0,0.84,0.22
HBM,5.56,27.2,226.86,82.08,1,0.09,0.3,1/13,buy,14.34-32.15,-0.86,15.0,43.0,38.97,Buy time,4.79 million,Basic Materials,Copper,2.308,26.04,31.34,0.96,0.87,0.1
TECK,5.59,68.56,163.16,54.47,2,1.15,0.93,2/13,hold,38.0-72.56,5.55,6.0,67.27133,59.94,Buy time,3.11 million,Basic Materials,Copper,1.603,64.78,79.05,0.94,0.87,0.16
MFG,5.61,10.89,57.53,17.57,6,0.1,0.91,6/13,buy,6.09-11.49,0.55,5.0,13.07246,12.03,Sell ALL,3.57 million,Financial Services,Banks - Regional,0.385,10.79,12.98,0.99,0.84,0.31
WNC,5.61,14.04,115.56,39.39,-1,-0.13,-0.11,-1/13,strongBuy,6.63-14.47,9.33,3.0,25.0,23.75,Buy,1.15 million,Industrials,Farm & Heavy Construction Machinery,1.434,13.12,16.17,0.93,0.87,1.03
ALNT,5.62,118.3,165.2,101.76,1,0.16,0.25,1/13,buy,41.75-121.42,4.46,3.0,130.0,124.0,Buy time,280.52 thousand,Technology,Electronic Components,1.619,101.82,124.52,0.86,0.95,0.24
SLDP,5.62,2.33,134.51,-1.32,3,0.08,0.62,3/13,buy,1.98-8.86,-0.86,74.0,7.0,6.94,Sell ALL,3.46 million,Consumer Cyclical,Auto Parts,1.949,2.4,2.86,1.03,0.81,0.06
KPRX,5.66,2.56,24.39,2.7,5,0.28,0.45,5/13,strongBuy,1.765-2.95,-1.17,13.0,12.0,12.0,Sell ALL,15.33 thousand,Healthcare,Biotechnology,1,2.62,3.14,1.02,0.82,0.31
DXPE,5.66,193.98,143.98,58.28,5,0.14,0.08,5/13,buy,84.04-208.0,-3.06,7.000000000000001,220.0,210.0,Buy time,138.00 thousand,Industrials,Industrial Distribution,1.028,185.74,224.44,0.96,0.86,0.13
CVX,5.66,206.69,84.55,44.45,5,0.93,0.54,5/13,buy,146.49-217.78,1.93,5.0,250.0,237.31,- Buy time -,8.34 million,Energy,Oil & Gas Integrated,0.491,199.14,237.63,0.96,0.87,0.04
MUSE,5.67,47.69,85.6,-4.85,7,1,1,7/13,,47.695-50.925,-2.86,6.0,0.1,0.1,Sell ALL,369,N/A,N/A,1,48.8,71.56,1.02,0.67,1.54
UBCP,5.68,14.79,28.82,-23.84,4,1,1,4/13,buy,12.55-17.34,-2.02,15.0,20.0,20.0,Sell ALL,9.53 thousand,Financial Services,Banks - Regional,0.346,15.76,22.02,1.07,0.67,2.5
ITT,5.68,206.17,152.98,30.03,6,0.37,0.21,6/13,buy,166.96-230.32,-6.41,10.0,285.0,271.73,Buy time,838.22 thousand,Industrials,Specialty Industrial Machinery,1.276,205.55,246.02,1.0,0.84,0.14
BOLT,5.69,3.45,29.91,-26.87,0,16.49,0.78,0/13,buy,3.1-7.2,7.25,52.0,75.0,52.0,== less Sell ALL==,35.55 thousand,Healthcare,Biotechnology,1.088,3.97,4.89,1.15,0.71,1.82
SN,5.69,182.57,138.56,63.0,4,0.2,0.19,4/13,buy,83.12-194.54,-0.58,6.0,240.0,224.78,Buy,2.01 million,Consumer Cyclical,Furnishings, Fixtures & Appliances,1.198,173.32,207.2,0.95,0.88,0.1
PANW,5.7,403.24,88.44,64.8,3,0.09,0.11,3/13,buy,139.57-409.5,6.81,2.0,475.0,435.96,- Buy time -,6.52 million,Technology,Software - Infrastructure,0.908,364.92,442.19,0.9,0.91,0.07
CARV,5.7,1.74,143.98,44.94,3,1,1,3/13,,1.07-3.85,-3.45,55.00000000000001,0.1,0.1,Buy time,2.41 thousand,Financial Services,Banks - Regional,1.412,1.72,2.08,0.99,0.84,2.5
MCI,5.71,17.8,39.35,16.21,8,1,1,8/13,,16.21-21.5,-0.14,17.0,0.1,0.1,Sell ALL,46.05 thousand,Financial Services,Asset Management,0.344,17.94,22.45,1.01,0.79,0.88
SU,5.73,69.56,100.7,45.34,4,0.15,0.05,4/13,strongBuy,37.77-72.06,4.78,3.0,75.74307,72.77,- Buy time -,4.51 million,Energy,Oil & Gas Integrated,0.556,65.83,79.1,0.95,0.88,0.08
BSM,5.74,14.56,20.3,13.12,7,0.1,0.4,7/13,hold,12.32-15.49,0.0,6.0,16.0,16.0,Sell ALL,492.45 thousand,Energy,Oil & Gas E&P,0.022,14.63,17.81,1.0,0.82,0.58
TLYS,5.74,4.58,-38.89,21.93,2,0.17,0.8,2/13,hold,1.14-6.25,19.65,27.0,5.5,5.5,Buy,251.81 thousand,Consumer Cyclical,Apparel Retail,0.11,4.24,5.37,0.93,0.85,0.37
NEM,5.74,115.56,87.24,63.37,6,0.84,0.39,6/13,buy,76.05-135.29,-3.91,15.0,170.0,153.87,Sell ALL,7.07 million,Basic Materials,Gold,0.543,114.32,135.71,0.99,0.85,0.08
EXPO,5.75,67.3,78.96,28.5,5,-0.02,-0.03,5/13,buy,51.91-81.95,2.08,18.0,90.0,87.0,- Buy time -,527.95 thousand,Industrials,Engineering & Construction,0.685,67.16,81.0,1.0,0.83,0.21
PBYI,5.75,9.51,93.66,41.38,5,0.22,2.55,5/13,hold,4.58-10.1,7.26,6.0,0.1,0.1,Sell ALL,373.34 thousand,Healthcare,Biotechnology,1.234,9.05,11.02,0.95,0.86,0.36
DDD,5.75,3.78,209.49,87.02,0,0.08,1.08,0/13,buy,1.7-4.12,3.7,8.0,6.0,5.75,Buy time,2.71 million,Technology,Computer Hardware,2.757,3.39,4.17,0.9,0.91,0.19
IHD,5.77,7.64,89.41,9.13,8,1,1,8/13,,5.93-8.14,1.05,6.0,0.1,0.1,Sell ALL,57.55 thousand,Financial Services,Asset Management,1,7.46,9.1,0.98,0.84,0.25
PBFS,5.81,17.77,40.73,15.07,8,1,1,8/13,,12.64-19.91,3.77,11.0,0.1,0.1,Sell ALL,11.94 thousand,Financial Services,Banks - Regional,0.399,17.77,21.4,1.0,0.83,0.32
FDSB,5.82,17.4,35.91,8.19,7,1,1,7/13,,13.0-18.693,-5.23,7.000000000000001,0.1,0.1,Sell ALL,4.35 thousand,Financial Services,Banks - Regional,0.202,18.06,22.18,1.04,0.78,2.5
CHRD,5.82,137.01,77.74,35.04,7,0.99,0.3,7/13,buy,84.25-157.06,-4.28,13.0,210.0,191.56,Sell ALL,820.67 thousand,Energy,Oil & Gas E&P,0.385,139.78,166.88,1.02,0.82,0.05
CIMO,5.84,25.29,154.22,4.57,6,1,1,6/13,,24.65-25.85,0.43,2.0,0.1,0.1,Sell ALL,8.88 thousand,,,1.797,25.22,31.4,1.0,0.81,0.79
RVPH,5.85,0.5,80.29,-2.36,4,0.05,-0.05,4/13,buy,0.262-17.2,-0.46,97.0,30.0,23.75,Sell ALL,41.54 thousand,Healthcare,Biotechnology,0.501,0.54,0.63,1.08,0.79,0.33
CPHC,5.86,15.75,-0.05,-1.08,6,1,1,6/13,,14.39-17.4,1.2,9.0,0.1,0.1,Buy,2.34 thousand,Consumer Cyclical,Resorts & Casinos,1,15.78,18.66,1.0,0.84,2.5
CAPR,5.86,8.95,61.14,-26.41,-2,-0.12,-0.22,-2/13,hold,2.96-40.37,16.76,78.0,54.0,40.5,Buy time,6.05 million,Healthcare,Biotechnology,0.722,11.3,14.13,1.26,0.63,1.08
KB,5.87,123.88,80.24,17.34,5,0,0,5/13,buy,77.44-133.29,2.88,7.000000000000001,183.77347,183.77,Sell ALL,232.15 thousand,Financial Services,Banks - Regional,0.634,124.01,151.46,1.0,0.82,0.16
FDMT,5.9,13.67,209.05,27.74,2,-0.03,-0.04,2/13,buy,6.96-16.93,-6.4,19.0,37.0,32.59,Sell ALL,917.95 thousand,Healthcare,Biotechnology,2.733,13.36,16.28,0.98,0.84,0.63
INBX,5.92,96.99,135.8,23.42,1,-1.01,-0.82,1/13,buy,28.16-155.29,5.13,38.0,325.0,295.83,Sell ALL,285.43 thousand,Healthcare,Biotechnology,3.671,103.24,124.41,1.06,0.78,0.12
IXHL,5.92,3.21,211.48,-2.26,2,0.75,1.12,2/13,buy,2.49-14.94,-3.27,79.0,19.29599,18.97,== less Sell ALL==,137.69 thousand,Healthcare,Drug Manufacturers - Specialty & Generic,2.825,3.42,4.25,1.07,0.76,0.43
VET,5.96,11.68,134.7,58.75,7,-1.0,-4.12,7/13,hold,7.1-14.82,-0.97,21.0,0.1,0.1,Sell ALL,1.62 million,Energy,Oil & Gas E&P,0.497,11.69,13.98,1.0,0.84,0.24
CNSP,5.98,5.32,100.25,1.15,3,-2.07,-0.94,3/13,,1.9-10.588,-1.41,50.0,10.0,10.0,Buy,7.87 thousand,Healthcare,Biotechnology,0.997,5.56,6.99,1.05,0.76,1.6
AGI,5.99,32.46,153.94,32.72,5,0.06,0.12,5/13,buy,27.05-55.41,-4.6,41.0,60.0,53.12,Sell ALL,4.43 million,Basic Materials,Gold,1.394,33.58,40.45,1.03,0.8,0.16
HPK,6.0,7.85,68.21,23.9,7,0.29,9.8,7/13,buy,3.85-9.129,-0.38,14.000000000000002,10.0,10.0,Sell ALL,496.53 thousand,Energy,Oil & Gas E&P,0.388,7.97,9.64,1.02,0.81,0.06
UMH,6.01,15.41,104.26,8.13,7,0.05,4.3,7/13,buy,13.93-16.77,-4.74,8.0,23.5,21.19,Sell ALL,733.53 thousand,Real Estate,REIT - Residential,0.95,15.8,19.14,1.03,0.81,0.32
TM,6.01,181.49,38.0,7.2,9,5.04,1.44,9/13,strongBuy,166.1-248.9,-4.24,27.0,239.31209,236.7,Sell ALL,372.94 thousand,Consumer Cyclical,Auto Manufacturers,0.337,188.95,226.86,1.04,0.8,0.15
QNCX,6.02,29.2,161.73,167.05,3,109.83,2.13,3/13,buy,15.1-910.0,-16.85,97.0,98.0,86.71,Sell ALL,33.31 thousand,Healthcare,Biotechnology,1.309,27.83,33.68,0.95,0.87,1.0
CBNA,6.03,47.27,100.56,35.76,6,0.38,0.35,6/13,hold,28.1-49.71,0.4,5.0,50.0,49.5,Buy time,19.77 thousand,Financial Services,Banks - Regional,1,46.09,55.57,0.98,0.85,0.2
CIB,6.04,91.91,54.76,45.27,7,0.82,0.33,7/13,hold,51.57-105.6,-1.74,13.0,110.0,96.54,Sell ALL,298.72 thousand,Financial Services,Banks - Regional,0.424,92.49,109.73,1.01,0.84,0.32
PVL,6.06,1.83,25.45,24.99,8,1,1,8/13,,1.58-2.01,5.81,9.0,0.1,0.1,Sell ALL,50.24 thousand,Energy,Oil & Gas E&P,0.141,1.77,2.16,0.97,0.85,0.25
KTH,6.06,28.67,86.5,-0.53,5,1,1,5/13,,27.93-30.0,-0.35,4.0,0.1,0.1,Buy time,558,N/A,N/A,1,28.61,39.41,1.0,0.73,2.5
SIGA,6.08,3.38,134.94,-5.45,4,1,1,4/13,strongBuy,2.83-8.95,13.31,62.0,0.1,0.1,Buy time,802.67 thousand,Healthcare,Drug Manufacturers - Specialty & Generic,0.887,3.26,3.88,0.96,0.87,0.22
GSBD,6.09,9.07,81.51,16.07,8,-0.01,-0.04,8/13,hold,8.355-10.375,-3.88,13.0,10.25,9.59,Sell ALL,988.70 thousand,Financial Services,Asset Management,0.66,9.26,11.29,1.02,0.8,0.29
DERM,6.09,6.61,98.83,1.9,4,0.02,0.64,4/13,buy,4.31-9.555,2.27,31.0,15.0,14.38,mere Sell (some bought),210.63 thousand,Healthcare,Drug Manufacturers - Specialty & Generic,1.102,7.12,8.48,1.08,0.78,0.18
COP,6.1,126.75,47.3,37.99,7,0.48,0.2,7/13,buy,85.57-141.62,-0.64,10.0,189.0,167.42,Sell ALL,7.36 million,Energy,Oil & Gas E&P,0.134,125.75,149.99,0.99,0.85,0.07
CTSH,6.15,58.51,74.25,90.4,4,0.06,0.04,4/13,hold,37.08-87.03,3.25,33.0,84.0,74.55,Sell ALL,8.92 million,Technology,Information Technology Services,0.83,56.52,67.76,0.97,0.86,0.21
NKSH,6.15,42.66,53.18,48.27,7,-0.01,-0.02,7/13,buy,27.0-43.31,0.12,2.0,46.75,46.75,Sell ALL,33.29 thousand,Financial Services,Banks - Regional,0.532,40.86,48.69,0.96,0.88,0.2
SAP,6.15,208.57,84.22,80.41,5,-0.1,-0.05,5/13,buy,144.97-281.37,0.35,26.0,319.0,285.25,Sell ALL,2.79 million,Technology,Software - Application,0.775,197.52,232.85,0.95,0.9,0.08
HMC,6.15,31.35,53.7,32.2,8,1,1,8/13,hold,23.25-33.45,-1.75,6.0,34.0,33.63,Sell ALL,1.26 million,Consumer Cyclical,Auto Manufacturers,0.312,31.09,37.84,0.99,0.83,0.18
FIGS,6.15,13.52,122.06,88.53,5,0.06,1.45,5/13,buy,6.77-17.48,-5.92,23.0,22.0,20.31,Buy time,3.41 million,Consumer Cyclical,Apparel Manufacturing,1.072,13.21,16.31,0.98,0.83,0.52
SYM,6.16,43.28,218.03,12.52,2,0.62,5.15,2/13,buy,37.68-87.88,2.15,51.0,85.0,73.93,Sell ALL,1.91 million,Industrials,Specialty Industrial Machinery,1.942,42.76,51.09,0.99,0.85,0.16
RGS,6.19,29.05,121.4,15.08,2,0,0,2/13,buy,19.31-31.5,6.71,8.0,42.0,42.0,- +Buy time -,11.16 thousand,Consumer Cyclical,Personal Services,1.424,28.33,35.63,0.98,0.82,1.0
ARHS,6.2,10.24,176.71,88.68,1,0.12,0.93,1/13,hold,5.57-12.08,6.93,15.0,13.0,11.77,Buy time,1.53 million,Consumer Cyclical,Specialty Retail,2.321,8.76,10.89,0.86,0.94,0.24
AMT,6.21,162.2,99.27,-0.5,8,0.59,0.38,8/13,buy,160.06-196.08,-5.05,17.0,260.0,237.87,Sell ALL,2.90 million,Real Estate,REIT - Specialty,0.895,172.21,209.27,1.06,0.78,0.12
JNJ,6.22,256.03,38.56,-5.12,9,0.07,0.02,9/13,buy,182.94-281.07,-2.48,9.0,320.0,299.64,Sell ALL,7.17 million,Healthcare,Drug Manufacturers - General,0.235,265.99,322.88,1.04,0.79,0.26
ABSI,6.22,11.07,130.89,24.32,0,-0.0,-0.02,0/13,buy,2.24-12.055,16.53,8.0,17.0,15.7,Buy time,3.57 million,Healthcare,Biotechnology,2.436,9.43,11.37,0.85,0.97,0.13
PAGS,6.22,9.02,129.28,17.47,3,-0.01,-0.01,3/13,hold,8.42-12.32,6.79,27.0,13.979089,12.59,Sell ALL,3.27 million,Technology,Software - Infrastructure,1.266,9.16,10.99,1.02,0.82,0.27
FBLG,6.23,1.24,-55.46,185.01,-3,0.29,0.31,-3/13,buy,0.62-11.4,17.74,89.0,19.0,15.75,Sell ALL,246.93 thousand,Healthcare,Biotechnology,1.675,1.25,1.64,1.01,0.76,0.82
FEDU,6.27,9.35,33.35,-4.9,6,-16.6,-2.03,6/13,,6.68-14.73,1.6,37.0,0.1,0.1,Sell ALL,695,Consumer Defensive,Education & Training Services,0.117,9.3,11.43,0.99,0.82,2.5
DDOG,6.28,277.22,158.95,19.89,2,0.16,0.3,2/13,buy,98.01-292.72,10.79,5.0,340.0,313.54,Buy time,4.10 million,Technology,Software - Application,1.488,251.36,301.94,0.91,0.92,0.14
SIG,6.29,100.58,111.61,62.91,0,0.63,0.39,0/13,hold,71.62-110.2,14.39,9.0,175.0,150.45,- Buy time -,852.53 thousand,Consumer Cyclical,Luxury Goods,1.111,93.8,115.07,0.93,0.87,0.16
STXE,6.3,50.68,86.68,6.11,8,1,1,8/13,,32.08-55.39,0.99,8.0,0.1,0.1,Sell ALL,9.48 thousand,N/A,N/A,1,49.69,61.38,0.98,0.83,0.86
OXY,6.3,58.08,47.97,23.1,8,1.01,1.09,8/13,hold,38.8-67.45,-1.19,14.000000000000002,82.0,75.18,Buy,10.36 million,Energy,Oil & Gas E&P,0.164,58.31,71.18,1.0,0.82,0.07
ARIS,6.3,17.5,231.69,67.27,2,0.04,0.1,2/13,strongBuy,8.75-23.29,-3.54,25.0,37.0,37.0,Sell ALL,1.72 million,Basic Materials,Gold,2.043,17.7,21.63,1.01,0.81,0.35
GNK,6.31,27.67,98.7,32.39,5,0.3,6.73,5/13,buy,15.55-28.42,5.24,3.0,32.0,30.68,Sell ALL,429.29 thousand,Industrials,Marine Shipping,0.895,26.17,31.4,0.95,0.88,0.15
NPK,6.31,150.73,51.32,53.13,8,0.48,0.39,8/13,,91.28-158.17,4.35,5.0,0.1,0.1,Sell ALL,102.50 thousand,Industrials,Aerospace & Defense,0.491,142.44,171.15,0.95,0.88,0.19
MFAN,6.32,25.11,89.28,3.37,8,1,1,8/13,,24.44-25.75,0.04,2.0,0.1,0.1,Sell ALL,14.76 thousand,N/A,N/A,1,25.14,30.36,1.0,0.83,1.04
APOS,6.32,25.59,88.6,5.34,6,1,1,6/13,,25.02-26.72,2.13,4.0,0.1,0.1,- Buy time -,49.49 thousand,N/A,N/A,1,25.35,32.3,0.99,0.79,1.73
DVN,6.33,47.65,61.3,27.3,7,0.11,0.06,7/13,buy,31.47-52.71,0.81,10.0,68.0,64.32,Buy,12.13 million,Energy,Oil & Gas E&P,0.426,46.52,55.53,0.98,0.86,0.07
INOD,6.33,70.07,199.99,12.64,0,0.39,1.84,0/13,buy,34.23-125.14,8.23,44.0,140.0,131.38,Buy time,1.50 million,Technology,Information Technology Services,2.883,64.08,80.75,0.91,0.87,0.52
PFBC,6.35,106.48,64.47,8.76,8,0.2,0.08,8/13,hold,81.5-112.26,-0.93,5.0,120.0,117.2,Buy time,124.14 thousand,Financial Services,Banks - Regional,0.536,106.19,127.65,1.0,0.83,0.33
ENGN,6.36,1.94,0.0,14.17,2,0.0,-0.01,2/13,hold,1.4-12.25,12.37,84.0,5.0,4.14,Sell ALL,893.85 thousand,Healthcare,Biotechnology,1,1.88,2.31,0.97,0.84,0.48
TGT,6.36,156.0,105.56,45.47,5,2.02,0.93,5/13,hold,83.44-170.75,3.2,9.0,200.0,182.34,Sell ALL,4.43 million,Consumer Defensive,Discount Stores,0.986,151.37,181.06,0.97,0.86,0.2
SMWB,6.37,7.96,176.03,78.99,3,0.02,0.38,3/13,hold,2.22-9.52,-7.54,16.0,12.0,11.42,Sell ALL,1.14 million,Technology,Software - Application,1.208,8.14,10.3,1.02,0.77,1.67
SGRP,6.38,0.67,65.61,31.65,5,1,1,5/13,,0.27-1.15,0.0,42.0,0.1,0.1,Sell ALL,158.88 thousand,Industrials,Specialty Business Services,0.25,0.69,0.98,1.03,0.68,2.5
T,6.39,24.3,91.52,37.0,7,0.08,0.14,7/13,buy,19.89-29.44,-1.56,17.0,36.0,32.42,Sell ALL,47.78 million,Communication Services,Telecom Services,0.431,24.66,29.93,1.01,0.81,0.03
FTEK,6.4,1.66,87.07,-1.37,1,-0.04,0.0,1/13,buy,1.17-3.45,13.25,52.0,4.0,4.0,Sell ALL,194.03 thousand,Industrials,Pollution & Treatment Controls,1.299,1.65,2.01,0.99,0.83,0.25
FEIM,6.41,86.03,14.51,142.08,3,-0.12,0.3,3/13,buy,26.05-89.76,8.36,4.0,100.0,97.75,Sell ALL,379.30 thousand,Technology,Communication Equipment,0.653,75.5,93.16,0.88,0.92,0.53
ACOG,6.42,9.1,147.22,20.85,2,0.07,0.16,2/13,buy,4.5-10.14,2.86,10.0,21.0,19.5,Buy time,172.25 thousand,Healthcare,Biotechnology,2.242,9.12,10.98,1.0,0.83,0.66
EMR,6.42,161.61,206.86,46.06,4,0.04,0.02,4/13,buy,122.64-166.35,-0.27,3.0,205.0,189.34,Buy time,2.78 million,Industrials,Specialty Industrial Machinery,1.233,153.13,184.92,0.95,0.87,0.22
JANX,6.43,16.93,166.05,9.81,2,0.07,0.04,2/13,buy,12.12-35.34,3.96,52.0,75.0,55.62,Sell ALL,886.21 thousand,Healthcare,Biotechnology,2.52,17.0,20.46,1.0,0.83,0.1
SAY,6.44,25.2,86.32,4.31,8,1,1,8/13,,25.0-25.758,0.44,2.0,0.1,0.1,Buy time,10.23 thousand,N/A,N/A,1,25.08,31.84,1.0,0.79,1.12
HGBL,6.44,1.29,28.96,20.63,1,-0.0,-0.04,1/13,buy,1.01-1.65,9.3,22.0,3.5,3.06,Sell ALL,154.74 thousand,Financial Services,Capital Markets,0.459,1.26,1.54,0.98,0.84,1.19
JXN,6.45,131.53,121.63,53.06,6,0.73,0.13,6/13,hold,89.67-140.9,-0.58,7.000000000000001,170.0,159.25,Sell ALL,697.36 thousand,Financial Services,Insurance - Life,1.318,129.89,157.95,0.99,0.83,0.12
BUXX,6.46,20.14,84.22,0.71,10,1,1,10/13,,20.12-20.4,-0.08,1.0,0.1,0.1,Sell ALL,274.58 thousand,N/A,N/A,1,20.17,24.56,1.0,0.82,0.23
SPT,6.46,10.09,137.67,73.47,3,0.17,1.11,3/13,hold,4.92-12.61,5.35,20.0,14.0,12.22,Sell ALL,1.27 million,Technology,Software - Application,0.951,9.99,12.09,0.99,0.83,0.21
SNX,6.47,278.37,130.94,33.85,4,1.69,0.38,4/13,buy,142.22-298.77,5.21,7.000000000000001,379.0,359.32,Sell ALL,844.87 thousand,Technology,Electronics & Computer Distribution,1.429,261.87,320.89,0.94,0.87,0.26
GBLI,6.5,24.35,52.84,-5.27,6,0.13,0.21,6/13,strongBuy,23.51-30.5,-10.2,20.0,49.0,49.0,Sell ALL,5.12 thousand,Financial Services,Insurance - Property & Casualty,0.425,27.61,34.0,1.13,0.72,2.5
SKYX,6.51,1.18,-6.32,3.5,6,-0.01,-0.27,6/13,buy,0.946-3.29,3.39,64.0,5.0,4.5,Sell ALL,990.52 thousand,Industrials,Electrical Equipment & Parts,1,1.26,1.5,1.07,0.79,0.21
GJO,6.51,24.62,86.03,-0.66,6,1,1,6/13,,24.02-25.29,-0.75,3.0,0.1,0.1,Sell,546,N/A,N/A,1,24.67,40.52,1.0,0.61,2.5
SHOP,6.54,151.39,288.94,71.19,1,0.05,0.14,1/13,buy,94.0-182.19,1.81,17.0,220.0,196.39,- +Buy time -,9.27 million,Technology,Software - Application,2.616,139.7,169.07,0.92,0.9,0.17
HCA,6.55,426.69,79.41,12.38,6,0.11,0.02,6/13,buy,353.99-556.52,5.26,23.0,579.0,516.61,- Buy time -,1.54 million,Healthcare,Medical Care Facilities,1.109,418.47,503.38,0.98,0.85,0.1
XERS,6.57,9.08,90.22,17.18,4,0.01,14.21,4/13,buy,5.25-11.33,6.17,20.0,18.0,15.14,Buy time,2.23 million,Healthcare,Drug Manufacturers - Specialty & Generic,0.85,8.52,10.23,0.94,0.89,0.22
CENN,6.58,3.78,162.13,32.21,5,1,1,5/13,,3.0683-39.6,8.15,90.0,0.1,0.1,Sell ALL,6.66 thousand,Consumer Cyclical,Auto Manufacturers,1.683,3.92,4.8,1.04,0.79,0.33
SUN,6.61,74.73,72.06,23.42,8,-0.72,-0.01,8/13,buy,48.6-80.22,-0.31,7.000000000000001,90.0,86.5,- Buy time -,485.99 thousand,Energy,Oil & Gas Refining & Marketing,0.416,75.29,91.98,1.01,0.81,0.17
LILA,6.62,8.53,66.98,34.52,7,0,0,7/13,buy,4.578804-8.985,0.23,5.0,14.0,12.28,Sell ALL,461.49 thousand,Communication Services,Telecom Services,0.742,8.44,10.11,0.99,0.84,0.11
BAND,6.63,63.74,249.46,-7.49,-1,0.09,0.3,-1/13,strongBuy,12.5-79.08,17.18,19.0,86.0,77.3,Buy time,1.06 million,Technology,Software - Infrastructure,3.03,58.99,71.14,0.93,0.9,0.14
AOMN,6.65,25.28,86.0,-1.42,9,1,1,9/13,,24.239-25.85,0.82,2.0,0.1,0.1,Sell ALL,5.55 thousand,N/A,N/A,1,25.3,31.58,1.0,0.8,0.8
TSLA,6.65,370.59,161.83,-8.56,3,-0.15,-0.22,3/13,hold,297.38-498.83,8.44,26.0,600.0,497.78,Sell ALL,43.69 million,Consumer Cyclical,Auto Manufacturers,1.845,359.87,435.23,0.97,0.85,0.27
AMN,6.69,36.63,112.51,37.13,5,1.06,3.38,5/13,hold,14.97-37.22,5.71,2.0,40.0,38.07,- Buy time -,826.90 thousand,Healthcare,Medical Care Facilities,0.389,34.89,43.1,0.95,0.85,0.31
SLAB,6.7,222.76,119.19,5.07,7,0.05,0.08,7/13,hold,115.51-223.5,1.56,0.0,231.0,226.93,Buy time,297.26 thousand,Technology,Semiconductors,1.357,219.73,267.29,0.99,0.83,0.29
EXLS,6.7,35.75,98.39,73.64,5,0.08,0.16,5/13,buy,24.85-43.88,3.33,19.0,48.0,46.31,- Buy time -,2.43 million,Technology,Information Technology Services,0.81,33.86,40.75,0.95,0.88,0.23
LSBK,6.71,18.38,33.35,21.47,7,1,1,7/13,,12.5-19.09,6.53,4.0,0.1,0.1,Buy time,14.39 thousand,Financial Services,Banks - Regional,0.289,17.59,21.7,0.96,0.85,1.29
CRBG,6.72,34.03,89.76,36.08,6,0.06,0.05,6/13,buy,22.19-35.64,3.19,5.0,46.0,42.42,Sell ALL,4.57 million,Financial Services,Asset Management,1.012,33.19,40.2,0.98,0.85,0.25
SSTI,6.74,8.33,50.73,40.84,-5,-0.27,-1.18,-5/13,hold,5.415-12.14,33.01,31.0,10.0,9.42,- Buy time -,135.14 thousand,Technology,Software - Application,1.154,7.42,8.91,0.89,0.93,1.58
WCC,6.75,381.73,165.69,52.02,5,1.14,0.34,5/13,buy,207.39-385.37,2.44,1.0,440.0,419.59,Buy time,614.81 thousand,Industrials,Industrial Distribution,1.533,352.27,427.85,0.92,0.89,0.09
RGA,6.75,249.41,55.09,24.39,8,3.36,0.53,8/13,strongBuy,178.21-257.81,0.97,3.0,302.0,289.67,- Buy time -,394.29 thousand,Financial Services,Insurance - Reinsurance,0.464,245.3,296.29,0.98,0.84,0.26
FMAO,6.76,35.49,89.14,48.86,7,0.23,0.33,7/13,hold,22.77-36.12,1.3,2.0,36.0,36.0,Sell ALL,84.73 thousand,Financial Services,Banks - Regional,0.799,34.16,41.66,0.96,0.85,0.29
STVN,6.78,20.2,84.86,14.16,9,0.02,0.18,9/13,buy,12.89-27.99,-5.25,28.000000000000004,32.0,28.34,mere Sell (some bought),433.81 thousand,Healthcare,Medical Instruments & Supplies,0.746,21.06,25.31,1.04,0.8,0.22
SXT,6.81,128.59,84.0,21.17,9,0.37,0.4,9/13,buy,82.6-138.82,-3.78,7.000000000000001,157.0,150.7,Sell ALL,482.77 thousand,Basic Materials,Specialty Chemicals,0.784,128.99,155.18,1.0,0.83,0.29
PR,6.81,22.12,92.41,38.07,7,0.11,0.2,7/13,buy,11.92-24.645,0.38,10.0,30.0,28.6,- Buy time -,10.18 million,Energy,Oil & Gas E&P,0.484,21.86,26.42,0.99,0.84,0.22
DSGX,6.82,80.08,36.18,34.39,6,0.22,0.33,6/13,buy,62.56-98.35,6.44,19.0,126.0,113.62,Buy time,681.53 thousand,Technology,Software - Application,0.198,77.68,93.06,0.97,0.86,0.21
RGR,6.84,44.37,27.31,39.67,4,0.03,0.03,4/13,buy,28.33-48.21,15.62,8.0,46.0,44.5,Buy time,164.51 thousand,Industrials,Aerospace & Defense,0.237,38.89,48.91,0.88,0.91,0.31
APRE,6.85,0.69,54.82,-5.08,2,0.17,0.73,2/13,buy,0.548-1.69,0.72,59.0,5.0,4.37,Sell ALL,308.43 thousand,Healthcare,Biotechnology,1.628,0.77,1.12,1.12,0.62,2.5
SNPS,6.86,489.9,103.18,43.2,1,0.43,0.12,1/13,buy,362.55-539.48,15.65,9.0,700.0,634.89,Buy time,2.44 million,Technology,Software - Infrastructure,1.227,424.07,527.1,0.87,0.93,0.61
CAKE,6.86,109.65,167.9,99.78,5,0.3,0.25,5/13,hold,43.07-118.46,0.53,7.000000000000001,117.0,106.46,Buy time,1.56 million,Consumer Cyclical,Restaurants,1.009,100.68,120.56,0.92,0.91,0.05
LXP,6.88,60.95,88.15,27.53,8,-0.08,-2.24,8/13,hold,44.0-61.61,0.48,1.0,65.0,62.5,Buy time,705.23 thousand,Real Estate,REIT - Industrial,1.046,60.11,71.65,0.99,0.85,0.2
U,6.88,43.61,240.86,114.27,4,0.02,0.08,4/13,buy,16.78-52.15,-4.22,16.0,55.0,52.2,Buy time,9.96 million,Technology,Software - Application,2.057,40.06,49.01,0.92,0.89,0.22
TER,6.89,449.04,384.35,84.03,0,0.86,0.41,0/13,buy,131.75-487.91,1.35,8.0,550.0,498.23,Buy time,3.27 million,Technology,Semiconductor Equipment & Materials,1.778,379.92,459.39,0.85,0.98,0.13
GLBS,6.93,3.5,78.75,69.46,7,0.19,2.9,7/13,strongBuy,1.03-4.06,-4.86,14.000000000000002,6.0,6.0,Sell ALL,216.54 thousand,Industrials,Marine Shipping,0.315,3.52,4.26,1.01,0.82,0.69
FORM,6.95,149.15,246.12,115.49,0,0.33,0.62,0/13,buy,37.14-160.27,7.37,7.000000000000001,200.0,172.72,Buy time,1.28 million,Technology,Semiconductor Equipment & Materials,1.241,118.23,143.23,0.79,1.04,0.29
NABL,6.97,4.23,77.1,24.51,0,0.0,0.04,0/13,hold,2.92-8.735,22.7,52.0,8.0,6.34,Buy time,2.53 million,Technology,Information Technology Services,0.489,4.17,4.92,0.99,0.86,0.1
CNQ,6.98,48.44,110.31,37.82,8,0.26,0.18,8/13,hold,29.68-52.31,-0.81,7.000000000000001,57.7717,53.0,- Buy time -,7.35 million,Energy,Oil & Gas E&P,0.878,47.62,56.79,0.98,0.85,0.04
HGER,6.99,35.29,131.38,33.53,8,1,1,8/13,,24.44-36.48,2.69,3.0,0.1,0.1,Sell ALL,2.10 million,N/A,N/A,1,34.03,43.12,0.96,0.82,0.45
OPY,6.99,120.13,140.05,19.31,9,0.32,0.84,9/13,,63.81-125.88,1.56,5.0,0.1,0.1,Buy time,137.34 thousand,Financial Services,Capital Markets,1.088,118.27,142.46,0.98,0.84,0.17
SAT,7.01,25.06,85.73,5.8,9,1,1,9/10,,24.55-25.23,0.28,1.0,0.1,0.1,Buy,5.09 thousand,N/A,N/A,1,24.92,30.92,0.99,0.81,1.18
JMIA,7.01,6.92,181.33,8.89,1,0,0,1/13,buy,5.69-14.72,8.53,53.0,17.561937,14.81,Sell ALL,2.08 million,Consumer Cyclical,Internet Retail,2.502,6.83,8.38,0.99,0.83,0.33
SSRM,7.04,33.27,77.34,55.37,7,0.33,0.4,7/13,buy,18.19-39.44,1.47,16.0,48.0,45.4,Sell ALL,2.78 million,Basic Materials,Gold,0.982,33.16,39.61,1.0,0.84,0.17
MTEX,7.1,6.64,104.49,80.81,5,1,1,5/13,,3.8-12.45,2.11,47.0,0.1,0.1,== less Sell ALL==,15.53 thousand,Consumer Defensive,Food Distribution,0.746,6.34,7.75,0.95,0.86,2.01
LOPE,7.1,155.79,80.08,11.58,6,0.22,0.11,6/13,buy,134.27-223.04,8.95,30.0,200.0,197.5,- Buy time -,319.27 thousand,Consumer Defensive,Education & Training Services,0.579,150.88,181.98,0.97,0.86,0.11
BIO,7.13,369.14,169.5,68.79,5,0.77,0.45,5/13,hold,236.73-396.23,3.77,7.000000000000001,390.0,359.17,Sell ALL,320.10 thousand,Healthcare,Medical Devices,1.07,355.57,430.83,0.96,0.86,0.11
JAKK,7.15,27.15,138.08,60.14,3,0.58,6.15,3/13,strongBuy,14.87-27.22,7.1,0.0,30.0,29.25,Buy time,120.66 thousand,Consumer Cyclical,Leisure,1.383,24.94,31.71,0.92,0.86,1.03
SHG,7.17,78.03,91.37,22.84,7,0.33,0.14,7/13,buy,47.05-85.57,2.7,9.0,100.0,100.0,Sell ALL,223.94 thousand,Financial Services,Banks - Regional,0.65,77.4,94.62,0.99,0.82,0.45
GNLN,7.17,2.66,165.75,48.15,0,-155763.88,-0.56,0/13,,1.51-37.968,24.44,93.0,0.1,0.1,Buy,21.75 thousand,Consumer Defensive,Tobacco,1.989,2.52,3.2,0.95,0.83,0.58
AISP,7.19,2.12,23.52,-2.75,2,-0.04,-3.68,2/13,,1.685-7.2,4.72,71.0,6.5,6.5,Buy time,3.69 million,Technology,Software - Infrastructure,0.607,2.13,5.29,1.0,0.4,2.5
APH,7.2,86.96,125.38,30.86,7,0.14,0.25,7/13,buy,59.005-89.26,1.91,3.0,115.0,107.34,Buy time,13.06 million,Technology,Electronic Components,1.242,81.98,98.35,0.94,0.88,0.1
SEI,7.21,74.93,224.46,67.07,0,0.26,0.94,0/13,buy,38.499-86.19,12.13,13.0,120.0,110.64,Buy time,2.90 million,Energy,Oil & Gas Equipment & Services,1.262,63.94,76.8,0.85,0.98,0.26
BKKT,7.22,7.75,404.96,3.48,-1,-0.89,-10.62,-1/13,buy,6.71-47.175,8.13,84.0,12.0,12.0,Sell ALL,1.25 million,Technology,Software - Infrastructure,5.933,8.13,10.09,1.05,0.77,0.16
PYT,7.24,23.74,83.33,3.61,7,1,1,7/13,,22.75-24.93,0.38,5.0,0.1,0.1,Sell ALL,2.02 thousand,N/A,N/A,1,23.68,35.55,1.0,0.67,2.5
UFCS,7.25,54.62,65.53,14.07,9,0.94,1.27,9/13,strongBuy,29.85-56.74,2.58,4.0,60.0,59.25,Buy,133.14 thousand,Financial Services,Insurance - Property & Casualty,0.514,53.99,64.76,0.99,0.84,0.07
LQDT,7.26,43.23,127.76,35.37,7,0.16,0.47,7/13,strongBuy,21.67-45.0,1.2,4.0,52.0,51.5,- Buy time -,263.65 thousand,Consumer Cyclical,Internet Retail,1.077,41.96,50.79,0.97,0.85,0.32
BRKH,7.27,10.01,86.35,1.81,7,1,1,7/11,,9.8-11.04,0.4,9.0,0.1,0.1,Sell ALL,14.31 thousand,Financial Services,Shell Companies,1,10.19,18.13,1.02,0.55,2.5
DRH,7.27,12.57,123.36,22.82,7,0.1,1.29,7/13,buy,7.48-13.79,2.54,9.0,16.0,14.98,Buy time,2.95 million,Real Estate,REIT - Hotel & Motel,0.989,12.43,15.2,0.99,0.83,0.22
PAHC,7.29,37.24,101.48,38.61,5,0.17,0.24,5/13,hold,28.25-60.08,7.3,38.0,55.0,49.5,- Buy time -,295.30 thousand,Healthcare,Drug Manufacturers - Specialty & Generic,0.465,35.95,43.06,0.97,0.86,0.36
MAYS,7.3,40.1,48.75,8.01,9,1,1,9/13,,37.55-61.99,-3.49,35.0,0.1,0.1,mere Buy (some sold),461,Real Estate,Real Estate Services,0.181,40.13,inf,1.0,0.0,2.5
SAIC,7.34,125.26,64.42,26.6,9,1.65,0.72,9/13,hold,81.08-142.66,0.73,12.0,154.0,143.85,Sell ALL,424.22 thousand,Technology,Information Technology Services,0.297,126.2,151.63,1.01,0.83,0.22
RVSB,7.36,5.99,63.47,33.09,4,-0.01,-0.26,4/13,strongBuy,4.88-6.22,14.19,4.0,7.0,7.0,Buy time,70.77 thousand,Financial Services,Banks - Regional,0.47,5.48,6.64,0.91,0.9,0.6
VTRS,7.43,17.6,104.09,17.51,6,0.18,0.33,6/13,buy,9.69-18.43,7.78,5.0,25.0,22.2,Buy time,9.53 million,Healthcare,Drug Manufacturers - Specialty & Generic,0.883,16.95,20.44,0.96,0.86,0.15
GDDY,7.44,97.21,106.29,35.34,6,0.22,0.13,6/13,hold,71.59-139.44,4.98,30.0,170.0,138.38,== less Sell ALL==,1.92 million,Technology,Software - Infrastructure,0.94,96.85,115.65,1.0,0.84,0.09
OR,7.46,34.47,149.34,47.66,6,0.07,0.21,6/13,strongBuy,27.54-48.06,3.49,28.000000000000004,48.0,45.5,Sell ALL,1.07 million,Basic Materials,Gold,1.369,33.83,40.31,0.98,0.86,0.09
ECCV,7.46,24.12,90.58,6.06,11,1,1,11/13,,23.06-24.42,1.04,1.0,0.1,0.1,Buy,2.86 thousand,N/A,N/A,1,23.92,28.92,0.99,0.83,0.39
KEYS,7.5,384.64,148.91,54.86,5,1.14,0.47,5/13,buy,158.79-387.93,6.11,1.0,452.0,433.54,Buy time,1.27 million,Technology,Scientific & Technical Instruments,1.208,338.88,410.14,0.88,0.94,0.35
KOPN,7.5,4.91,386.55,71.59,2,0.02,1.0,2/13,buy,1.81-6.61,-8.35,26.0,12.0,10.21,Buy time,3.81 million,Technology,Electronic Components,3.573,4.51,5.53,0.92,0.89,0.21
ASX,7.53,47.45,178.97,51.84,2,0.12,0.6,2/13,buy,11.07-47.93,15.89,1.0,51.0,51.0,Buy time,8.20 million,Technology,Semiconductors,1.575,40.2,48.62,0.85,0.98,0.11
MTCH,7.55,40.32,134.47,15.37,6,0.07,0.09,6/13,hold,28.81-44.935,7.69,10.0,51.0,46.44,Sell ALL,3.23 million,Communication Services,Internet Content & Information,1.323,40.34,48.44,1.0,0.83,0.13
HOOD,7.56,112.74,155.08,9.1,3,0.18,0.42,3/13,buy,63.515-153.86,14.63,27.0,170.0,150.95,Sell ALL,21.59 million,Financial Services,Capital Markets,2.34,108.3,130.77,0.96,0.86,0.13
EXEL,7.57,58.39,64.43,11.61,7,0.16,0.19,7/13,hold,33.76-61.14,10.4,4.0,66.0,59.97,Buy time,2.44 million,Healthcare,Biotechnology,0.422,56.2,66.97,0.96,0.87,0.13
URBN,7.58,80.8,124.99,45.25,6,1.26,0.8,6/13,hold,59.54-85.43,5.15,5.0,111.0,100.21,Buy,1.33 million,Consumer Cyclical,Apparel Retail,1.257,77.1,93.71,0.95,0.86,0.25
HNNA,7.58,10.31,58.4,7.0,10,-0.15,-0.24,10/13,,8.9-11.02,3.2,6.0,0.1,0.1,Sell ALL,8.87 thousand,Financial Services,Asset Management,0.556,10.14,12.87,0.98,0.8,1.02
BOX,7.61,34.49,107.0,47.78,6,0.01,0.02,6/13,hold,21.34-36.34,6.38,5.0,50.0,44.36,- Buy time -,3.02 million,Technology,Software - Infrastructure,0.736,32.87,39.47,0.95,0.87,0.17
PAYC,7.61,220.99,94.41,134.75,6,0.56,0.22,6/13,hold,104.9-244.98,3.08,10.0,285.0,251.38,Sell ALL,760.60 thousand,Technology,Software - Application,0.786,202.77,241.48,0.92,0.92,0.08
CNET,7.63,1.6,26.0,155.61,0,-7.0,-0.81,0/13,,0.57-2.87,18.13,44.0,0.1,0.1,Buy time,261.60 thousand,Communication Services,Advertising Agencies,0.838,1.35,8.55,0.84,0.19,2.5
GPRK,7.65,10.85,69.86,26.56,6,0.09,0.75,6/13,buy,5.75-13.13,11.61,17.0,12.0,11.43,Buy,575.08 thousand,Energy,Oil & Gas E&P,0.391,10.41,12.65,0.96,0.86,0.33
DSGR,7.69,34.98,52.15,71.26,9,0.02,0.0,9/13,hold,19.02-35.06,0.31,0.0,35.0,35.0,Buy time,201.55 thousand,Industrials,Industrial Distribution,0.543,33.71,40.1,0.96,0.87,0.52
TALO,7.77,16.78,98.58,45.51,8,0.32,1.29,8/13,buy,8.965-18.725,2.21,10.0,24.0,22.11,Buy,2.15 million,Energy,Oil & Gas E&P,0.361,16.14,19.24,0.96,0.87,0.13
QCOM,7.82,184.87,155.39,1.98,3,0.07,0.03,3/13,hold,121.99-259.92,12.75,28.999999999999996,400.0,297.07,== less Sell ALL==,12.42 million,Technology,Semiconductors,1.679,177.4,214.08,0.96,0.86,0.13
AVT,7.83,106.93,147.68,70.63,5,0.67,0.41,5/13,buy,44.25-108.63,8.14,2.0,120.0,113.12,Buy time,1.42 million,Technology,Electronics & Computer Distribution,1.115,94.25,114.42,0.88,0.93,0.24
BTE,7.85,4.63,125.54,31.05,8,0.06,-16.52,8/13,hold,2.18-5.36,2.04,14.000000000000002,6.6652637,6.67,Sell ALL,16.71 million,Energy,Oil & Gas E&P,0.574,4.59,5.48,0.99,0.84,0.08
KMPB,7.86,24.77,91.27,12.8,9,1,1,9/13,,22.03-24.88,1.97,0.0,0.1,0.1,Buy,18.80 thousand,N/A,N/A,1,24.34,31.93,0.98,0.78,1.6
SOLV,7.88,87.85,81.25,41.42,9,0.77,0.43,9/13,buy,62.38-94.16,1.17,7.000000000000001,113.0,103.46,Sell ALL,1.08 million,Healthcare,Medical Instruments & Supplies,0.687,86.39,103.98,0.98,0.84,0.27
NL,7.91,6.98,76.98,40.49,9,-0.06,-0.35,9/13,,5.04-8.6,9.39,19.0,0.1,0.1,- Buy time -,33.20 thousand,Industrials,Security & Protection Services,0.22,6.54,7.76,0.94,0.9,0.25
RWAY,7.92,6.55,59.42,71.18,8,0.12,0.41,8/13,hold,5.19-10.25,1.53,36.0,11.0,9.52,Sell ALL,640.65 thousand,Financial Services,Asset Management,0.631,6.2,7.56,0.95,0.87,0.31
MEOH,7.93,58.43,117.64,49.94,8,-0.26,-0.32,8/13,buy,32.0-66.75,2.23,12.0,80.0,75.0,Sell ALL,1.01 million,Basic Materials,Chemicals,0.872,57.44,69.44,0.98,0.84,0.08
SGHT,7.94,8.53,215.15,138.76,3,0.02,0.25,3/13,buy,3.19-9.713,3.4,12.0,12.0,10.5,Buy time,278.03 thousand,Healthcare,Medical Devices,2.497,7.49,9.42,0.88,0.91,0.39
MU,7.96,1074.89,287.24,41.2,2,1.6,0.05,2/13,buy,179.61-1255.0,5.87,14.000000000000002,2200.0,1860.01,Buy time,37.26 million,Technology,Semiconductors,2.222,975.77,1176.32,0.91,0.91,0.13
XFLT,7.96,19.31,111.58,29.96,11,0.0,0.0,11/13,,14.925-26.45,1.17,27.0,0.1,0.1,== less Sell ALL==,100.78 thousand,Financial Services,Asset Management,1,18.72,23.03,0.97,0.84,0.35
BNS,7.96,91.19,142.67,18.62,9,0.26,0.13,9/13,hold,62.98-95.74,-0.18,5.0,98.85856,94.25,Sell ALL,2.19 million,Financial Services,Banks - Diversified,1.209,90.98,109.75,1.0,0.83,0.33
NTR,7.97,70.06,128.67,16.69,8,-0.15,-0.11,8/13,buy,53.03-85.36,3.27,18.0,90.0,83.4,mere Sell (some bought),2.96 million,Basic Materials,Agricultural Inputs,1.076,71.39,84.87,1.02,0.83,0.27
MSGM,8.0,4.86,155.49,45.21,-1,0,0,-1/13,strongBuy,2.105-5.558,20.16,13.0,9.0,9.0,- Buy time -,75.12 thousand,Communication Services,Electronic Gaming & Multimedia,1.727,4.52,5.59,0.93,0.87,1.0
TEN,8.01,50.05,4.02,71.22,6,1.44,0.65,6/13,buy,20.5-53.84,15.76,7.000000000000001,50.0,48.0,== less Sell ALL==,408.32 thousand,Energy,Oil & Gas Midstream,1,43.81,54.26,0.88,0.92,0.36
IQV,8.02,258.21,123.66,63.88,6,0.2,0.07,6/13,buy,154.5-277.4,6.57,7.000000000000001,345.0,316.87,Sell ALL,1.74 million,Healthcare,Diagnostics & Research,1.186,247.17,302.38,0.96,0.85,0.3
TX,8.03,56.61,166.15,71.6,6,0.03,-0.09,6/13,hold,33.01-58.73,3.99,4.0,78.0,68.38,Sell ALL,652.05 thousand,Basic Materials,Steel,1.173,53.33,63.15,0.94,0.9,0.13
SJT,8.04,3.76,35.8,66.77,4,-0.07,-0.3,4/13,,2.37-6.55,25.53,43.0,0.1,0.1,- Buy time -,318.24 thousand,Energy,Oil & Gas E&P,0.636,2.98,3.8,0.79,0.99,0.45
META,8.05,728.08,105.89,52.28,2,2.74,0.42,2/13,buy,520.26-779.82,21.91,7.000000000000001,1000.0,897.48,mere Buy (some sold),18.84 million,Communication Services,Internet Content & Information,1.243,639.53,776.46,0.88,0.94,0.15
DHR,8.06,214.06,117.91,31.23,7,0.22,0.12,7/13,buy,160.93-242.8,5.51,12.0,310.0,272.36,Sell ALL,4.87 million,Healthcare,Diagnostics & Research,0.808,207.29,257.11,0.97,0.83,0.3
ABBV,8.1,262.82,45.36,12.58,10,0.02,0.0,10/13,buy,190.75-269.39,4.75,2.0,328.0,303.43,Sell ALL,5.05 million,Healthcare,Drug Manufacturers - General,0.281,258.19,310.74,0.98,0.85,0.12
NNBR,8.12,4.51,205.26,85.91,1,0.11,5.38,1/13,buy,1.1-4.79,8.87,6.0,7.0,6.83,Buy time,2.97 million,Industrials,Conglomerates,2.621,3.74,4.87,0.83,0.93,1.26
LUCY,8.13,0.89,175.96,-10.76,0,0.21,0.51,0/13,,0.65-2.05,21.52,56.00000000000001,0.1,0.1,Sell ALL,4.06 million,Healthcare,Medical Instruments & Supplies,2.754,0.95,2.49,1.07,0.36,2.5
NTRP,8.17,1.95,127.54,2.49,-2,-0.28,-2.24,-2/13,buy,0.9001-5.2,28.21,62.0,8.0,7.46,Sell,71.83 thousand,Consumer Cyclical,Travel Services,1.659,1.78,2.22,0.91,0.88,0.38
AES,8.2,14.91,83.23,7.59,11,0.37,1.02,11/13,hold,13.21-17.65,1.01,16.0,15.0,15.0,Buy time,7.42 million,Utilities,Utilities - Diversified,0.95,14.76,17.84,0.99,0.84,0.19
WAY,8.21,24.81,52.41,27.25,10,0.06,0.17,10/13,buy,17.26-40.35,0.52,39.0,44.0,38.84,Sell ALL,2.63 million,Healthcare,Health Information Services,0.153,24.92,29.85,1.0,0.83,0.19
FRSH,8.21,12.78,202.49,66.19,5,0.04,0.28,5/13,hold,6.79-13.99,3.52,9.0,25.0,19.89,- Buy time -,9.30 million,Technology,Software - Application,0.894,12.13,14.91,0.95,0.86,-0.02
LIND,8.22,34.78,263.99,90.87,3,0.18,11.81,3/13,buy,11.37-35.49,5.78,2.0,40.0,37.75,Buy time,957.41 thousand,Consumer Cyclical,Travel Services,2.223,29.8,37.65,0.86,0.92,0.5
PRLB,8.24,98.21,186.24,83.19,5,0.21,0.49,5/13,buy,45.1-99.42,7.48,1.0,110.0,102.75,Buy time,218.14 thousand,Industrials,Metal Fabrication,1.418,84.46,103.45,0.86,0.95,0.18
CHEF,8.25,116.42,140.79,50.04,7,0.34,0.92,7/13,buy,53.24-118.51,5.02,2.0,131.0,126.5,Buy time,577.73 thousand,Consumer Defensive,Food Distribution,1.38,108.85,134.18,0.93,0.87,0.43
ATLO,8.27,32.36,58.69,31.2,11,0,0,11/13,hold,19.56-32.86,2.23,2.0,33.0,33.0,Buy,36.45 thousand,Financial Services,Banks - Regional,0.301,31.27,37.11,0.97,0.87,0.06
BZH,8.27,33.4,185.64,18.85,5,0.96,1.64,5/13,hold,17.83-34.54,0.69,3.0,33.0,30.25,Buy time,1.20 million,Consumer Cyclical,Residential Construction,2.179,33.14,42.89,0.99,0.78,2.2
ANF,8.29,135.91,65.98,131.25,1,2.4,1.28,1/13,buy,65.45-155.22,22.63,12.0,185.0,174.27,Sell ALL,1.48 million,Consumer Cyclical,Apparel Retail,0.966,122.17,148.32,0.9,0.92,0.39
APPN,8.31,36.68,130.93,129.17,6,0.22,41.67,6/13,hold,18.63-46.059,4.83,20.0,42.0,38.0,Sell ALL,904.05 thousand,Technology,Software - Infrastructure,0.94,34.05,40.74,0.93,0.9,0.27
SHEL,8.32,96.23,71.73,42.54,9,0.57,0.21,9/13,hold,68.625-99.155,4.79,3.0,123.0,113.41,Buy,7.11 million,Energy,Oil & Gas Integrated,1,90.98,110.31,0.95,0.87,0.2
ASBA,8.32,25.11,99.82,11.14,12,1,1,12/13,,23.9-25.37,2.59,1.0,0.1,0.1,Buy time,25.95 thousand,N/A,N/A,1,24.59,29.66,0.98,0.85,0.3
GILD,8.32,144.74,69.1,18.76,10,0.62,0.13,10/13,buy,112.41-157.29,4.56,8.0,180.0,169.33,Sell ALL,6.08 million,Healthcare,Drug Manufacturers - General,0.35,141.26,169.55,0.98,0.85,0.05
AVPT,8.34,14.07,149.37,34.13,6,0.07,0.82,6/13,buy,8.835-15.58,5.83,10.0,26.0,21.4,- Buy time -,2.49 million,Technology,Software - Infrastructure,1.186,13.33,16.23,0.95,0.87,0.26
MRVL,8.35,272.29,222.08,58.86,2,0.01,0.02,2/13,buy,70.69-329.88,13.94,17.0,450.0,371.94,Buy time,24.31 million,Technology,Semiconductors,2.253,233.14,280.64,0.86,0.97,0.11
LFCR,8.36,6.54,76.87,114.48,-1,-0.11,-0.34,-1/13,hold,3.63-8.98,30.58,27.0,6.28,6.28,Buy time,211.34 thousand,Healthcare,Drug Manufacturers - Specialty & Generic,1.085,4.8,6.04,0.73,1.08,0.63
NVDA,8.36,233.95,196.77,37.94,5,0.23,0.12,5/13,buy,164.27-237.88,3.93,2.0,515.0,421.35,Buy time,135.34 million,Technology,Semiconductors,2.217,219.78,269.42,0.94,0.87,0.2
UGP,8.36,7.45,51.83,81.33,6,0.09,0.48,6/13,strongBuy,3.6-7.78,13.02,4.0,9.0,8.25,Sell ALL,3.95 million,Energy,Oil & Gas Refining & Marketing,0.261,6.65,8.05,0.89,0.93,0.31
ERO,8.37,37.91,266.91,136.3,2,0.29,0.49,2/13,hold,19.095-40.83,7.91,7.000000000000001,44.0,42.37,Buy time,1.40 million,Basic Materials,Copper,1.668,33.0,40.89,0.87,0.93,0.27
LXFR,8.39,17.27,98.44,6.76,10,0.08,0.39,10/13,buy,11.26-19.45,0.87,11.0,20.5,19.62,Buy time,347.59 thousand,Industrials,Specialty Industrial Machinery,1.118,17.18,22.23,0.99,0.78,0.59
SPSC,8.4,82.35,73.31,89.38,7,0.3,0.29,7/13,hold,49.04-114.87,7.43,28.000000000000004,103.0,89.23,Buy time,651.42 thousand,Technology,Software - Application,0.509,76.44,91.99,0.93,0.9,0.39
BE,8.46,289.15,257.49,62.67,0,0.68,3.34,0/13,hold,75.7-351.28,19.71,18.0,390.0,336.41,Buy time,15.25 million,Industrials,Electrical Equipment & Parts,3.811,248.56,301.32,0.86,0.96,0.15
ATRA,8.47,9.48,-11.97,3.6,7,-0.07,-0.28,7/13,buy,3.92-19.145,11.81,50.0,18.0,15.83,Buy time,82.47 thousand,Healthcare,Biotechnology,0.112,9.34,11.24,0.99,0.84,0.99
RBKB,8.48,13.15,26.64,18.0,12,1,1,12/13,,6.735863-13.23,3.57,1.0,0.1,0.1,Buy time,140.75 thousand,Financial Services,Banks - Regional,0.162,12.71,15.24,0.97,0.86,1.04
ATKR,8.54,94.62,150.01,85.64,8,0.61,0.48,8/13,hold,53.75-94.88,0.96,0.0,95.0,94.25,- Buy time -,751.87 thousand,Industrials,Electrical Equipment & Parts,1.685,87.68,108.59,0.93,0.87,0.51
CRL,8.63,290.19,186.59,67.84,8,0.39,0.16,8/13,buy,146.2-303.31,1.22,4.0,357.0,331.0,Buy time,940.60 thousand,Healthcare,Diagnostics & Research,1.405,271.19,325.47,0.93,0.89,0.1
SNOW,8.63,341.04,127.96,72.44,8,0.24,0.61,8/13,buy,118.3-384.56,3.2,11.0,525.0,475.07,Buy time,4.44 million,Technology,Software - Application,1.328,316.99,381.01,0.93,0.9,0.08
STNG,8.65,86.23,11.36,30.13,10,0.44,0.14,10/13,buy,48.93-90.06,6.84,4.0,120.0,108.85,Buy time,1.08 million,Energy,Oil & Gas Midstream,1,81.46,99.82,0.94,0.86,0.38
IMAX,8.7,52.72,92.6,82.59,9,0.18,0.7,9/13,buy,30.74-57.73,0.63,9.0,69.19,62.94,Sell ALL,1.55 million,Communication Services,Entertainment,0.398,49.72,61.77,0.94,0.85,0.58
WOR,8.72,60.66,152.26,36.58,8,-0.02,0.01,8/13,buy,45.01-67.54,5.21,10.0,76.0,73.2,Buy time,293.64 thousand,Industrials,Metal Fabrication,1.206,57.59,69.87,0.95,0.87,0.23
IDAI,8.73,3.25,3.45,156.87,0,-0.13,-0.38,0/13,strongBuy,1.17-5.28,22.77,38.0,8.0,8.0,- Buy time -,32.88 thousand,Technology,Software - Application,0.493,2.86,3.5,0.88,0.93,0.66
GYRE,8.74,7.11,390.66,13.61,1,-0.09,-1.48,1/13,buy,5.44-9.42,4.22,25.0,20.0,19.33,Sell,107.96 thousand,Healthcare,Biotechnology,4.828,6.79,8.56,0.95,0.83,0.29
DK,8.76,74.19,156.32,77.37,6,4.54,2.13,6/13,buy,25.85-82.27,9.41,10.0,90.0,82.29,Sell ALL,1.73 million,Energy,Oil & Gas Refining & Marketing,0.569,69.58,83.65,0.94,0.89,0.16
TARS,8.78,73.0,67.41,24.04,10,0.03,-0.57,10/13,buy,53.89-91.53,3.27,20.0,116.0,107.75,Sell ALL,933.26 thousand,Healthcare,Biotechnology,0.541,71.38,84.85,0.98,0.86,0.33
NVGS,8.84,23.84,63.4,37.02,9,0.52,1.24,9/13,buy,14.08-25.48,9.61,6.0,27.0,26.33,Sell ALL,479.22 thousand,Energy,Oil & Gas Midstream,0.473,22.34,26.88,0.94,0.89,0.22
SCSC,8.85,61.73,118.88,48.81,5,0.29,0.25,5/13,hold,33.76-66.78,16.23,8.0,78.0,69.25,Buy time,282.63 thousand,Technology,Electronics & Computer Distribution,1.239,56.45,68.43,0.91,0.9,0.32
BDSX,8.88,27.72,158.48,91.43,3,0.48,0.47,3/13,buy,5.26-31.97,16.13,13.0,41.0,39.17,Sell ALL,101.61 thousand,Healthcare,Diagnostics & Research,0.594,25.83,31.22,0.93,0.89,0.28
WTBA,8.9,30.08,112.83,40.0,11,0.04,0.07,11/13,hold,19.03-30.5,0.53,1.0,30.0,29.5,- Buy time -,66.67 thousand,Financial Services,Banks - Regional,0.689,28.68,34.73,0.95,0.87,0.29
COIN,8.91,183.0,250.37,51.2,1,-2.66,-39.46,1/13,buy,139.11-402.16,17.73,54.0,330.0,268.56,Sell ALL,8.75 million,Financial Services,Financial Data & Stock Exchanges,3.388,173.72,214.36,0.95,0.85,0.17
PLTR,8.94,188.75,150.27,106.87,6,0.11,0.37,6/13,buy,106.37-207.52,8.58,9.0,255.0,225.28,Buy time,34.67 million,Technology,Software - Infrastructure,1.621,164.26,197.2,0.87,0.96,0.09
ULTA,8.95,543.69,101.28,49.55,8,1.18,0.18,8/13,buy,443.6-714.97,9.26,24.0,731.0,681.22,Sell ALL,622.62 thousand,Consumer Cyclical,Specialty Retail,0.854,526.17,633.51,0.97,0.86,0.13
LTRX,8.98,7.19,240.94,88.0,4,-0.0,-0.04,4/13,buy,4.37-8.75,7.51,18.0,12.0,11.29,Buy time,1.10 million,Technology,Communication Equipment,1.67,6.01,7.23,0.84,0.99,0.22
CON,8.98,35.65,111.94,33.02,11,0.16,0.42,11/13,buy,18.545-36.71,0.34,3.0,43.0,42.0,- Buy time -,997.95 thousand,Healthcare,Medical Care Facilities,0.634,34.29,42.02,0.96,0.85,0.28
SRFM,9.02,0.97,117.29,67.21,-2,-0.04,-0.51,-2/13,buy,0.456-6.171,29.01,84.0,12.0,8.46,Buy time,3.77 million,Industrials,Airlines,2.822,0.8,1.0,0.82,0.97,0.5
USEA,9.03,2.66,88.78,15.5,8,0.19,3.58,8/13,strongBuy,1.417-3.2,2.03,17.0,4.0,4.0,== less Sell ALL==,106.91 thousand,Industrials,Marine Shipping,0.731,2.76,3.37,1.04,0.79,1.79
IOSP,9.05,97.41,110.33,48.05,10,0.26,0.25,10/13,buy,65.51-100.48,3.68,3.0,110.0,105.5,Buy,183.16 thousand,Basic Materials,Specialty Chemicals,0.915,91.48,111.27,0.94,0.88,0.24
CRSR,9.06,13.79,227.24,128.95,3,0.25,2.74,3/13,hold,4.48-14.978,11.24,8.0,16.0,14.61,Buy time,2.10 million,Technology,Computer Hardware,1.875,12.35,15.53,0.9,0.89,0.41
OSPN,9.1,18.12,210.52,56.31,5,0.11,0.43,5/13,buy,10.07-18.48,12.09,2.0,22.0,20.0,- Buy time -,448.44 thousand,Technology,Software - Infrastructure,1.567,16.48,19.99,0.91,0.91,0.19
BOW,9.15,33.77,3.57,17.32,13,0.08,0.18,13/13,hold,21.21-35.07,0.95,4.0,36.0,35.17,Sell ALL,311.52 thousand,Financial Services,Insurance - Property & Casualty,1,33.12,40.43,0.98,0.84,0.84
AAPL,9.15,333.69,129.74,17.7,9,0.2,0.1,9/13,buy,243.42-345.34,8.42,3.0,405.0,366.55,Sell ALL,43.72 million,Technology,Consumer Electronics,1.085,324.62,390.04,0.97,0.86,0.1
MRK,9.21,144.3,44.45,37.64,11,0.32,0.63,11/13,buy,82.01-156.92,6.33,8.0,186.0,170.88,Sell ALL,9.04 million,Healthcare,Drug Manufacturers - General,0.226,138.7,165.76,0.96,0.87,0.13
SIEB,9.22,2.2,159.5,86.6,6,1,1,6/13,,1.53-4.14,11.82,47.0,0.1,0.1,Sell ALL,43.09 thousand,Financial Services,Capital Markets,0.989,2.05,2.51,0.93,0.88,1.24
USPH,9.25,83.72,136.79,46.92,9,-0.15,-0.22,9/13,strongBuy,58.19-93.5,6.26,10.0,100.0,98.5,- Buy time -,206.75 thousand,Healthcare,Medical Care Facilities,1.125,79.55,96.15,0.95,0.87,0.18
NSIT,9.27,160.66,183.15,96.71,7,1.37,0.5,7/13,strongBuy,63.62-168.5,7.06,5.0,180.0,171.88,- Buy time -,357.12 thousand,Technology,Electronics & Computer Distribution,1.098,147.37,175.76,0.92,0.91,0.12
SXTP,9.28,1.39,193.71,0.8,-1,-0.19,-0.19,-1/13,buy,0.84-8.62,22.3,84.0,3.7,3.7,Buy time,115.52 thousand,Healthcare,Biotechnology,2.537,1.26,1.67,0.91,0.83,1.22
BIIB,9.28,219.88,28.67,24.3,12,2.19,0.98,12/13,buy,138.0-230.49,4.88,5.0,300.0,269.09,Buy time,1.21 million,Healthcare,Drug Manufacturers - General,0.171,214.36,262.17,0.97,0.84,0.18
BGC,9.31,11.78,162.1,31.22,9,0.01,0.06,9/13,strongBuy,8.27-12.89,5.26,9.0,16.0,16.0,Sell ALL,3.14 million,Financial Services,Capital Markets,0.956,11.72,14.13,0.99,0.83,0.13
BWMN,9.32,42.6,126.92,132.29,9,0.09,0.03,9/13,buy,25.07-45.83,0.54,7.000000000000001,43.0,43.0,- Buy time -,299.55 thousand,Industrials,Engineering & Construction,1.438,36.8,44.76,0.86,0.95,0.57
SONY,9.33,23.82,78.89,31.38,12,0.07,0.15,12/13,buy,19.32-30.34,0.5,21.0,34.0,31.75,Buy,4.77 million,Technology,Consumer Electronics,0.763,23.21,28.01,0.97,0.85,0.25
OPRX,9.34,8.57,128.29,93.71,8,0.05,0.43,8/13,buy,4.54-22.25,1.05,61.0,18.0,15.3,Buy time,235.11 thousand,Healthcare,Health Information Services,1.091,7.44,8.93,0.87,0.96,0.35
FIVN,9.35,34.36,254.96,111.24,4,0.1,0.14,4/13,buy,13.29-40.0,7.31,14.000000000000002,50.0,42.9,Sell ALL,3.00 million,Technology,Software - Infrastructure,1.487,31.56,38.47,0.92,0.89,0.41
DHX,9.4,4.81,119.88,57.79,6,0.09,2.84,6/13,buy,1.44-5.19,11.64,7.000000000000001,10.0,8.38,Buy,275.28 thousand,Technology,Software - Application,1.197,4.48,5.38,0.93,0.89,0.19
SWKS,9.44,85.03,121.2,105.96,4,0.16,0.15,4/13,hold,51.93-92.8,20.35,8.0,95.0,82.41,Sell ALL,6.49 million,Technology,Semiconductors,1.518,73.49,90.23,0.86,0.94,0.23
DMAC,9.49,8.23,105.32,13.62,4,0.01,0.02,4/13,buy,5.245-10.4195,19.56,21.0,25.0,20.25,Buy time,202.07 thousand,Healthcare,Biotechnology,0.968,7.18,8.7,0.87,0.95,0.13
CTKB,9.49,5.87,115.46,78.15,5,-0.03,-0.75,5/13,hold,3.31-6.18,19.25,5.0,7.5,6.53,Buy time,1.03 million,Healthcare,Medical Devices,1.186,4.83,5.9,0.82,0.99,0.15
TEVA,9.5,39.53,127.13,46.16,9,1,1,9/13,buy,18.83-40.79,7.77,3.0,55.0,50.25,Sell ALL,5.12 million,Healthcare,Drug Manufacturers - Specialty & Generic,0.795,36.31,43.4,0.92,0.91,0.1
PFE,9.52,27.8,67.03,41.72,12,0.12,0.17,12/13,hold,23.62-29.21,3.35,5.0,35.75,32.33,Buy time,37.38 million,Healthcare,Drug Manufacturers - General,0.299,26.8,32.28,0.96,0.86,0.12
SST,9.54,2.44,177.62,74.33,0,0,0,0/13,buy,1.35-8.39,9.43,71.0,6.5,6.5,mere Buy (some sold),345.27 thousand,Industrials,Specialty Business Services,1.581,2.69,3.55,1.1,0.69,2.5
PBF,9.54,80.78,173.41,115.48,7,2.12,0.53,7/13,hold,25.62-83.36,7.07,3.0,99.0,87.35,- Buy time -,3.65 million,Energy,Oil & Gas Refining & Marketing,0.076,70.78,84.57,0.88,0.96,0.18
PSX,9.6,264.58,132.84,90.06,8,2.79,2.51,8/13,buy,126.74-277.12,9.08,5.0,340.0,298.58,- Buy time -,3.14 million,Energy,Oil & Gas Refining & Marketing,0.704,234.87,279.26,0.89,0.95,0.06
XOS,9.62,3.3,-18.91,138.53,-3,0.27,0.36,-3/13,buy,1.6-8.27,36.67,60.0,4.0,4.0,Buy time,2.40 million,Industrials,Farm & Heavy Construction Machinery,1.887,2.72,8.66,0.82,0.38,2.5
CNH,9.62,13.47,124.05,72.47,3,0.03,2.13,3/13,buy,9.0-14.46,23.61,7.000000000000001,21.0,17.47,Sell ALL,16.24 million,Industrials,Farm & Heavy Construction Machinery,1.239,11.94,14.48,0.89,0.93,0.28
AI,9.68,11.01,226.95,60.47,6,0.1,0.35,6/13,hold,7.675-20.22,11.9,46.0,12.0,10.15,Buy time,5.17 million,Technology,Software - Infrastructure,2.093,10.11,12.26,0.92,0.9,0.16
WBD,9.72,30.94,152.92,44.17,7,-0.91,-10.08,7/13,hold,17.08-30.97,9.73,0.0,31.25,30.71,Buy,41.59 million,Communication Services,Entertainment,1.571,28.06,38.82,0.91,0.8,1.15
FBLA,9.74,16.96,117.26,32.68,12,1,1,12/13,,11.66-17.02,8.43,0.0,0.1,0.1,Buy time,105.05 thousand,Financial Services,Banks - Regional,1,15.86,19.12,0.94,0.89,0.29
NAVI,9.74,9.19,147.36,37.72,10,0.13,0.71,10/13,hold,7.33-13.48,2.01,32.0,13.0,11.04,Sell ALL,1.44 million,Financial Services,Credit Services,1.202,9.1,11.18,0.99,0.82,0.62
FTNT,9.81,180.95,129.74,40.52,8,0.35,0.53,8/13,hold,73.55-183.09,13.87,1.0,220.0,192.16,Buy time,4.65 million,Technology,Software - Infrastructure,1.059,166.05,198.6,0.92,0.91,0.11
JOF,9.82,12.67,55.46,26.32,16,1,1,16/13,,9.94-12.85,1.95,1.0,0.1,0.1,Buy time,71.19 thousand,Financial Services,Asset Management,0.508,12.2,14.67,0.96,0.86,0.13
HFBL,9.83,25.39,83.95,29.01,10,1,1,10/13,,13.9-28.0,4.67,9.0,0.1,0.1,Buy,4.08 thousand,Financial Services,Banks - Regional,0.385,24.14,42.69,0.95,0.59,2.5
CDZI,9.87,3.83,126.1,-0.83,4,-0.05,-0.53,4/13,buy,2.87-6.96,16.45,45.0,15.0,12.67,Buy time,988.66 thousand,Industrials,Pollution & Treatment Controls,1.905,3.78,4.61,0.99,0.83,0.96
HSHP,9.87,18.17,164.81,57.65,8,1,1,8/13,strongBuy,7.37-19.55,11.29,7.000000000000001,16.9,16.9,Sell ALL,489.17 thousand,Industrials,Marine Shipping,0.967,16.49,20.26,0.91,0.9,0.3
LITE,9.9,1085.42,258.3,133.81,4,0.36,0.13,4/13,buy,147.81-1091.61,10.74,1.0,1400.0,1278.44,Buy time,5.71 million,Technology,Communication Equipment,1.541,912.69,1114.84,0.84,0.97,0.27
SLNZ,9.9,45.36,85.96,2.61,12,1,1,12/13,,44.58-47.1,0.38,4.0,0.1,0.1,Sell ALL,5.14 thousand,N/A,N/A,1,45.35,83.17,1.0,0.55,2.5
GO,9.97,11.62,118.28,37.08,12,0.11,1.81,12/13,hold,5.655-16.99,1.12,32.0,15.0,12.96,- Buy time -,2.88 million,Consumer Defensive,Grocery Stores,0.721,10.96,13.2,0.94,0.88,0.41
PRTH,10.07,7.78,144.98,58.66,-2,0.1,0.42,-2/13,hold,4.44-7.91,31.36,2.0,8.05,8.04,mere Buy (some sold),1.98 million,Technology,Software - Infrastructure,1.55,6.36,10.09,0.82,0.77,2.5
MG,10.12,20.65,142.83,65.48,8,0.11,0.12,8/13,buy,9.37-21.77,12.15,5.0,24.0,23.5,Sell,302.24 thousand,Industrials,Security & Protection Services,0.924,18.31,22.95,0.89,0.9,0.34
XGN,10.16,8.17,181.33,195.74,2,0.11,0.51,2/13,buy,2.59-12.23,17.99,33.0,12.0,11.07,Sell ALL,407.67 thousand,Healthcare,Diagnostics & Research,2.103,6.67,8.31,0.82,0.98,0.38
BYFC,10.18,11.42,111.18,45.44,13,1,1,13/13,,5.51-12.35,-1.23,8.0,0.1,0.1,Sell ALL,4.82 thousand,Financial Services,Banks - Regional,0.778,11.24,14.63,0.98,0.78,1.76
JRSH,10.2,6.15,185.4,82.91,8,0.13,0.08,8/13,buy,2.85-6.18,8.29,0.0,7.0,6.75,Buy time,131.30 thousand,Consumer Cyclical,Apparel Manufacturing,1.013,5.32,6.44,0.87,0.95,0.42
CHPT,10.2,9.29,115.45,175.02,-1,0.77,0.85,-1/13,hold,4.44-12.61,36.71,26.0,9.0,8.25,Sell ALL,905.99 thousand,Consumer Cyclical,Specialty Retail,1.768,7.25,9.49,0.78,0.98,0.32
UI,10.23,620.52,152.34,42.37,10,0.29,0.08,10/13,strongBuy,500.23-1099.99,6.1,44.0,980.0,857.25,Buy time,126.52 thousand,Technology,Communication Equipment,1.316,577.04,695.29,0.93,0.89,0.15
IDT,10.3,78.98,106.6,72.9,8,0.06,0.07,8/13,buy,45.72-81.79,15.85,3.0,85.0,85.0,- Buy time -,247.87 thousand,Communication Services,Telecom Services,0.623,68.35,84.07,0.87,0.94,0.31
HALO,10.31,109.86,108.68,85.47,11,0.54,0.31,11/13,buy,61.23-116.85,6.24,6.0,115.0,107.28,Sell ALL,2.69 million,Healthcare,Biotechnology,0.882,99.33,120.19,0.9,0.91,0.23
IBTA,10.34,41.61,35.03,93.98,10,0.07,0.18,10/13,hold,19.1-43.43,13.63,4.0,45.0,40.57,- Buy time -,245.12 thousand,Technology,Software - Application,1,37.02,44.43,0.89,0.94,0.26
CNXN,10.35,92.38,124.63,55.34,9,0.42,0.5,9/13,hold,54.97-93.89,14.97,2.0,83.0,83.0,- Buy time -,145.72 thousand,Technology,Electronics & Computer Distribution,0.857,83.6,100.4,0.9,0.92,0.15
QRVO,10.35,114.17,133.27,83.54,6,1.06,0.94,6/13,hold,74.92-121.09,15.88,6.0,105.0,97.58,Sell ALL,2.18 million,Technology,Semiconductors,1.455,101.28,130.45,0.89,0.88,1.15
WAT,10.4,425.21,139.16,37.09,12,0.43,0.18,12/13,buy,282.77-448.21,4.11,5.0,515.0,481.96,Buy time,812.82 thousand,Healthcare,Diagnostics & Research,1.194,408.98,493.79,0.96,0.86,0.18
UEIC,10.41,5.67,173.11,74.24,7,0.24,8.0,7/13,hold,2.69-5.99,9.7,5.0,5.0,5.0,Buy time,76.35 thousand,Technology,Consumer Electronics,1.182,5.0,6.18,0.88,0.92,1.41
TVGN,10.44,6.98,80.26,87.97,10,-4.96,-3.81,10/13,,3.636-39.0,5.73,82.0,0.1,0.1,Sell ALL,14.10 thousand,Healthcare,Biotechnology,0.192,6.58,8.07,0.94,0.86,2.31
ACLO,10.49,50.4,85.72,3.1,13,1,1,13/13,,50.15-50.95,0.74,1.0,0.1,0.1,Buy time,58.07 thousand,N/A,N/A,1,50.11,93.4,0.99,0.54,2.5
BTCS,10.55,1.43,343.59,108.0,2,-2.92,-284.0,2/13,,0.963-6.15,21.68,77.0,0.1,0.1,Sell,1.54 million,Financial Services,Capital Markets,3.393,1.29,1.67,0.9,0.86,0.66
ALZN,10.59,1.37,172.36,61.66,12,-0.19,-0.32,12/13,buy,0.84-2.68,-15.33,49.0,26.0,26.0,Sell ALL,120.36 thousand,Healthcare,Biotechnology,0.236,1.55,2.05,1.13,0.67,1.61
TWIN,10.59,28.5,153.25,78.7,9,0.41,1.78,9/13,buy,13.42-28.75,11.73,1.0,30.0,30.0,Buy time,93.53 thousand,Industrials,Specialty Industrial Machinery,0.666,24.52,29.44,0.86,0.97,0.2
PRGO,10.62,14.26,69.81,90.9,10,0.27,0.81,10/13,hold,9.23-22.48,11.91,37.0,20.0,18.25,Buy time,2.68 million,Healthcare,Drug Manufacturers - Specialty & Generic,0.597,12.78,15.13,0.9,0.94,0.14
UPXI,10.63,1.17,-42.31,129.06,4,0.06,0.53,4/13,buy,0.54-7.75,31.71,85.0,2.0,2.0,Sell,3.67 million,Communication Services,Internet Content & Information,1,0.99,1.29,0.85,0.91,0.53
HPQ,10.69,32.12,123.62,84.53,8,0.28,0.4,8/13,hold,17.56-36.23,9.35,11.0,72.0,50.83,Sell ALL,18.73 million,Technology,Computer Hardware,1.205,29.91,36.18,0.93,0.89,0.32
ASC,10.74,19.3,62.62,60.4,12,0.11,0.15,12/13,buy,10.31-20.03,10.56,4.0,21.0,20.75,- Buy time -,669.19 thousand,Industrials,Marine Shipping,0.024,17.38,20.75,0.9,0.93,0.17
OPK,10.89,1.56,167.06,51.14,5,0.08,0.7,5/13,strongBuy,0.98-1.75,12.82,11.0,8.5,6.44,Sell ALL,5.47 million,Healthcare,Diagnostics & Research,1.502,1.5,1.92,0.96,0.81,1.02
CLMT,10.99,55.28,122.34,97.92,9,0.74,3.59,9/13,hold,17.42-59.87,12.54,8.0,75.0,64.2,Sell ALL,1.66 million,Basic Materials,Specialty Chemicals,0.718,49.2,59.14,0.89,0.93,0.3
TASK,11.08,8.06,292.23,122.61,5,0.06,0.21,5/13,hold,4.465-17.405,10.79,54.0,12.0,10.25,Sell,722.81 thousand,Technology,Information Technology Services,1.923,7.37,9.17,0.91,0.88,0.45
MASS,11.1,12.69,144.81,137.07,6,0.15,1.01,6/13,buy,5.025-12.93,19.7,2.0,14.0,13.69,Buy time,405.64 thousand,Healthcare,Medical Devices,0.676,9.75,11.81,0.77,1.07,0.35
NTRA,11.11,410.35,157.84,112.64,5,0.01,0.03,5/13,buy,167.215-427.468,23.44,4.0,475.0,418.08,Buy time,1.61 million,Healthcare,Diagnostics & Research,1.534,323.0,394.6,0.79,1.04,0.32
OMER,11.11,18.61,309.45,164.15,5,1.39,3.74,5/13,hold,4.06-21.24,6.72,12.0,33.0,30.25,Buy time,1.84 million,Healthcare,Biotechnology,2.603,15.44,19.1,0.83,0.97,0.23
RVTY,11.11,151.53,143.66,87.46,6,0.24,0.2,6/13,hold,81.22-158.28,23.34,4.0,165.0,147.63,- Buy time -,1.82 million,Healthcare,Diagnostics & Research,1.089,125.72,153.9,0.83,0.98,0.32
MMKT,11.12,100.17,84.92,1.73,18,1,1,18/13,,99.84-100.32,0.3,0.0,0.1,0.1,== less Sell ALL==,6.18 thousand,N/A,N/A,1,99.86,122.98,1.0,0.81,0.6
RSKD,11.15,7.86,140.74,115.01,6,0.02,0.67,6/13,buy,3.7-8.17,19.85,4.0,9.0,8.12,Buy time,1.73 million,Technology,Software - Application,1.379,6.05,7.77,0.77,1.01,0.62
CRM,11.15,234.69,124.43,101.71,6,3.38,1.04,6/13,buy,146.32-269.11,18.77,13.0,475.0,379.18,Sell ALL,16.22 million,Technology,Software - Application,1.202,213.68,260.66,0.91,0.9,0.26
CRWD,11.18,270.04,140.99,95.67,7,0.03,0.09,7/13,buy,85.68-273.5351,20.79,1.0,300.0,268.13,- +Buy time -,10.04 million,Technology,Software - Infrastructure,1.255,220.24,269.61,0.82,1.0,0.21
BLFS,11.2,37.3,253.9,82.13,8,0.05,2.01,8/13,hold,17.86-39.76,4.96,6.0,33.0,32.14,Buy time,1.38 million,Healthcare,Medical Instruments & Supplies,1.916,34.64,45.63,0.93,0.82,1.46
ZS,11.24,196.6,162.49,86.79,11,0.17,0.16,11/13,buy,114.625-336.99,6.19,42.0,298.0,254.07,Sell ALL,2.52 million,Technology,Software - Infrastructure,0.948,175.33,210.06,0.89,0.94,0.07
GIC,11.24,43.61,134.34,75.95,11,-0.02,-0.04,11/13,hold,26.4-43.9028,11.47,1.0,42.0,42.0,Buy time,131.92 thousand,Industrials,Industrial Distribution,0.756,38.4,46.54,0.88,0.94,0.18
INSP,11.28,69.97,110.09,96.14,8,0.75,2.95,8/13,hold,38.91-147.03,18.22,52.0,97.0,80.4,Sell ALL,933.78 thousand,Healthcare,Medical Devices,0.703,62.4,74.8,0.89,0.94,0.29
CBZ,11.3,54.69,81.23,105.59,15,0.42,0.36,15/13,hold,24.29-56.83,0.04,4.0,55.0,55.0,Buy time,1.11 million,Industrials,Specialty Business Services,0.922,50.61,60.33,0.93,0.91,0.29
AQNB,11.32,26.41,86.09,13.88,14,1,1,14/13,,25.35-26.97,4.88,2.0,0.1,0.1,Buy time,27.74 thousand,N/A,N/A,1,25.64,34.99,0.97,0.75,1.98
AFCG,11.37,3.5,116.91,52.48,12,-0.01,-0.05,12/13,hold,2.06-3.94,2.23,11.0,8.0,8.0,Buy time,95.79 thousand,Financial Services,Asset Management,0.997,3.19,3.82,0.91,0.92,0.47
VRA,11.38,5.11,93.28,87.33,-1,0.43,3.1,-1/13,buy,1.39-5.14,37.96,1.0,5.0,5.0,Buy time,442.67 thousand,Consumer Cyclical,Footwear & Accessories,1.589,3.85,5.85,0.75,0.87,2.5
BWLP,11.42,25.64,80.07,71.88,14,1,1,14/13,,11.72-26.47,13.35,3.0,0.1,0.1,- Buy time -,453.47 thousand,Energy,Oil & Gas Midstream,0.113,22.89,26.94,0.89,0.95,0.09
ITGR,11.46,126.45,57.1,88.97,16,0.23,0.17,16/13,hold,62.0-126.8,1.08,0.0,127.0,124.4,Buy time,709.85 thousand,Healthcare,Medical Devices,0.615,117.11,139.92,0.93,0.9,0.22
PAYS,11.48,14.23,179.0,148.96,9,0.02,0.19,9/13,buy,3.08-14.93,8.64,5.0,15.0,14.55,Buy time,871.74 thousand,Technology,Software - Infrastructure,0.801,11.9,14.71,0.84,0.97,0.55
DV,11.53,13.49,94.19,53.5,13,-0.04,-0.22,13/13,hold,7.64-13.65,1.41,1.0,14.0,13.74,Buy time,5.58 million,Communication Services,Advertising Agencies,0.996,12.79,16.34,0.95,0.83,1.74
CMBT,11.54,19.85,44.85,63.43,13,0.16,0.65,13/13,buy,8.875-20.82,12.49,5.0,23.2,21.82,- Buy time -,940.62 thousand,Energy,Oil & Gas Midstream,0.166,17.73,21.13,0.89,0.94,0.2
TEM,11.54,76.63,248.32,105.04,1,0.18,1.09,1/13,hold,40.77-104.32,32.61,27.0,100.0,85.03,Sell ALL,5.80 million,Healthcare,Health Information Services,3.724,61.82,76.59,0.81,1.0,0.22
CRGY,11.66,13.39,201.88,93.34,11,0.27,0.64,11/13,buy,7.68-15.47,5.23,13.0,21.0,19.24,Buy,6.37 million,Energy,Oil & Gas E&P,0.917,12.55,15.01,0.94,0.89,0.08
DH,11.9,0.93,114.73,52.98,3,0.04,1.01,3/13,hold,0.61-3.48,31.53,73.0,3.0,2.45,Buy,442.85 thousand,Healthcare,Health Information Services,1.398,0.85,1.08,0.91,0.86,0.51
DAC,11.95,165.15,137.12,68.03,12,-0.19,-0.02,12/13,buy,83.56-165.25,11.43,0.0,174.0,169.25,Buy time,134.90 thousand,Industrials,Marine Shipping,0.86,147.63,180.21,0.89,0.92,0.33
TKNO,12.07,8.99,155.34,154.98,7,0.03,0.45,7/13,buy,1.91-9.48,19.69,5.0,12.0,10.5,Buy time,253.12 thousand,Healthcare,Drug Manufacturers - Specialty & Generic,0.731,6.9,8.5,0.77,1.06,0.25
HSDT,12.1,2.63,116.04,152.44,1,-0.01,-0.38,1/13,strongBuy,1.185-20.5,36.88,87.0,4.0,3.75,Sell,407.47 thousand,Financial Services,Asset Management,1.071,2.12,2.75,0.81,0.96,0.83
MKTX,12.15,164.14,73.73,97.44,17,0.19,0.09,17/13,hold,108.75-195.97,0.96,16.0,167.0,162.5,Buy time,802.14 thousand,Financial Services,Capital Markets,0.825,149.1,176.22,0.91,0.93,0.1
VISL,12.19,3.48,115.09,67.11,12,-0.92,-1.53,12/13,,1.43-3.62,19.25,4.0,0.1,0.1,Sell ALL,2.10 thousand,Technology,Communication Equipment,1.173,3.13,3.82,0.9,0.91,0.54
LPG,12.22,57.21,133.65,96.42,11,1.04,0.67,11/13,buy,23.76-59.97,15.36,5.0,60.0,57.3,- Buy time -,708.57 thousand,Energy,Oil & Gas Midstream,0.762,49.58,58.85,0.87,0.97,0.2
GOTU,12.25,2.55,68.96,96.59,4,0,0,4/13,buy,1.4-3.3,35.69,23.0,4.8824577,4.31,Buy time,491.31 thousand,Consumer Defensive,Education & Training Services,0.715,1.96,2.42,0.77,1.05,0.36
SINT,12.41,2.21,54.1,69.53,3,-0.02,-0.03,3/13,buy,1.4-4.64,25.79,52.0,12.5,10.88,Buy time,111.67 thousand,Healthcare,Medical Devices,0.637,1.76,2.71,0.8,0.82,2.5
IBRX,12.46,10.28,38.51,49.39,11,-0.15,-1.95,11/13,buy,1.95-12.43,22.99,17.0,15.0,14.0,Buy time,11.96 million,Healthcare,Biotechnology,0.135,8.32,10.01,0.81,1.03,0.34
TBBB,12.48,52.65,46.93,65.76,16,-5.25,-10.71,16/13,buy,23.81-54.0,7.98,2.0,62.79366,57.49,Buy time,561.22 thousand,Consumer Defensive,Discount Stores,0.045,46.78,55.19,0.89,0.95,0.25
ZETA,12.48,32.63,219.48,113.03,10,0.13,0.79,10/13,buy,14.365-32.81,11.65,1.0,44.0,37.82,Buy time,8.26 million,Technology,Software - Infrastructure,1.436,27.83,33.38,0.85,0.98,0.15
ILMN,12.54,273.04,179.64,102.56,6,0.18,0.16,6/13,buy,88.0-280.17,29.26,3.0,305.0,259.8,Buy time,2.19 million,Healthcare,Diagnostics & Research,1.467,213.31,261.05,0.78,1.05,0.14
VNCE,12.69,10.5,145.0,176.32,0,0.72,2.55,0/13,buy,1.95-12.99,41.05,19.0,11.0,10.5,- +Buy time -,262.20 thousand,Consumer Cyclical,Apparel Manufacturing,1.382,7.4,9.53,0.7,1.1,1.12
UTZ,12.74,14.27,68.48,207.48,15,0.0,0.04,15/13,hold,6.78-14.33,1.28,0.0,15.0,14.66,Buy time,2.61 million,Consumer Defensive,Packaged Foods,0.767,13.21,16.35,0.93,0.87,0.51
ACN,12.83,198.9,143.27,99.81,11,0.2,0.07,11/13,hold,118.15-291.09,14.54,32.0,275.0,248.18,- Buy time -,8.35 million,Technology,Information Technology Services,1.092,176.95,222.15,0.89,0.9,0.47
NTNX,12.83,72.29,135.1,77.08,14,0.23,0.58,14/13,hold,34.01-77.9,9.17,7.000000000000001,90.0,83.38,Buy time,3.00 million,Technology,Software - Infrastructure,0.622,64.56,78.84,0.89,0.92,0.28
CTOR,13.0,0.95,301.79,96.94,2,-0.27,-26.14,2/13,strongBuy,0.491-2.25,22.11,57.99999999999999,4.0,4.0,Sell ALL,103.20 thousand,Healthcare,Drug Manufacturers - Specialty & Generic,3.532,0.83,1.11,0.87,0.86,1.1
SG,13.21,9.1,343.56,64.47,2,-0.06,-0.43,2/13,hold,4.49-10.63,35.38,14.000000000000002,11.0,9.5,Buy time,6.69 million,Consumer Cyclical,Restaurants,2.206,7.09,8.6,0.78,1.06,0.34
MNTK,13.22,2.87,115.08,185.23,5,-0.02,1.38,5/13,hold,1.07-3.05,34.84,6.0,2.0,1.85,Buy time,269.42 thousand,Basic Materials,Specialty Chemicals,0.541,2.06,2.52,0.72,1.14,0.66
A,13.35,167.78,215.27,67.78,13,0.21,0.15,13/13,buy,108.35-177.05,11.52,5.0,190.0,182.6,Buy time,2.37 million,Healthcare,Diagnostics & Research,1.241,149.99,180.71,0.89,0.93,0.22
RNXT,13.37,1.58,206.31,178.84,3,0.02,0.29,3/13,buy,0.701-2.59,24.05,39.0,14.5,10.81,Sell ALL,744.67 thousand,Healthcare,Biotechnology,1.121,1.4,1.75,0.89,0.9,0.81
AZTA,13.37,38.75,219.32,121.31,11,-0.12,-0.69,11/13,hold,15.93-42.0,13.34,8.0,37.0,36.12,Buy time,973.19 thousand,Healthcare,Medical Instruments & Supplies,1.394,32.06,40.27,0.83,0.96,0.53
RMTI,13.41,8.65,221.01,112.91,6,-0.26,-1.05,6/13,strongBuy,4.89-12.9,13.41,33.0,20.0,20.0,mere Buy (some sold),24.57 thousand,Healthcare,Drug Manufacturers - Specialty & Generic,1.641,7.62,9.13,0.88,0.95,1.91
INKT,13.55,12.44,123.23,45.02,10,0.18,0.23,10/13,buy,8.48-16.927,9.81,27.0,43.0,41.0,Buy time,14.63 thousand,Healthcare,Biotechnology,0.492,11.65,15.24,0.94,0.82,2.12
BNGO,13.97,1.48,174.69,84.98,5,0.27,0.32,5/13,buy,1.0-2.23,19.59,34.0,6.0,5.5,Sell,357.62 thousand,Healthcare,Medical Instruments & Supplies,1.645,1.31,1.97,0.89,0.75,2.5
CNTM,14.28,4.55,1134.74,-81.28,0,0,0,0/13,,4.03-17.12,-0.44,73.0,0.1,0.1,Sell ALL,3.64 thousand,Technology,Software - Application,14.767,5.63,6.06,1.24,0.75,2.27
EMBC,14.38,5.65,213.03,153.73,14,0.15,0.76,14/13,hold,2.77-14.91,9.39,62.0,5.0,4.5,Buy time,1.68 million,Healthcare,Medical Instruments & Supplies,0.85,4.64,5.66,0.82,1.0,0.42
NMM,14.39,92.53,114.37,51.14,17,0.91,0.28,17/13,buy,43.02-95.0,10.55,3.0,111.0,107.0,- Buy time -,143.87 thousand,Industrials,Marine Shipping,0.986,84.92,103.48,0.92,0.89,0.58
NAUT,14.47,1.96,64.07,135.23,-3,0.05,0.39,-3/13,buy,0.82-4.31,55.05,55.00000000000001,4.0,3.92,Buy,2.54 million,Healthcare,Biotechnology,0.87,1.3,1.8,0.66,1.09,2.5
ESTC,15.2,93.94,215.82,122.54,15,0.17,0.28,15/13,buy,42.05-108.0,11.18,13.0,130.0,120.35,Buy time,2.39 million,Technology,Software - Application,1.037,78.75,95.5,0.84,0.98,0.22
ARCT,15.25,13.03,201.45,236.51,2,0.25,0.24,2/13,buy,5.5-24.17,37.53,46.0,41.0,32.1,Sell ALL,779.75 thousand,Healthcare,Biotechnology,2.475,11.17,14.53,0.86,0.9,0.36
TWST,15.44,188.67,343.41,213.05,4,-0.35,-1.11,4/13,buy,23.3-200.31,34.06,6.0,212.0,166.42,Buy time,1.76 million,Healthcare,Biotechnology,2.22,129.4,164.58,0.69,1.15,0.2
CDNA,15.55,67.15,307.89,252.09,5,0.35,2.21,5/13,buy,13.95-69.8,30.93,4.0,74.0,66.42,Buy time,1.14 million,Healthcare,Diagnostics & Research,2.43,46.84,60.07,0.7,1.12,0.31
CELU,15.91,1.6,42.88,446.29,-3,0,0,-3/13,,0.56-2.55,56.5,37.0,0.1,0.1,- Buy time -,17.21 million,Healthcare,Biotechnology,0.797,1.21,28.08,0.76,0.06,2.5
LGMK,15.95,1.13,209.9,141.27,6,0.33,0.15,6/13,,0.35-3.0,25.75,62.0,2.25,2.25,- +Buy time -,2.19 thousand,Healthcare,Health Information Services,1.543,0.93,1.21,0.82,0.93,2.5
MNOV,16.1,1.78,84.91,132.61,8,0.04,0.46,8/13,buy,1.17-3.9,25.84,54.0,11.0,9.62,Sell,226.13 thousand,Healthcare,Biotechnology,0.63,1.71,3.01,0.96,0.59,2.5
TEAM,16.19,187.89,201.16,236.62,11,0.78,0.56,11/13,buy,56.01-200.0,15.73,6.0,480.0,342.7,Sell ALL,5.21 million,Technology,Software - Application,1.159,152.99,187.57,0.81,1.0,0.29
RDIB,16.3,16.08,103.33,202.78,6,1,1,6/13,,8.0-24.0,42.79,33.0,0.1,0.1,Buy,44.38 thousand,Communication Services,Entertainment,0.84,12.92,31.61,0.8,0.51,2.5
AMPH,16.33,25.43,176.72,76.66,17,0.01,0.08,17/13,hold,16.65-29.52,17.97,14.000000000000002,30.0,26.25,Buy time,559.18 thousand,Healthcare,Drug Manufacturers - Specialty & Generic,0.915,22.15,26.7,0.87,0.95,0.3
GRAL,16.88,143.26,281.48,214.05,2,1.68,0.75,2/13,hold,41.5-151.457,51.17,5.0,175.0,143.7,Buy,1.10 million,Healthcare,Diagnostics & Research,3.254,83.01,110.6,0.58,1.3,0.4
IGR,16.93,11.64,101.36,448.86,1,1,1,1/13,buy,11.56-15.57,60.13,25.0,0.1,0.1,Sell ALL,455.56 thousand,Financial Services,Asset Management,1.331,6.85,8.76,0.59,1.33,0.16
QMCO,17.15,34.5,402.73,370.84,4,0.45,2.37,4/13,buy,4.19-35.17,27.77,2.0,29.0,27.75,Buy time,1.64 million,Technology,Computer Hardware,3.154,20.25,29.0,0.59,1.19,0.84
ECO,17.23,87.28,171.49,143.48,15,2.09,0.68,15/13,buy,27.74-87.71,28.16,0.0,75.0,75.0,- Buy time -,668.04 thousand,Industrials,Marine Shipping,1,66.67,81.25,0.76,1.07,0.18
SDGR,17.36,30.31,202.52,182.72,8,0.2,0.29,8/13,buy,10.945-32.45,42.59,7.000000000000001,30.0,25.71,Buy time,1.79 million,Healthcare,Health Information Services,1.693,20.55,26.73,0.68,1.13,0.65
OESX,17.66,30.44,145.35,352.98,7,0.02,0.17,7/13,buy,7.84-31.65,36.66,4.0,43.0,39.75,Buy,90.38 thousand,Industrials,Electrical Equipment & Parts,0.96,21.08,25.97,0.69,1.17,0.84
OABI,18.38,4.87,292.21,228.07,8,0.12,0.99,8/13,buy,1.3-5.43,21.56,10.0,11.0,9.7,Buy time,2.59 million,Healthcare,Biotechnology,1.415,3.64,4.85,0.75,1.0,2.42
CVI,18.95,54.83,231.39,154.19,15,-0.39,1.17,15/13,sell,19.62-56.24,33.58,3.0,53.0,45.3,Buy time,1.07 million,Energy,Oil & Gas Refining & Marketing,0.839,41.57,49.72,0.76,1.1,0.07
SLE,19.01,5.3,220.8,183.78,4,-1.03,-0.62,4/13,buy,2.12-61.44,43.02,91.0,14.0,12.33,- +Buy time -,1.73 million,Communication Services,Internet Content & Information,1.559,3.88,11.45,0.73,0.46,2.5
GPRO,19.22,1.35,252.43,244.37,3,0,0,3/13,sell,0.57-2.73,54.52,51.0,0.5,0.5,Buy time,48.69 million,Technology,Consumer Electronics,2.454,0.98,1.84,0.73,0.73,2.5
COSM,19.29,0.38,548.94,131.2,2,-0.11,-11.0,2/13,strongBuy,0.162-1.32,46.05,71.0,4.5,4.5,Buy time,4.42 million,Healthcare,Medical Distribution,4.17,0.27,0.37,0.71,1.03,0.15
RCEL,19.37,12.72,291.97,312.91,5,-0.07,-0.19,5/13,buy,3.22-12.76,37.89,0.0,13.657111,12.84,Buy time,828.59 thousand,Healthcare,Medical Devices,2.021,8.37,12.67,0.66,1.0,2.5
TXG,20.16,93.5,496.76,245.26,8,0.17,4.78,8/13,hold,11.16-95.16,37.98,2.0,90.0,76.07,Buy time,3.20 million,Healthcare,Medical Devices,2.077,61.46,77.92,0.66,1.2,0.21
NTRB,20.8,7.28,199.71,270.58,6,3.66,1.83,6/13,buy,2.8-9.185,55.63,21.0,15.0,15.0,Sell,34.31 thousand,Healthcare,Biotechnology,2.036,4.73,6.71,0.65,1.08,0.94
NCPL,21.0,1.4,7.12,484.49,0,1,1,0/13,,0.207-2.75,77.21,49.0,0.1,0.1,Buy,18.81 million,Financial Services,Capital Markets,1.778,0.65,4.4,0.46,0.32,2.5
SBET,21.13,9.35,957.02,162.26,1,-1.89,-142.04,1/13,buy,4.46-19.54,30.37,52.0,30.0,23.31,== less Sell ALL==,8.87 million,Financial Services,Capital Markets,10.551,7.62,11.51,0.81,0.81,0.16
PXS,21.31,7.73,127.18,162.55,16,0.13,0.7,16/13,buy,2.56-8.3,33.51,7.000000000000001,11.5,11.5,Buy time,144.92 thousand,Energy,Oil & Gas Midstream,1,5.75,8.3,0.74,0.93,2.5
BTAI,22.03,0.05,880.9,865.23,0,0.09,0.16,0/2,buy,0.019-0.197,0.0,75.0,0.1,0.1,- Buy time -,356.05 thousand,,,0.188,0.05,0.06,1.0,0.83,0.46
MRNA,23.98,190.01,201.23,353.2,10,0.57,0.17,10/13,hold,22.28-208.903,66.08,9.0,170.0,145.33,Buy time,12.66 million,Healthcare,Biotechnology,1.106,110.09,139.1,0.58,1.37,0.49
ASST,28.56,30.03,1202.14,274.26,1,0,0,1/13,buy,7.02-54.8,56.04,45.0,44.0,38.6,Sell,7.17 million,Financial Services,Asset Management,13.345,19.91,39.03,0.66,0.77,0.36
LYRA,30.43,0.15,-69.36,4288.25,-17,0.23,0.07,-17/13,,0.0004-8.7478,-60.0,98.0,0.1,0.1,Sell ALL,3.20 thousand,Healthcare,Biotechnology,0.58,0.33,0.61,2.2,0.25,2.5
BRTX,45.88,2.14,-62.07,2942.33,-7,4.6,0.74,-7/13,,2.14-34.6,89.72,94.0,300.0,230.0,Sell ALL,215.44 thousand,Healthcare,Biotechnology,0.737,1.01,1.52,0.47,1.41,0.2
IPDN,79.57,3.22,-104.72,5904.48,-5,336.0,0.58,-5/13,,0.1-7.7,94.64,57.99999999999999,0.1,0.1,mere Buy (some sold),1.64 million,Industrials,Staffing & Employment Services,1.549,1.02,4.42,0.32,0.73,2.5
GTBP,89.97,6.1,-93.15,7005.16,-9,-1.75,-0.88,-9/13,buy,4.91-34.25,95.33,82.0,75.0,75.0,Sell ALL,497.42 thousand,Healthcare,Biotechnology,0.908,2.72,5.96,0.45,1.02,0.09
IGTA,140.2,0.05,0.0,12250.0,2,1,1,2/13,,0.001-13.1,0.0,100.0,0.1,0.1,Sell ALL,0,Financial Services,Shell Companies,1,0.55,inf,11.0,0.0,2.5
SISI,1456.07,0.1,0.0,130815.48,-4,1,1,-4/13,,0.0002-5.95,99.71,98.0,0.1,0.1,Sell ALL,564,Consumer Defensive,Farm Products,1,0.02,inf,0.2,0.0,2.5
