THC,0.04,259.71,278.82,-40.27,-1,2.51,0.59,-1/5,buy,157.58-283.05,-5.58,8.0,315.0,299.82,Sell ALL,645.32 thousand,Healthcare,Medical Care Facilities,1.23,268.61,318.44,1.03,0.82,0.15
WD,0.08,37.98,344.92,-43.15,-1,0.54,0.95,-1/5,strongBuy,36.56-90.0,-6.08,57.99999999999999,59.0,58.0,Sell ALL,425.46 thousand,Financial Services,Mortgage Finance,1.442,40.38,47.97,1.06,0.79,0.07
RKT,0.08,12.17,475.51,-96.74,0,0.03,0.23,0/5,hold,11.475-24.36,-14.22,50.0,21.0,19.35,Sell ALL,23.63 million,Financial Services,Mortgage Finance,2.212,13.35,15.28,1.1,0.8,0.25
SMR,0.09,8.42,575.47,-55.59,-1,-0.0,-0.01,-1/5,hold,7.21-57.42,-10.1,85.0,20.0,15.98,mere Sell (some bought),32.45 million,Industrials,Specialty Industrial Machinery,2.309,9.55,11.06,1.13,0.76,-0.05
DKNG,0.12,22.02,341.52,-83.07,0,-0.07,-0.37,0/5,buy,20.35-42.8,-12.53,49.0,76.0,55.56,Sell ALL,11.55 million,Consumer Cyclical,Gambling,1.628,24.41,28.74,1.11,0.77,0.36
AS,0.14,27.77,425.94,-79.09,0,0.18,1.34,0/5,buy,26.1-42.76,-11.92,35.0,67.0,57.33,Buy,6.67 million,Consumer Cyclical,Leisure,1.979,29.17,33.77,1.05,0.82,0.01
CME,0.16,264.48,16.48,-40.52,0,0.07,0.03,0/5,hold,218.31-329.16,-5.74,20.0,330.0,306.8,Sell,2.25 million,Financial Services,Financial Data & Stock Exchanges,0.275,278.93,332.98,1.05,0.79,0.19
KHC,0.18,23.63,-25.31,-21.26,0,0.11,0.21,0/5,hold,21.035-28.09,-3.26,16.0,41.0,33.24,mere Buy (some sold),20.46 million,Consumer Defensive,Packaged Foods,0.082,24.94,29.5,1.06,0.8,-0.15
BAC,0.18,56.7,220.56,-64.16,0,0.18,0.17,0/5,buy,46.12-65.23,-9.2,13.0,76.0,72.31,mere Sell (some bought),34.96 million,Financial Services,Banks - Diversified,1.164,60.89,72.93,1.07,0.78,0.22
SXT,0.25,129.22,130.75,-42.64,0,0.37,0.4,0/5,buy,82.6-138.82,-5.99,7.000000000000001,155.0,148.9,Buy,280.52 thousand,Basic Materials,Specialty Chemicals,0.784,133.46,158.3,1.03,0.82,-0.02
FOR,0.25,26.49,290.44,-65.45,0,-0.12,-0.14,0/5,strongBuy,22.81-32.06,-9.4,17.0,35.0,34.5,Sell,155.56 thousand,Real Estate,Real Estate - Development,1.409,27.73,32.86,1.05,0.81,0.11
ENB,0.32,46.74,146.36,-54.82,0,0.07,0.1,0/5,hold,45.03-58.45,-7.77,20.0,59.3071,55.54,Sell,6.75 million,Energy,Oil & Gas Midstream,0.769,49.26,59.81,1.05,0.78,0.33
SNOA,0.36,1.27,282.18,-60.32,0,-0.19,-0.66,0/5,,0.85-4.6,-8.66,72.0,0.1,0.1,Sell,57.16 thousand,Healthcare,Drug Manufacturers - Specialty & Generic,1.313,1.32,1.55,1.04,0.82,0.11
MSI,0.37,456.88,174.96,-45.28,0,0.68,0.18,0/5,buy,359.36-494.85,-6.38,8.0,550.0,538.45,mere Buy (some sold),894.64 thousand,Technology,Communication Equipment,0.881,476.36,571.76,1.04,0.8,0.03
WKEY,0.39,5.99,107.42,-50.0,0,1,1,0/5,strongBuy,5.32-19.8,-7.35,70.0,14.809903,14.81,Buy,31.60 thousand,Technology,Semiconductors,0.55,6.41,7.62,1.07,0.79,0.42
WH,0.43,69.99,81.48,-62.31,1,0.17,0.17,1/5,buy,66.87-90.35,-9.1,23.0,115.0,106.29,Buy,1.03 million,Consumer Cyclical,Lodging,0.637,72.14,85.32,1.03,0.82,-0.04
REGN,0.44,788.04,8.4,-24.53,0,4.65,0.46,0/5,buy,541.0-859.34,-3.39,8.0,1030.0,940.44,Buy,627.80 thousand,Healthcare,Biotechnology,0.193,806.61,969.44,1.02,0.81,0.06
EQIX,0.44,1008.08,185.76,-50.77,0,0.14,0.03,0/5,buy,720.62-1128.68,-7.1,11.0,1380.0,1306.74,- Buy time -,637.70 thousand,Real Estate,REIT - Specialty,0.973,1048.47,1256.23,1.04,0.8,0.21
IRFC.NS,0.45,79.95,21.18,-49.38,-2,1,1,-2/5,sell,78.16-137.17,-6.88,42.0,60.0,60.0,Sell ALL,6.84 million,Financial Services,Credit Services,0.313,82.88,97.76,1.04,0.82,2.5
OTEx,0.5,22.51,237.39,-44.11,0,0.28,0.27,0/5,hold,19.78-39.9,-6.87,44.0,33.0,30.48,Sell,1.04 million,Technology,Software - Application,1.028,23.75,28.43,1.06,0.79,0.01
PFX,0.52,45.59,-0.19,-107.54,0,0.53,1.13,0/5,hold,38.3-56.477,-16.41,19.0,0.1,0.1,Sell ALL,13.50 thousand,Financial Services,Asset Management,0.277,48.77,66.11,1.07,0.69,2.5
BLZE,0.53,13.19,329.23,-86.18,1,0.1,14.68,1/5,buy,3.261-23.99,-13.57,45.0,25.0,23.92,- +Buy time -,1.63 million,Technology,Software - Infrastructure,1.565,14.05,16.77,1.07,0.79,0.05
SKYX,0.54,1.23,-22.39,-8.33,0,-0.01,-0.27,0/5,buy,0.946-3.29,-1.63,63.0,5.0,4.5,Sell,1.46 million,Industrials,Electrical Equipment & Parts,1,1.35,1.59,1.1,0.77,-0.12
CMPS,0.55,13.06,512.54,-79.41,0,-0.01,-0.03,0/5,buy,4.88-15.87,-11.87,18.0,65.0,44.38,== less Sell ALL==,2.23 million,Healthcare,Medical Care Facilities,2.549,14.42,16.8,1.1,0.78,0.15
AZO,0.56,2872.16,70.07,-31.86,0,4.06,0.09,0/5,buy,2764.88-4332.68,-4.42,34.0,4800.0,4257.85,- Buy time -,322.04 thousand,Consumer Cyclical,Auto Parts,0.34,2962.82,3570.08,1.03,0.8,0.18
CRMD,0.59,7.85,314.57,-49.01,0,0.07,0.28,0/5,strongBuy,6.13-13.02,-6.88,40.0,19.0,17.17,Buy,805.50 thousand,Healthcare,Biotechnology,1.502,8.16,9.57,1.04,0.82,-0.08
PLUG,0.61,1.98,478.12,-67.75,0,-0.07,-0.62,0/5,hold,1.7-4.58,-9.6,56.99999999999999,7.0,5.28,== less Sell ALL==,50.60 million,Industrials,Electrical Equipment & Parts,2.222,2.16,2.52,1.09,0.79,-0.06
XLF,0.65,54.84,214.01,-42.12,0,1,1,0/5,,47.67-58.6,-5.86,6.0,0.1,0.1,Sell,25.98 million,N/A,N/A,1,56.94,67.79,1.04,0.81,0.1
MLR,0.67,54.04,240.73,-39.36,0,0.08,-0.11,0/5,buy,35.72-59.7,-5.45,9.0,64.0,61.0,Sell,101.28 thousand,Consumer Cyclical,Auto Parts,1.137,56.27,67.28,1.04,0.8,-0.04
EU,0.68,1.24,69.11,-19.17,0,-0.15,-1.06,0/5,buy,0.77-4.18,-10.48,70.0,4.185505,3.53,Buy,5.45 million,Energy,Uranium,1.282,1.25,1.48,1.01,0.84,0.82
LULU,0.69,101.3,283.75,-86.73,1,1.15,0.64,1/5,hold,95.35-225.98,-14.86,55.00000000000001,255.0,179.96,Buy time,7.01 million,Consumer Cyclical,Apparel Retail,0.864,109.33,132.36,1.08,0.77,0.5
HIND,0.7,2.04,208.33,-41.78,0,0,0,0/5,buy,1.75-6.56,-5.88,69.0,15.0,11.92,Buy,7.86 thousand,Healthcare,Biotechnology,1,2.15,2.54,1.05,0.8,0.17
UPWK,0.73,8.15,207.42,-39.81,0,0.15,0.49,0/5,hold,7.44-22.84,-6.01,64.0,14.0,11.94,Sell ALL,2.70 million,Communication Services,Internet Content & Information,1.007,8.64,10.21,1.06,0.8,0.19
SCHD,0.78,33.21,204.46,-33.69,0,1,1,0/5,,26.32-35.31,-4.71,6.0,0.1,0.1,Sell ALL,21.04 million,N/A,N/A,1,34.24,40.68,1.03,0.82,0.04
CVNA,0.81,65.06,768.06,-94.13,0,0.08,0.22,0/5,buy,54.464-97.378,-13.66,33.0,120.0,101.49,Sell,6.10 million,Consumer Cyclical,Auto & Truck Dealerships,3.497,72.18,80.86,1.11,0.8,-0.01
AMX,0.84,22.03,10.09,-50.91,1,-0.06,-0.11,1/5,buy,19.71-28.46,-7.22,23.0,35.0,32.22,mere Buy (some sold),3.36 million,Communication Services,Telecom Services,0.245,23.19,28.44,1.05,0.77,0.26
CSCO,0.86,106.7,181.63,-37.79,0,0.07,0.07,0/5,buy,66.81-130.37,-5.3,18.0,170.0,153.62,Sell ALL,15.65 million,Technology,Communication Equipment,0.992,110.91,132.16,1.04,0.81,0.3
XLP,0.88,82.06,197.65,-32.11,0,1,1,0/5,,75.16-90.14,-4.44,9.0,0.1,0.1,Sell,9.53 million,N/A,N/A,1,84.08,101.04,1.02,0.81,0.11
MSTI,0.88,19.86,235.4,-12.88,-2,1,1,-2/5,,19.84-20.81,-1.74,5.0,0.1,0.1,Sell,440,N/A,N/A,1,20.02,30.78,1.01,0.65,1.3
KEY,0.89,20.61,235.14,-43.81,0,0.05,0.12,0/5,hold,16.47-24.07,-6.16,14.000000000000002,43.0,34.41,mere Sell (some bought),15.02 million,Financial Services,Banks - Regional,1.023,21.68,25.6,1.05,0.81,0.33
CPIX,0.94,7.61,15.95,-86.1,3,0.21,2.98,3/5,,1.85-9.28,-17.87,18.0,0.1,0.1,Buy time,83.20 thousand,Healthcare,Drug Manufacturers - Specialty & Generic,0.104,7.82,9.82,1.03,0.77,0.08
MGX,1.0,1.15,132.15,-43.77,0,-0.27,-0.51,0/5,buy,1.07-3.95,-6.09,71.0,9.0,8.0,Sell,173.86 thousand,Healthcare,Biotechnology,0.682,1.2,1.5,1.04,0.77,0.75
OXY,1.0,56.86,112.34,-14.03,0,1.01,1.09,0/5,hold,38.8-67.45,-2.62,16.0,82.0,75.0,Sell,8.62 million,Energy,Oil & Gas E&P,0.164,60.57,72.06,1.07,0.79,0.1
VYM,1.01,157.68,221.14,-29.55,0,1,1,0/5,,137.42-167.61,-4.06,6.0,0.1,0.1,== less Sell ALL==,1.04 million,N/A,N/A,1,161.83,194.3,1.03,0.81,0.1
RBLD,1.04,83.52,209.77,-32.83,0,1,1,0/5,,73.15-91.07,-4.51,8.0,0.1,0.1,- Buy time -,31.30 thousand,N/A,N/A,1,85.0,334.73,1.02,0.25,0.25
CNI,1.05,120.93,211.77,-35.42,0,0.11,0.06,0/5,hold,90.74-131.55,-4.9,8.0,150.19386,143.54,Sell ALL,1.16 million,Industrials,Railroads,0.988,123.9,150.16,1.02,0.81,0.33
DJIA,1.08,22.35,232.95,-14.04,0,1,1,0/5,,20.646-23.06,-1.91,3.0,0.1,0.1,Sell,52.24 thousand,N/A,N/A,1,22.65,28.02,1.01,0.8,-0.27
TSI,1.08,4.24,58.73,-22.74,0,1,1,0/5,,4.17-5.0,-3.1,15.0,0.1,0.1,Sell ALL,180.98 thousand,Financial Services,Asset Management,0.317,4.33,5.15,1.02,0.82,0.49
IMNN,1.1,1.41,442.53,-103.33,-1,0.81,0.75,-1/5,buy,1.3-5.55,-15.6,75.0,25.0,21.0,- Buy time -,262.92 thousand,Healthcare,Biotechnology,1.977,1.61,2.38,1.14,0.59,2.5
FEZ,1.11,68.65,225.93,-30.76,0,1,1,0/5,,59.57-72.36,-4.23,5.0,0.1,0.1,Buy,820.62 thousand,N/A,N/A,1,70.02,82.83,1.02,0.83,0.22
TM,1.12,190.34,76.57,-5.15,0,5.04,1.44,0/5,strongBuy,166.1-248.9,-0.79,24.0,239.31209,236.7,Sell,295.38 thousand,Consumer Cyclical,Auto Manufacturers,0.337,194.45,235.35,1.02,0.81,0.03
SONY,1.12,23.55,193.06,-16.92,0,0.07,0.15,0/5,buy,19.32-30.34,-2.42,22.0,34.0,32.0,Sell,3.53 million,Technology,Consumer Electronics,0.763,24.18,29.02,1.03,0.81,-0.02
DEFT,1.14,0.5,867.09,-112.46,0,-0.04,-2.4,0/5,buy,0.39-2.31,-16.87,78.0,6.8255987,4.45,Sell ALL,2.06 million,Financial Services,Capital Markets,4.043,0.6,0.69,1.2,0.72,0.57
SWK,1.14,91.4,243.96,-56.33,1,0.57,0.64,1/5,hold,61.9-104.68,-8.2,13.0,110.0,105.36,Buy,1.65 million,Industrials,Tools & Accessories,1.173,93.84,111.13,1.03,0.82,0.01
SCD,1.16,14.85,213.41,-28.71,0,1,1,0/5,,13.79-16.18,-3.95,8.0,0.1,0.1,Sell ALL,59.52 thousand,Financial Services,Asset Management,0.969,15.42,18.69,1.04,0.79,0.26
TS,1.16,55.47,138.06,22.9,-1,0.33,0.38,-1/5,buy,33.65-64.6,2.9,14.000000000000002,80.0,72.1,mere Sell (some bought),981.80 thousand,Energy,Oil & Gas Equipment & Services,0.469,56.34,67.12,1.02,0.83,0.07
MVST,1.18,0.69,690.05,-59.59,0,-0.05,0.0,0/5,buy,0.561-7.12,-11.48,90.0,5.0,4.75,Buy,7.52 million,Consumer Cyclical,Auto Parts,3.548,0.7,0.81,1.01,0.85,-0.02
MT,1.23,70.7,404.99,-38.86,0,-0.16,-0.12,0/5,buy,35.71-79.68,-5.42,11.0,93.0,85.44,Sell ALL,1.20 million,Basic Materials,Steel,1.755,74.5,88.17,1.05,0.8,0.01
XYZ,1.23,76.42,574.8,-62.03,0,0.32,0.42,0/5,buy,48.21-86.92,-8.74,12.0,125.0,111.65,mere Sell (some bought),3.89 million,Technology,Software - Infrastructure,2.522,80.87,95.78,1.06,0.8,0.11
GE,1.24,327.09,206.78,-55.97,1,0.42,0.25,1/5,buy,268.91-388.84,-8.35,16.0,450.0,425.02,Buy,4.51 million,Industrials,Aerospace & Defense,1.35,334.63,396.14,1.02,0.83,0.23
XXI,1.25,6.64,-62.12,62.48,-1,1,1,-1/5,,4.15-25.627,5.12,74.0,0.1,0.1,Buy,1.46 million,Consumer Defensive,Education & Training Services,1,6.08,7.34,0.92,0.9,0.09
GDC,1.26,1.36,518.37,-55.35,0,1,1,0/5,,1.27-2045.0,-8.82,100.0,0.1,0.1,- Buy time -,296.78 thousand,Communication Services,Electronic Gaming & Multimedia,1.961,1.46,1.72,1.07,0.79,0.25
VTV,1.27,220.81,224.18,-20.07,0,1,1,0/5,,182.81-228.57,-2.73,3.0,0.1,0.1,Sell ALL,2.13 million,N/A,N/A,1,224.03,268.17,1.01,0.82,0.1
SOR,1.3,45.4,97.62,-15.97,0,1,1,0/5,,44.2-50.41,-2.18,10.0,0.1,0.1,Sell ALL,8.90 thousand,Financial Services,Asset Management,0.474,46.41,55.91,1.02,0.81,0.42
THO,1.39,72.15,282.73,-55.66,1,-0.21,-0.19,1/5,hold,67.31-122.83,-7.9,41.0,138.0,111.45,Buy,708.78 thousand,Consumer Cyclical,Recreational Vehicles,1.331,75.0,88.08,1.04,0.82,0.1
PH,1.42,978.33,196.69,-40.7,1,1.34,0.17,1/5,buy,715.37-1099.94,-6.04,11.0,1358.0,1258.21,Buy,647.26 thousand,Industrials,Specialty Industrial Machinery,1.123,980.34,1169.65,1.0,0.84,0.02
COCO,1.43,58.59,163.99,-39.59,1,0.52,1.21,1/5,buy,38.07-85.83,-7.19,32.0,90.0,86.61,Buy,1.08 million,Consumer Defensive,Beverages - Non-Alcoholic,0.744,58.85,69.94,1.0,0.84,0.24
AMZN,1.5,249.67,337.15,-30.78,0,5.05,2.83,0/5,buy,196.0-287.2,-4.25,13.0,405.0,367.27,Buy,32.72 million,Consumer Cyclical,Internet Retail,1.443,256.74,304.04,1.03,0.82,0.27
BLK,1.57,1086.31,337.05,-51.01,1,2.29,0.19,1/5,buy,917.39-1219.94,-7.45,11.0,1479.0,1400.88,Buy,553.60 thousand,Financial Services,Asset Management,1.429,1112.95,1323.03,1.02,0.82,0.01
MRK,1.57,148.78,24.8,-15.98,1,0.32,0.63,1/5,buy,78.03-156.92,-2.3,5.0,186.0,169.83,Buy,8.77 million,Healthcare,Drug Manufacturers - General,0.226,148.67,178.53,1.0,0.83,0.02
CDNS,1.59,326.13,244.77,3.91,0,0.12,0.07,0/5,buy,262.75-416.69,-2.62,22.0,470.0,437.74,Buy,2.21 million,Technology,Software - Application,1.137,316.33,375.33,0.97,0.87,0.08
CGC,1.59,0.94,532.65,-68.11,1,0.01,0.43,1/5,hold,0.844-2.38,-9.87,60.0,1.2008873,1.2,Buy,2.02 million,Healthcare,Drug Manufacturers - Specialty & Generic,2.427,0.99,1.15,1.05,0.82,-0.12
FN,1.65,417.39,184.17,-27.85,1,0.45,0.12,1/5,buy,355.5-748.89,-4.89,44.0,850.0,792.06,Buy,785.28 thousand,Technology,Electronic Components,1.208,416.58,494.16,1.0,0.84,0.02
ROKU,1.65,152.68,469.85,-28.03,0,0.86,1.78,0/5,hold,78.53-159.89,-3.88,5.0,205.0,183.66,Sell,2.41 million,Communication Services,Entertainment,2.05,156.56,184.7,1.03,0.83,-0.06
WDAY,1.66,189.45,306.12,-2.79,0,0.28,0.11,0/5,hold,110.36-249.85,-0.69,24.0,275.0,241.84,Sell,2.67 million,Technology,Software - Application,1.082,194.43,234.22,1.03,0.81,-0.17
BNTX,1.71,98.52,250.85,-94.97,3,-0.17,-0.08,3/5,buy,79.52-124.0,-14.25,21.0,141.65489,129.53,- +Buy time -,857.78 thousand,Healthcare,Biotechnology,1.293,102.43,121.31,1.04,0.81,-0.17
OSCR,1.72,29.6,524.34,-34.02,0,1.69,2.77,0/5,hold,10.69-34.48,-5.54,14.000000000000002,49.0,42.2,== less Sell ALL==,4.03 million,Healthcare,Healthcare Plans,2.369,32.05,37.4,1.08,0.79,0.09
RVP,1.72,0.7,262.89,-30.19,0,0,0,0/5,,0.6-1.14,-4.29,39.0,0.1,0.1,Buy,20.54 thousand,Healthcare,Medical Instruments & Supplies,1.223,0.72,0.89,1.03,0.79,0.72
AMT,1.81,169.03,200.27,-27.86,1,0.59,0.38,1/5,buy,160.06-196.08,-3.96,14.000000000000002,260.0,237.85,Sell,2.29 million,Real Estate,REIT - Specialty,0.895,176.52,209.75,1.04,0.81,0.03
T,1.84,25.38,89.21,-12.54,1,0.08,0.14,1/5,buy,19.89-29.44,-1.93,14.000000000000002,36.0,32.53,Sell,31.64 million,Communication Services,Telecom Services,0.431,26.08,30.99,1.03,0.82,0.01
SPIR,1.94,12.08,658.14,-75.12,1,-0.01,-0.11,1/5,buy,6.6-25.93,-12.09,53.0,24.0,22.44,Buy time,511.04 thousand,Industrials,Specialty Business Services,2.582,12.75,14.91,1.06,0.81,0.17
CUB.NS,1.95,223.15,34.15,7.14,-2,-0.62,-0.14,-2/5,buy,154.35-248.85,0.69,10.0,298.0,276.8,Sell ALL,2.58 million,Financial Services,Banks - Regional,0.357,231.63,275.93,1.04,0.81,2.5
ARQ,1.97,2.02,656.84,-43.48,0,0.05,1.55,0/5,buy,1.54-7.41,-6.44,73.0,6.0,5.01,mere Sell (some bought),182.14 thousand,Industrials,Pollution & Treatment Controls,2.856,2.16,2.52,1.07,0.8,0.14
AIT,1.99,333.39,170.5,-17.7,1,0.25,0.09,1/5,buy,238.34-374.8,-2.71,11.0,420.0,410.0,Buy,238.74 thousand,Industrials,Industrial Distribution,0.834,329.48,395.36,0.99,0.84,0.05
ARMS,2.02,24.66,234.42,-14.89,-2,1,1,-2/5,,24.62-25.22,-2.01,2.0,0.1,0.1,Sell ALL,2.44 thousand,N/A,N/A,1,24.94,42.55,1.01,0.58,2.5
MTA,2.07,10.07,484.43,-55.25,1,0.0,0.12,1/5,buy,5.95-11.6,-7.85,13.0,8.5,8.5,- Buy time -,300.70 thousand,Basic Materials,Other Precious Metals & Mining,2.252,10.42,12.02,1.03,0.84,0.15
AVGO,2.08,352.81,385.6,-1.75,0,0.12,0.04,0/5,buy,289.96-495.0,-0.6,28.999999999999996,715.0,623.42,Buy,21.23 million,Technology,Semiconductors,1.457,359.44,427.33,1.02,0.83,-0.02
NVNI,2.12,0.94,6.48,-40.86,2,1,1,2/5,hold,0.769-15.4,-8.51,94.0,0.1,0.1,mere Buy (some sold),33.26 thousand,Technology,Software - Application,1,1.0,1.23,1.06,0.76,0.67
SN,2.13,177.74,372.45,-32.26,1,0.2,0.19,1/5,buy,83.12-194.54,-6.08,9.0,240.0,224.78,- +Buy time -,1.70 million,Consumer Cyclical,Furnishings, Fixtures & Appliances,1.198,180.88,211.92,1.02,0.84,0.1
DOMH,2.14,2.34,209.35,-40.81,1,1,1,1/5,,1.91-7.54,-7.69,69.0,0.1,0.1,Buy time,167.94 thousand,Financial Services,Capital Markets,0.855,2.35,2.93,1.0,0.8,0.88
KT,2.17,19.7,18.43,1.61,1,1,1,1/5,hold,17.13-24.58,0.2,20.0,26.0,23.97,Sell ALL,1.28 million,Communication Services,Telecom Services,0.092,19.79,23.7,1.0,0.83,0.17
RDHL,2.23,0.5,863.42,-45.68,-1,-50.0,-5.0,-1/5,,0.5-2.79,-23.0,82.0,0.1,0.1,Sell,20.91 million,Healthcare,Drug Manufacturers - Specialty & Generic,4.953,0.81,12.35,1.62,0.04,2.5
PGX,2.25,10.23,221.64,-23.07,0,1,1,0/5,,10.185-11.74,-3.15,13.0,0.1,0.1,mere Buy (some sold),10.54 million,N/A,N/A,1,10.43,12.71,1.02,0.8,1.17
VEA,2.27,71.84,234.73,-14.67,1,1,1,1/5,,58.88-74.04,-1.99,3.0,0.1,0.1,Buy,7.89 million,N/A,N/A,1,72.54,86.93,1.01,0.83,0.02
WSM,2.27,231.9,320.89,-16.11,1,0.91,0.45,1/5,hold,165.51-254.89,-2.38,9.0,280.0,263.93,Buy,1.47 million,Consumer Cyclical,Specialty Retail,1.463,232.95,275.76,1.0,0.84,-0.18
AP,2.28,8.64,222.52,-18.24,1,1,1,1/5,,1.75-12.81,-3.36,33.0,0.1,0.1,- Buy time -,80.24 thousand,Industrials,Metal Fabrication,1.363,8.68,10.38,1.0,0.83,0.26
BSL,2.29,12.9,83.31,-2.04,1,1,1,1/5,,12.45-14.11,-0.28,9.0,0.1,0.1,Sell,54.68 thousand,Financial Services,Asset Management,0.361,12.95,15.94,1.0,0.81,0.18
AMPL,2.31,13.3,477.2,29.59,-1,-0.01,-1.45,-1/5,buy,5.51-14.76,2.56,10.0,18.0,15.89,Sell,1.57 million,Technology,Software - Application,1.502,13.5,16.52,1.02,0.81,0.15
WDC,2.31,456.81,521.88,-9.84,0,0.59,0.21,0/5,buy,111.83-799.87,-2.61,43.0,1050.0,857.46,Buy,5.87 million,Technology,Computer Hardware,2.182,458.55,543.99,1.0,0.84,0.1
COST,2.32,922.77,192.85,-25.61,1,0.23,0.04,1/5,buy,844.06-1096.5,-3.61,16.0,1315.0,1186.4,- Buy time -,2.47 million,Consumer Defensive,Discount Stores,0.855,933.58,1122.87,1.01,0.82,0.5
SERV,2.33,4.45,592.2,-49.67,1,0.01,0.01,1/5,buy,4.17-18.64,-7.42,76.0,22.0,17.07,Buy,3.06 million,Industrials,Integrated Freight & Logistics,2.378,4.77,5.54,1.07,0.8,-0.03
LITE,2.33,941.65,380.82,12.04,0,0.36,0.13,0/5,buy,147.81-1085.68,0.28,13.0,1400.0,1274.69,- Buy time -,3.69 million,Technology,Communication Equipment,1.541,935.95,1115.46,0.99,0.84,0.0
VXUS,2.34,86.35,233.89,-11.21,1,1,1,1/5,,72.08-88.62,-1.52,3.0,0.1,0.1,Buy,4.99 million,N/A,N/A,1,86.96,103.48,1.01,0.83,0.01
MAC,2.41,22.64,463.75,-42.92,1,-0.12,-1.64,1/5,buy,16.03-26.68,-6.0,15.0,30.0,28.53,Buy,3.62 million,Real Estate,REIT - Retail,2.055,23.45,27.99,1.04,0.81,0.21
ATOM,2.42,4.35,389.78,-15.67,1,0.01,0.09,1/5,buy,1.892-12.365,-3.45,65.0,10.0,10.0,Buy,457.36 thousand,Technology,Semiconductor Equipment & Materials,2.028,4.29,5.02,0.99,0.87,-0.13
GOGL,2.46,23.65,207.81,-0.49,1,1,1,1/5,,20.67-30.06,-0.42,21.0,0.1,0.1,Sell ALL,11.24 thousand,N/A,N/A,1,23.65,29.19,1.0,0.81,-0.03
PRFX,2.49,0.98,185.06,3.44,1,0,0,1/5,,0.852-7.95,0.0,88.0,0.1,0.1,Buy,56.54 thousand,Healthcare,Drug Manufacturers - Specialty & Generic,1.045,0.98,1.18,1.0,0.83,-0.02
RACE,2.5,411.33,159.94,-2.05,1,0.07,0.03,1/5,buy,312.51-504.49,-0.36,18.0,523.91797,491.28,Buy,371.66 thousand,Consumer Cyclical,Auto Manufacturers,0.6,415.08,497.48,1.01,0.83,0.16
L,2.53,104.82,92.44,-41.83,2,1,1,2/5,,97.38-121.01,-5.86,13.0,0.1,0.1,Sell,912.02 thousand,Financial Services,Insurance - Property & Casualty,0.507,109.14,130.92,1.04,0.8,0.54
CZR,2.53,29.59,435.22,-1.77,0,-0.6,-4.44,0/5,hold,17.86-30.88,-0.24,4.0,35.0,33.13,mere Sell (some bought),3.95 million,Consumer Cyclical,Resorts & Casinos,1.751,29.71,35.43,1.0,0.84,0.24
AMPX,2.53,9.75,488.34,-30.9,1,-0.05,-2.55,1/5,buy,7.71-24.225,-4.62,60.0,30.0,26.5,Buy,3.98 million,Industrials,Electrical Equipment & Parts,2.342,9.92,11.75,1.02,0.83,-0.03
BUD,2.54,78.0,181.07,-3.64,1,0.13,0.13,1/5,buy,58.44-86.6,-0.55,10.0,111.0,104.07,Sell ALL,1.68 million,Consumer Defensive,Beverages - Brewers,0.783,79.25,96.0,1.02,0.81,0.18
POET,2.56,7.77,161.43,-23.71,2,-0.08,-1.77,2/5,strongBuy,3.87-20.81,-3.99,63.0,14.75,14.75,Buy,5.64 million,Technology,Semiconductors,0.841,7.85,9.33,1.01,0.83,-0.05
AAP,2.6,41.73,203.75,-39.0,2,0.56,1.04,2/5,hold,37.89-65.2,-5.56,36.0,70.0,60.11,Sell ALL,1.65 million,Consumer Cyclical,Auto Parts,1.033,43.8,52.9,1.05,0.79,0.2
AER,2.61,149.21,169.77,-0.01,1,2.68,0.69,1/5,buy,118.96-158.81,-0.42,6.0,190.0,184.65,Buy,1.16 million,Industrials,Rental & Leasing Services,0.925,145.78,177.2,0.98,0.84,0.23
BAYRY,2.62,14.32,205.3,3.88,1,0.2,0.36,1/5,hold,7.48-15.23,0.49,6.0,16.68,16.29,Buy,374.28 thousand,Healthcare,Drug Manufacturers - General,0.834,14.29,17.1,1.0,0.84,-0.01
VRT,2.68,253.28,428.76,-26.18,1,0.25,0.22,1/5,buy,141.4-379.935,-4.13,33.0,427.0,382.61,Buy,5.58 million,Industrials,Electrical Equipment & Parts,2.075,257.87,313.46,1.02,0.81,0.2
COP,2.7,127.3,100.84,-14.5,2,0.48,0.2,2/5,buy,85.57-141.62,-2.6,10.0,189.0,167.54,Sell,6.38 million,Energy,Oil & Gas E&P,0.134,135.22,162.68,1.06,0.78,0.02
CI,2.72,272.01,88.1,-18.09,2,0.36,0.05,2/5,buy,239.51-315.47,-2.69,14.000000000000002,400.0,370.92,Sell ALL,1.46 million,Healthcare,Healthcare Plans,0.317,282.6,337.65,1.04,0.81,0.13
NOK,2.72,10.39,223.85,2.89,1,0.01,0.24,1/5,buy,4.66-17.45,-0.19,40.0,21.0,17.98,Buy,55.75 million,Technology,Communication Equipment,0.767,10.4,12.66,1.0,0.82,0.12
HCTI,2.73,0.78,129.64,-73.23,1,2.1,0.61,1/5,strongBuy,0.65-223.2,-11.57,100.0,3.15,3.15,Buy,308.14 thousand,Healthcare,Health Information Services,1.09,0.81,1.22,1.04,0.64,2.5
XNET,2.74,5.01,259.31,-0.92,1,1,1,1/5,,4.52-11.03,-0.2,55.00000000000001,0.1,0.1,Buy,173.64 thousand,Technology,Software - Infrastructure,1.135,5.02,6.01,1.0,0.83,0.07
TTD,2.74,12.6,358.01,-11.32,1,-0.1,-0.27,1/5,hold,12.49-56.39,-3.41,78.0,21.0,17.3,Sell,16.71 million,Communication Services,Advertising Agencies,1.005,13.96,16.76,1.11,0.75,0.23
SMMT,2.74,15.61,-29.01,94.46,0,0.03,0.16,0/5,buy,12.07-29.23,8.84,47.0,40.77716,34.69,Sell,6.17 million,Healthcare,Biotechnology,1,16.3,19.78,1.04,0.79,-0.18
RL,2.76,357.1,287.6,-6.04,1,0.53,0.16,1/5,buy,304.46-421.6,-1.17,15.0,520.0,483.35,Buy,729.44 thousand,Consumer Cyclical,Apparel Manufacturing,1.353,351.14,417.2,0.98,0.86,0.17
VTI,2.83,379.77,248.08,3.24,1,1,1,1/5,,310.4-385.12,0.41,1.0,0.1,0.1,Buy,2.88 million,N/A,N/A,1,377.4,453.2,0.99,0.84,0.08
VT,2.86,160.03,246.13,-1.88,1,1,1,1/5,,133.65-162.71,-0.27,2.0,0.1,0.1,Buy,2.11 million,N/A,N/A,1,159.84,192.15,1.0,0.83,0.25
ASML,2.89,1743.94,290.52,4.08,1,1.16,0.17,1/5,buy,935.41-1999.96,-0.1,13.0,2819.9478,2470.05,Buy,1.11 million,Technology,Semiconductor Equipment & Materials,1.363,1714.21,2049.34,0.98,0.85,0.06
AVO,2.9,13.14,154.93,14.59,1,0.06,0.57,1/5,buy,10.07-15.53,1.45,15.0,18.0,17.25,Buy,775.72 thousand,Consumer Defensive,Food Distribution,0.481,13.14,15.6,1.0,0.84,0.2
S,2.9,22.38,239.01,84.24,-1,-0.03,-0.14,-1/5,buy,11.81-24.398,8.36,8.0,28.0,26.19,== less Sell ALL==,8.30 million,Technology,Software - Infrastructure,0.772,22.15,26.51,0.99,0.84,0.23
AMG,2.93,373.69,238.15,8.88,1,0.53,0.07,1/5,buy,230.1-392.92,0.83,5.0,512.0,474.79,Buy,240.08 thousand,Financial Services,Asset Management,1.103,368.32,441.11,0.99,0.85,0.1
MUR,2.95,36.33,257.45,41.8,0,-0.02,0.01,0/5,hold,26.49-43.34,4.51,16.0,52.0,45.96,Sell,1.57 million,Energy,Oil & Gas E&P,0.488,37.8,45.09,1.04,0.81,0.2
DRS,2.98,37.16,22.57,-27.55,3,0.14,0.55,3/5,buy,32.43-50.59,-3.88,27.0,59.0,56.41,Buy,1.05 million,Industrials,Aerospace & Defense,0.138,37.85,45.82,1.02,0.81,-0.08
BGLC,2.98,1.39,500.64,-19.88,0,1,1,0/5,,1.07-5.888,-2.88,76.0,0.1,0.1,Sell ALL,6.52 thousand,Basic Materials,Specialty Chemicals,2.205,1.48,1.87,1.06,0.74,0.98
CRWV,3.01,87.59,271.57,3.6,1,0.13,0.06,1/5,buy,60.55-153.2,-0.48,43.0,317.0,229.29,- Buy time -,18.87 million,Technology,Software - Infrastructure,1,88.42,107.37,1.01,0.82,0.28
AMST,3.02,1.04,192.8,-40.66,1,1,1,1/5,,0.77-3.9,-5.77,73.0,0.1,0.1,- Buy time -,98.94 thousand,Technology,Software - Application,1.002,1.1,1.38,1.06,0.75,1.6
BCH,3.07,42.04,23.16,7.64,2,0.15,0.21,2/5,hold,29.71-46.77,0.98,10.0,47.0,43.43,Buy,277.34 thousand,Financial Services,Banks - Regional,0.066,42.17,50.46,1.0,0.83,-0.01
GDDY,3.08,97.14,248.6,15.19,1,0.22,0.13,1/5,hold,71.59-142.49,1.65,32.0,170.0,138.38,Sell ALL,2.12 million,Technology,Software - Infrastructure,0.94,99.57,120.45,1.03,0.81,0.06
BAH,3.08,72.95,120.33,-8.66,2,0.75,0.53,2/5,hold,59.5-109.1,-1.77,33.0,140.0,112.58,Sell,1.60 million,Industrials,Consulting Services,0.365,76.64,91.25,1.05,0.8,0.19
CLNE,3.09,1.6,427.97,-4.21,1,0.02,0.64,1/5,buy,1.54-3.11,-1.25,49.0,7.0,5.5,mere Buy (some sold),1.60 million,Energy,Oil & Gas Refining & Marketing,1.823,1.69,2.06,1.06,0.78,0.05
AEON,3.09,0.26,121.32,48.04,-2,0.5,1.38,-2/5,buy,0.177-1.45,4.55,82.0,2.1,1.81,Sell,42.17 million,Healthcare,Biotechnology,0.652,0.29,0.91,1.12,0.29,2.5
IBM,3.11,225.51,204.06,-9.51,2,0.1,0.05,2/5,buy,199.19-332.46,-1.93,32.0,297.0,268.8,Sell,5.04 million,Technology,Information Technology Services,0.708,238.66,286.79,1.06,0.79,-0.01
CNEY,3.12,0.56,346.88,-85.68,1,1,1,1/5,,0.313-2.95,-12.86,81.0,0.1,0.1,- Buy time -,57.80 thousand,Basic Materials,Specialty Chemicals,1.754,0.6,0.82,1.07,0.68,2.5
HBIO,3.13,7.96,383.4,31.24,0,0.07,0.33,0/5,strongBuy,3.8-9.4,3.89,15.0,7.5,7.5,Sell,14.86 thousand,Healthcare,Medical Instruments & Supplies,1.534,8.01,9.93,1.01,0.8,0.18
Voo,3.13,710.79,250.5,7.2,1,1,1,1/5,,578.46-716.39,0.93,1.0,0.1,0.1,Buy,9.26 million,N/A,N/A,1,704.1,865.55,0.99,0.82,0.27
PBT,3.15,33.53,151.11,-1.37,2,-0.08,-0.03,2/5,,16.25-37.0,-0.6,9.0,0.1,0.1,mere Buy (some sold),121.10 thousand,Energy,Oil & Gas Midstream,0.503,35.15,41.69,1.05,0.8,-0.05
IVV,3.17,774.83,251.22,7.41,1,1,1,1/5,,632.14-783.09,0.95,1.0,0.1,0.1,Buy,10.45 million,N/A,N/A,1,767.43,926.67,0.99,0.84,0.31
GOLD,3.19,43.95,168.96,-2.3,2,-0.07,-0.11,2/5,buy,23.0-66.7,-0.91,34.0,90.0,77.2,Sell,496.58 thousand,Financial Services,Capital Markets,0.623,46.03,55.06,1.05,0.8,-0.02
WSFS,3.2,77.76,179.69,-7.26,2,0.34,0.23,2/5,hold,49.92-82.94,-1.11,6.0,92.5,90.71,Sell,365.78 thousand,Financial Services,Banks - Regional,0.754,79.37,95.01,1.02,0.82,0.04
CHAD,3.22,8.8,79.04,79.04,1,1,1,1/3,,6.8-9.15,5.0,4.0,0.1,0.1,Buy,88.32 thousand,Financial Services,Asset Management,1,8.98,10.64,1.02,0.83,-0.35
Chad,3.22,8.8,79.04,79.04,1,1,1,1/3,,6.8-9.15,5.0,4.0,0.1,0.1,Buy,88.32 thousand,Financial Services,Asset Management,1,8.98,10.64,1.02,0.83,-0.35
WISE,3.22,35.75,251.48,-2.41,1,1,1,1/5,,30.0-48.91,-0.63,27.0,0.1,0.1,Buy,4.18 thousand,N/A,N/A,1,35.48,45.31,0.99,0.79,0.64
QBTS,3.24,17.41,485.93,-2.38,1,-0.01,-0.08,1/5,buy,12.75-46.75,-0.57,63.0,43.0,38.82,Buy,15.36 million,Technology,Computer Hardware,2.14,17.69,21.18,1.02,0.82,-0.07
ARKQ,3.26,124.42,232.91,13.64,1,1,1,1/5,,98.35-144.416,1.68,14.000000000000002,0.1,0.1,Buy,96.36 thousand,N/A,N/A,1,122.89,148.91,0.99,0.84,0.3
ITB,3.26,89.43,214.83,-54.78,3,1,1,3/5,,84.98-115.26,-7.9,22.0,0.1,0.1,Buy,2.52 million,N/A,N/A,1,92.14,112.56,1.03,0.79,0.35
KRE,3.27,71.55,234.58,-26.31,2,1,1,2/5,,57.55-78.35,-3.64,9.0,0.1,0.1,Sell,11.58 million,N/A,N/A,1,73.67,87.28,1.03,0.82,0.43
OEF,3.32,386.16,260.02,19.13,1,1,1,1/5,,306.84-388.13,2.48,1.0,0.1,0.1,Buy,166.60 thousand,N/A,N/A,1,379.75,456.93,0.98,0.85,0.13
DJT,3.33,9.14,1028.96,-22.82,0,1,1,0/5,,6.96-17.97,-3.94,49.0,0.1,0.1,Buy,2.76 million,Communication Services,Internet Content & Information,4.082,9.29,10.96,1.02,0.83,-0.14
BBMC,3.33,122.4,214.56,-31.7,0,1,1,0/5,,99.77-130.07,-4.36,6.0,0.1,0.1,Sell ALL,21.88 thousand,N/A,N/A,1,124.71,189.74,1.02,0.65,2.5
TOL,3.41,137.34,304.59,-54.01,3,0.17,0.07,3/5,buy,123.15-168.36,-7.89,18.0,195.0,183.2,Buy time,1.07 million,Consumer Cyclical,Residential Construction,1.332,141.34,167.23,1.03,0.82,0.22
VOOG,3.43,86.14,256.3,26.39,1,1,1,1/5,,64.99-86.6,3.37,1.0,0.1,0.1,Buy,979.12 thousand,N/A,N/A,1,83.99,101.65,0.98,0.85,0.08
CM,3.5,113.6,302.13,-29.1,1,0.3,0.12,1/5,hold,78.79-124.86,-4.05,9.0,127.2561,123.19,- Buy time -,1.97 million,Financial Services,Banks - Diversified,1.254,115.6,146.06,1.02,0.78,1.43
PCB,3.51,27.71,122.13,3.6,2,0.11,0.17,2/5,hold,19.7-30.84,0.43,10.0,31.0,30.62,Sell ALL,25.94 thousand,Financial Services,Banks - Regional,0.474,27.86,33.89,1.01,0.82,0.24
BZAI,3.58,0.51,46.88,29.75,2,-0.02,-0.18,2/5,buy,0.42-6.76,3.5,92.0,2.5,2.15,== less Sell ALL==,2.53 million,Technology,Software - Application,0.077,0.54,0.65,1.06,0.78,-0.09
CTM,3.59,0.63,20.01,23.84,2,-0.01,-0.9,2/5,strongBuy,0.48-1.36,3.02,54.0,2.0,2.0,Buy,658.60 thousand,Technology,Information Technology Services,1,0.64,0.79,1.02,0.8,0.12
JEPQ,3.6,61.24,272.55,27.24,1,1,1,1/5,,53.51-61.72,3.48,1.0,0.1,0.1,Buy,5.53 million,N/A,N/A,1,59.93,72.74,0.98,0.84,0.18
BJDX,3.61,0.92,317.24,45.64,-1,-1488.0,-1.09,-1/5,,0.8-16.68,3.04,94.0,0.1,0.1,Buy time,262.30 thousand,Healthcare,Medical Devices,0.907,0.94,1.11,1.02,0.83,1.7
VUG,3.63,90.94,261.66,30.5,1,1,1,1/5,,69.63333-91.43,3.88,1.0,0.1,0.1,Buy,5.01 million,N/A,N/A,1,88.45,105.79,0.97,0.86,0.16
HDB,3.64,23.01,99.14,-3.93,3,0.01,0.02,3/5,buy,21.77-37.45,-0.7,39.0,35.0,32.89,Buy,9.90 million,Financial Services,Banks - Regional,0.404,22.93,28.02,1.0,0.82,-0.26
LRCX,3.66,315.21,392.83,19.23,1,0.25,0.16,1/5,buy,130.81-438.5,0.84,28.000000000000004,500.0,436.89,Buy,7.75 million,Technology,Semiconductor Equipment & Materials,1.859,304.18,361.06,0.97,0.87,0.24
STLD,3.68,233.66,371.43,-6.71,2,0.01,0.0,2/5,buy,137.6-288.74,-0.96,19.0,310.0,291.07,mere Buy (some sold),888.66 thousand,Basic Materials,Steel,1.515,238.5,284.63,1.02,0.82,-0.09
FLEX,3.69,114.68,396.34,20.57,1,0.13,0.15,1/5,buy,53.07-166.86,2.49,31.0,180.0,170.25,- Buy time -,2.95 million,Technology,Electronic Components,1.654,113.72,137.22,0.99,0.84,0.07
LIDR,3.7,1.21,671.36,24.7,0,-0.01,-0.11,0/5,buy,1.01-4.0,2.48,70.0,6.0,5.38,Sell,593.90 thousand,Technology,Software - Infrastructure,2.838,1.25,1.52,1.03,0.8,0.1
E,3.7,54.71,118.78,25.63,2,1,1,2/5,hold,34.03-58.0,3.22,6.0,60.8,58.3,== less Sell ALL==,295.70 thousand,Energy,Oil & Gas Integrated,0.241,55.04,65.98,1.01,0.83,-0.11
ARB,3.74,29.99,251.01,5.58,2,1,1,2/5,,28.3-32.48,0.73,8.0,0.1,0.1,- Buy time -,6.18 thousand,N/A,N/A,1,29.84,35.86,0.99,0.84,0.02
APPS,3.74,11.11,673.09,22.47,0,0.13,1.24,0/5,buy,2.74-15.34,2.43,28.000000000000004,18.0,17.5,Sell ALL,3.12 million,Technology,Software - Application,2.879,11.61,14.02,1.05,0.79,0.16
XLC,3.77,112.96,236.46,5.12,2,1,1,2/5,,105.03-120.405,0.64,6.0,0.1,0.1,Sell,4.50 million,N/A,N/A,1,113.11,134.35,1.0,0.84,0.1
SSS,3.83,23.82,271.66,56.37,1,1,1,1/5,,17.9-23.8218,6.93,0.0,0.1,0.1,Buy,1.72 thousand,N/A,N/A,1,22.58,26.84,0.95,0.89,-0.29
NUE,3.83,247.25,471.23,-15.55,2,0.72,0.22,2/5,buy,131.32-280.11,-2.24,12.0,310.0,296.81,== less Sell ALL==,1.04 million,Basic Materials,Steel,1.881,255.21,305.85,1.03,0.81,-0.01
MET,3.84,97.7,204.13,9.39,2,0.29,0.13,2/5,buy,67.33-100.93,1.21,3.0,119.0,112.38,Sell ALL,2.65 million,Financial Services,Insurance - Life,0.759,97.45,117.7,1.0,0.83,0.16
AZN,3.85,166.58,48.98,2.11,3,0,0,3/5,buy,147.38-212.71,0.19,22.0,240.0,226.09,- +Buy time -,2.71 million,Healthcare,Drug Manufacturers - General,0.205,164.53,195.41,0.99,0.85,-0.06
YIBO,3.9,1.11,669.44,-59.95,0,1,1,0/5,,0.632-1.82,-9.01,39.0,0.1,0.1,mere Sell (some bought),640,Technology,Computer Hardware,3.039,1.2,1.36,1.08,0.82,2.5
DVN,3.92,47.05,202.44,12.34,2,0.11,0.06,2/5,buy,31.47-52.71,1.11,11.0,68.0,64.21,Sell,11.58 million,Energy,Oil & Gas E&P,0.426,49.04,58.63,1.04,0.8,0.23
SKY,3.92,87.72,274.36,-25.08,3,0.07,0.11,3/5,strongBuy,63.69-99.17,-3.94,12.0,115.0,109.25,Buy,465.18 thousand,Consumer Cyclical,Residential Construction,1.011,87.6,104.22,1.0,0.84,0.07
RVMD,3.93,204.97,336.11,-36.49,3,-1.45,-0.73,3/5,buy,44.05-224.31,-5.11,9.0,320.0,286.96,Buy time,2.08 million,Healthcare,Biotechnology,1.406,210.33,248.29,1.03,0.83,0.14
PyPL,3.94,55.04,353.94,-76.02,4,0.17,0.14,4/5,hold,38.46-79.215,-12.02,31.0,80.0,68.46,Buy time,14.23 million,Financial Services,Credit Services,1.286,55.75,66.9,1.01,0.82,0.38
WMT,3.95,107.98,168.67,25.94,2,0.07,0.09,2/5,buy,98.88-135.16,3.37,20.0,155.0,141.21,== less Sell ALL==,23.74 million,Consumer Defensive,Discount Stores,0.595,107.13,130.53,0.99,0.83,-0.04
IEX,3.99,230.08,212.43,-14.47,3,0.44,0.23,3/5,buy,159.27-243.8,-2.09,6.0,280.0,267.96,- +Buy time -,544.58 thousand,Industrials,Specialty Industrial Machinery,0.972,229.21,274.9,1.0,0.84,0.01
KELYA,4.04,16.48,238.17,-19.76,3,0.11,0.1,3/5,strongBuy,7.98-17.75,-3.03,7.000000000000001,21.0,20.5,- +Buy time -,260.20 thousand,Industrials,Staffing & Employment Services,0.864,16.69,20.2,1.01,0.82,0.14
HCAC,4.04,10.12,250.0,1.49,2,1,1,2/5,,9.91-10.13,0.2,0.0,0.1,0.1,Buy,49.50 thousand,Financial Services,Shell Companies,1,10.11,12.43,1.0,0.81,0.42
CAT,4.07,821.58,372.68,1.18,2,2.87,0.51,2/5,buy,467.46-1073.46,-0.04,23.0,1225.0,1100.3,Buy,2.19 million,Industrials,Farm & Heavy Construction Machinery,1.594,810.73,978.0,0.99,0.84,0.1
MAR,4.09,352.03,257.54,-11.7,3,0.28,0.1,3/5,hold,256.76-410.98,-1.89,14.000000000000002,425.0,402.9,- +Buy time -,1.59 million,Consumer Cyclical,Lodging,1.104,348.19,415.72,0.99,0.85,-0.08
TEAM,4.1,187.74,358.93,92.61,0,0.78,0.56,0/5,buy,56.01-200.0,10.26,6.0,480.0,341.97,Sell,3.28 million,Technology,Software - Application,1.159,187.96,228.22,1.0,0.82,-0.15
CLBR,4.16,10.2,247.06,-3.66,0,1,1,0/5,,10.01-10.4,-0.49,2.0,0.1,0.1,Sell,78.66 thousand,Financial Services,Shell Companies,1,10.25,12.11,1.0,0.84,2.5
MDB,4.18,410.44,541.65,28.46,1,0.43,0.3,1/5,buy,215.68-473.1,1.05,13.0,565.0,510.94,Buy time,1.35 million,Technology,Software - Infrastructure,1.585,412.56,495.84,1.01,0.83,0.18
XLK,4.18,196.27,269.78,55.89,1,1,1,1/5,,126.68-198.73,6.95,1.0,0.1,0.1,Buy,5.45 million,N/A,N/A,1,187.58,225.74,0.96,0.87,0.07
ZS,4.21,193.05,389.7,116.71,-1,0.17,0.16,-1/5,buy,114.625-336.99,11.78,43.0,298.0,253.84,Sell ALL,3.68 million,Technology,Software - Infrastructure,0.948,187.01,231.88,0.97,0.83,0.34
XLV,4.27,170.7,247.99,-8.87,3,1,1,3/5,,134.74-176.6,-1.28,3.0,0.1,0.1,- +Buy time -,6.86 million,N/A,N/A,1,170.02,202.09,1.0,0.84,0.03
PEN,4.32,318.89,176.9,-9.62,3,-0.22,-0.19,3/5,hold,221.26-362.41,-1.3,12.0,374.0,367.92,Buy,372.08 thousand,Healthcare,Medical Devices,0.698,321.28,377.75,1.01,0.84,0.31
HOVR,4.34,1.73,910.83,-33.0,1,0.07,0.03,1/5,buy,1.16-4.18,-5.2,59.0,17.924408,13.1,Buy,690.34 thousand,Industrials,Aerospace & Defense,3.86,1.75,2.1,1.01,0.82,0.57
SHG,4.34,80.95,220.67,33.35,2,0.33,0.14,2/5,buy,47.05-85.57,4.26,5.0,100.0,100.0,Sell,115.40 thousand,Financial Services,Banks - Regional,0.65,80.81,97.07,1.0,0.83,0.01
TAX,4.36,30.49,220.8,-27.83,1,1,1,1/5,,26.298-32.2,-3.82,5.0,0.1,0.1,Buy,980,N/A,N/A,1,30.88,37.57,1.01,0.81,2.5
PALU,4.39,55.88,549.73,160.49,-2,1,1,-2/5,,9.85-67.86,12.95,18.0,0.1,0.1,Sell,106.56 thousand,N/A,N/A,1,55.24,67.03,0.99,0.83,0.32
HIMS,4.39,29.42,612.84,-7.06,2,-0.75,-23.04,2/5,hold,13.74-65.299,-1.39,55.00000000000001,42.0,36.58,Buy time,8.76 million,Healthcare,Drug Manufacturers - Specialty & Generic,2.412,29.67,35.05,1.01,0.84,-0.07
GBTC,4.39,64.9,236.79,53.8,1,1,1,1/5,,44.98-99.12,6.43,35.0,0.1,0.1,Buy,1.73 million,N/A,N/A,1,61.41,76.48,0.95,0.85,0.46
GDLC,4.49,38.79,240.58,64.0,1,1,1,1/5,,25.97-61.89,7.6,37.0,0.1,0.1,Buy,18.02 thousand,N/A,N/A,1,36.38,44.67,0.94,0.87,0.31
AES,4.51,14.87,244.62,7.11,3,0.37,1.02,3/5,hold,12.97-17.65,0.94,16.0,15.0,15.0,Buy,8.89 million,Utilities,Utilities - Diversified,0.95,14.81,17.7,1.0,0.84,-0.14
ENR,4.51,22.0,207.46,5.77,3,0.39,0.91,3/5,hold,15.75-26.14,0.14,16.0,28.0,25.17,- +Buy time -,849.94 thousand,Industrials,Electrical Equipment & Parts,0.756,21.59,25.89,0.98,0.85,0.07
PLNH,4.53,0.14,437.38,34.58,1,-0.02,-1.5,1/5,buy,0.11-0.4,3.7,66.0,0.1,0.1,Sell ALL,246.06 thousand,Healthcare,Drug Manufacturers - Specialty & Generic,1.744,0.14,0.17,1.0,0.82,0.49
STX,4.53,916.83,551.34,77.53,0,1.21,0.29,0/5,buy,209.0-1145.0,7.76,20.0,1600.0,1362.5,Buy,3.13 million,Technology,Computer Hardware,2.087,857.53,1038.68,0.94,0.88,0.13
UK,4.55,2.1,234.28,30.23,2,1,1,2/5,,1.62-11.47,3.81,82.0,0.1,0.1,Buy,6.32 thousand,Real Estate,Real Estate Services,0.869,2.08,2.48,0.99,0.85,0.27
ETN,4.63,439.98,257.73,42.4,2,0.15,0.05,2/5,buy,311.92-478.0,4.67,8.0,534.0,507.24,Buy,1.92 million,Industrials,Specialty Industrial Machinery,1.168,417.98,505.83,0.95,0.87,0.05
LVWR,4.68,1.5,277.82,110.38,1,0,0,1/5,,0.648-6.44,8.67,77.0,0.1,0.1,- Buy time -,389.22 thousand,Consumer Cyclical,Recreational Vehicles,1.607,1.31,1.67,0.87,0.9,-0.25
XLO,4.69,9.04,-1.69,-0.73,4,0,0,4/5,buy,6.468-12.74,-0.11,28.999999999999996,20.0,20.0,Buy,10.96 thousand,Healthcare,Biotechnology,1,9.13,10.88,1.01,0.83,0.09
AMSC,4.72,30.01,774.71,16.28,1,0.06,0.33,1/5,buy,24.87-70.49,1.73,56.99999999999999,71.0,66.38,Buy,659.06 thousand,Industrials,Specialty Industrial Machinery,3.268,29.44,35.47,0.98,0.85,0.07
SNDL,4.72,1.4,240.57,11.52,3,-0.01,-4.89,3/5,strongBuy,1.165-2.89,1.43,52.0,3.4839365,3.48,Buy,1.13 million,Consumer Defensive,Beverages - Wineries & Distilleries,0.961,1.39,1.67,0.99,0.84,-0.02
ECHO,4.72,90.11,270.88,40.05,2,-1.97,-0.53,2/5,buy,65.76-147.25,4.99,39.0,156.0,143.72,Sell ALL,2.67 million,Communication Services,Telecom Services,1.009,90.95,109.21,1.01,0.83,0.09
FLTR,4.74,25.59,252.35,2.68,3,1,1,3/5,,25.34-25.61,0.36,0.0,0.1,0.1,Buy time,1.46 million,N/A,N/A,1,25.57,30.96,1.0,0.83,0.18
SPY,4.76,771.35,254.75,7.18,3,1,1,3/5,,629.28-779.37,0.93,1.0,0.1,0.1,- +Buy time -,38.63 million,N/A,N/A,1,764.48,916.91,0.99,0.84,0.08
YESBANK.NS,4.77,22.5,114.67,1.49,1,0.13,0.46,1/5,sell,17.2-25.78,0.0,13.0,28.0,24.58,Sell ALL,53.44 million,Financial Services,Banks - Regional,0.48,22.89,28.32,1.02,0.79,2.5
AMBA,4.79,72.68,483.5,39.11,1,0.01,0.11,1/5,hold,48.3-96.69,4.18,25.0,120.0,104.68,Buy,1.49 million,Technology,Semiconductor Equipment & Materials,2.087,71.2,85.85,0.98,0.85,0.51
ZIM,4.82,29.19,270.82,43.06,2,-1.71,-0.7,2/5,strongSell,12.33-30.96,5.31,6.0,38.0,33.15,Sell ALL,927.40 thousand,Industrials,Marine Shipping,1.115,28.86,34.52,0.99,0.85,0.12
ARBB,4.83,4.47,426.96,36.31,1,1,1,1/5,hold,3.71-10.67,4.03,57.99999999999999,0.1,0.1,Buy,2.00 thousand,Technology,Information Technology Services,1.282,4.49,5.56,1.0,0.8,0.77
SFTBY,4.85,19.75,206.42,173.97,-1,1,1,-1/5,hold,10.55-28.97,17.27,32.0,20.0,17.47,mere Sell (some bought),2.72 million,Communication Services,Telecom Services,0.997,19.03,23.01,0.96,0.86,0.31
PLTR,4.88,189.67,540.89,59.61,1,0.11,0.37,1/5,buy,106.37-207.52,6.42,9.0,255.0,225.28,Buy,24.84 million,Technology,Software - Infrastructure,1.621,181.25,218.62,0.96,0.87,-0.05
XRPT,4.94,42.12,143.86,196.97,-1,1,1,-1/5,,18.96-362.5,16.57,88.0,0.1,0.1,Buy,425.68 thousand,N/A,N/A,1,37.23,44.3,0.88,0.95,0.41
ABBV,4.95,264.34,69.36,4.71,4,0.02,0.0,4/5,buy,190.75-269.39,0.54,2.0,328.0,303.3,Buy,3.94 million,Healthcare,Drug Manufacturers - General,0.281,261.87,310.77,0.99,0.85,-0.0
TMFC,4.96,80.87,269.47,21.65,3,1,1,3/5,,63.76-81.4,2.79,1.0,0.1,0.1,- +Buy time -,51.12 thousand,N/A,N/A,1,79.45,96.49,0.98,0.84,-0.13
NTNX,4.98,68.03,215.31,31.92,3,0.23,0.58,3/5,hold,34.01-78.45,3.88,13.0,90.0,83.2,- +Buy time -,2.51 million,Technology,Software - Infrastructure,0.622,68.58,84.91,1.01,0.8,-0.18
AMZD,5.01,8.73,279.55,31.44,2,1,1,2/5,,7.64-11.77,4.04,26.0,0.1,0.1,== less Sell ALL==,10.72 million,N/A,N/A,1,8.67,10.44,0.99,0.84,0.55
IQST,5.05,0.99,481.55,58.68,1,-0.14,-1.3,1/5,buy,0.87-7.227139,6.88,86.0,18.0,18.0,mere Buy (some sold),237.10 thousand,Communication Services,Telecom Services,1.604,1.0,1.19,1.01,0.83,0.26
JPXGY,5.1,15.26,268.97,51.35,2,1,1,2/5,,10.19-15.56,6.29,2.0,0.1,0.1,Buy,46.54 thousand,Financial Services,Financial Data & Stock Exchanges,1,14.68,17.8,0.96,0.86,0.21
ETHE,5.11,21.64,243.03,68.28,1,1,1,1/5,,12.36-39.165,8.12,45.0,0.1,0.1,Buy,3.42 million,N/A,N/A,1,20.32,26.23,0.94,0.83,0.81
M,5.13,22.64,339.26,5.63,3,0.14,0.16,3/5,hold,16.41-26.59,0.06,15.0,30.0,26.68,Buy,7.55 million,Consumer Cyclical,Department Stores,1.431,22.19,27.25,0.98,0.83,0.3
FUSI,5.13,50.47,250.45,1.23,2,1,1,2/5,,50.1-50.87,0.16,1.0,0.1,0.1,Buy,9.90 thousand,N/A,N/A,1,50.5,60.86,1.0,0.83,1.52
GITS,5.16,2.03,233.99,154.35,0,1,1,0/5,,0.656-7.09,15.68,71.0,0.1,0.1,mere Buy (some sold),41.62 thousand,Communication Services,Internet Content & Information,1,2.18,2.66,1.07,0.76,0.02
FAST,5.17,50.43,181.37,-9.94,4,0.01,0.02,4/5,hold,38.97-52.92,-1.43,5.0,59.0,53.92,Buy time,6.04 million,Industrials,Industrial Distribution,0.713,50.2,59.44,1.0,0.85,0.25
EVAC,5.24,10.31,254.37,2.19,1,1,1,1/5,,9.9-10.33,0.29,0.0,0.1,0.1,- Buy time -,202.76 thousand,Financial Services,Shell Companies,1,10.31,12.27,1.0,0.84,2.5
TQQQ,5.25,79.6,255.32,103.63,1,1,1,1/5,,37.32-88.09,11.64,10.0,0.1,0.1,Buy,46.98 million,N/A,N/A,1,72.46,88.48,0.91,0.9,0.14
XRPR,5.32,12.85,221.89,113.97,1,1,1,1/5,,8.1-25.61,12.25,50.0,0.1,0.1,Buy,42.22 thousand,N/A,N/A,1,11.74,14.43,0.91,0.89,0.13
ATKR,5.35,94.57,428.42,7.51,3,0.61,0.48,3/5,hold,53.75-94.65,0.99,0.0,95.0,94.25,Buy,739.40 thousand,Industrials,Electrical Equipment & Parts,1.685,94.25,114.56,1.0,0.83,0.12
SCBFF,5.38,30.88,210.12,53.28,2,1,1,2/5,,18.03-31.4,6.74,2.0,0.1,0.1,Buy,3.18 thousand,Financial Services,Banks - Diversified,0.595,30.07,38.39,0.97,0.8,0.6
ACB,5.39,4.1,417.94,23.19,3,-0.71,-5.24,3/5,hold,2.56-6.665,2.44,38.0,0.1,0.1,- +Buy time -,872.14 thousand,Healthcare,Drug Manufacturers - Specialty & Generic,1.452,4.01,4.86,0.98,0.84,-0.14
GILD,5.42,150.93,95.79,19.02,4,0.62,0.13,4/5,buy,108.46-157.29,2.43,4.0,180.0,169.33,Buy time,5.54 million,Healthcare,Drug Manufacturers - General,0.35,147.52,177.32,0.98,0.85,0.02
VGRO,5.43,25.67,238.52,11.99,1,1,1,1/5,,21.461-27.117,1.49,5.0,0.1,0.1,- Buy time -,1.32 thousand,N/A,N/A,1,25.17,44.29,0.98,0.58,2.5
KODK,5.5,9.51,429.57,0.49,3,1,1,3/5,strongBuy,5.78-14.87,-0.21,36.0,12.0,12.0,- +Buy time -,689.50 thousand,Industrials,Specialty Business Services,1.577,9.34,11.51,0.98,0.83,0.48
PACB,5.71,1.62,560.91,52.27,2,0.0,-0.02,2/5,buy,1.07-2.73,3.7,41.0,3.0,2.58,Buy time,7.12 million,Healthcare,Medical Devices,2.31,1.48,1.79,0.91,0.91,0.19
MSFT,5.76,516.17,324.26,30.41,3,0.7,0.17,3/5,buy,349.2-553.72,3.84,7.000000000000001,870.0,723.63,Buy time,23.99 million,Technology,Software - Infrastructure,1.108,505.88,616.1,0.98,0.84,0.29
MGNI,6.0,23.97,590.5,18.76,3,0.02,0.22,3/5,buy,10.82-26.84,2.46,11.0,43.0,35.9,Buy time,1.59 million,Communication Services,Advertising Agencies,2.293,23.94,28.78,1.0,0.83,-0.01
SVIX,6.1,29.22,347.7,47.01,3,1,1,3/5,,14.13-29.5,5.72,1.0,0.1,0.1,- +Buy time -,1.64 million,N/A,N/A,1,28.15,34.33,0.96,0.85,0.17
STRD,6.14,73.72,924.2,33.1,1,1,1,1/5,,49.0-84.88,4.22,13.0,0.1,0.1,- Buy time -,109.48 thousand,Technology,Software - Application,3.597,72.29,86.97,0.98,0.85,0.57
REBN,6.17,1.24,403.94,140.81,0,1,1,0/5,,0.649-2.95,-1.21,57.99999999999999,0.1,0.1,- Buy time -,604.62 thousand,Consumer Cyclical,Restaurants,1.942,1.15,1.91,0.93,0.65,2.5
IQ,6.28,1.02,80.32,30.45,5,-0.06,-0.51,5/5,hold,0.86-2.7,3.63,62.0,1.9112431,1.62,Buy,6.18 million,Communication Services,Entertainment,0.182,1.01,1.22,0.99,0.84,-0.23
IBO,6.31,5.69,696.01,40.22,0,1,1,0/5,,4.683544-10.506329,2.12,46.0,0.1,0.1,Sell ALL,10.64 thousand,Healthcare,Biotechnology,2.758,6.4,7.8,1.12,0.73,2.5
QUBT,6.35,8.96,925.28,60.92,1,0.03,0.51,1/5,buy,6.18-25.84,6.81,65.0,32.0,25.33,Buy time,5.77 million,Technology,Computer Hardware,3.772,8.46,10.58,0.94,0.85,0.19
WBUY,6.44,0.83,769.27,-9.49,1,1,1,1/5,,0.623-4.96,-2.04,83.0,0.1,0.1,mere Buy (some sold),8.04 million,Consumer Cyclical,Internet Retail,2.916,0.97,18.72,1.17,0.04,2.5
TOPW,6.44,34.53,311.2,53.8,3,1,1,3/5,,31.65-56.5,6.76,39.0,0.1,0.1,Buy time,55.90 thousand,N/A,N/A,1,33.25,40.28,0.96,0.86,0.43
ETFT,6.58,9.91,258.71,-16.46,3,1,1,3/5,,8.72-11.14,-2.3,11.0,0.1,0.1,Buy time,2.08 thousand,N/A,N/A,1,9.97,17.82,1.01,0.56,2.5
CTS,6.59,59.6,267.61,34.65,4,0.23,0.41,4/5,strongBuy,36.03-69.55,4.39,14.000000000000002,80.0,75.33,- +Buy time -,206.36 thousand,Technology,Electronic Components,1.032,57.82,70.97,0.97,0.84,0.28
MTD,6.65,1511.64,370.52,68.45,3,0.86,0.08,3/5,hold,1023.05-1541.02,7.49,2.0,1600.0,1528.75,Buy,169.10 thousand,Healthcare,Diagnostics & Research,1.22,1395.71,1668.32,0.92,0.91,0.22
XP,6.76,20.51,386.64,110.38,2,0.01,0.0,2/5,buy,14.8-23.13,13.16,11.0,25.866077,24.45,Buy,6.20 million,Financial Services,Capital Markets,1.104,19.48,23.86,0.95,0.86,0.1
TECL,6.76,234.5,295.55,164.66,1,1,1,1/5,,75.16-275.4,17.9,15.0,0.1,0.1,Buy,341.84 thousand,N/A,N/A,1,206.81,254.15,0.88,0.92,0.16
TXN,6.91,278.07,350.29,46.57,4,0.51,0.33,4/5,buy,152.73-334.03,5.86,17.0,400.0,362.35,- +Buy time -,4.75 million,Technology,Semiconductors,1.314,266.74,323.61,0.96,0.86,0.05
FNGU,7.2,35.72,340.11,103.16,3,1,1,3/5,,13.485-36.78,11.93,3.0,0.1,0.1,- +Buy time -,2.56 million,N/A,N/A,1,33.12,40.74,0.93,0.88,-0.01
MYX,7.2,10.04,257.51,7.53,3,1,1,3/5,,9.85-10.05,1.0,0.0,0.1,0.1,- Buy time -,160,Financial Services,Shell Companies,1,9.98,inf,0.99,0.0,2.5
SPCE,7.22,3.19,785.33,75.73,2,0.19,0.24,2/5,hold,2.13-8.9,9.4,64.0,5.0,4.28,- +Buy time -,4.65 million,Industrials,Aerospace & Defense,2.811,3.09,3.82,0.97,0.84,0.13
MULL,7.31,26.41,358.02,228.23,0,1,1,0/5,,1.3232-43.5264,22.0,39.0,0.1,0.1,Buy time,3.44 million,N/A,N/A,1,22.71,27.74,0.86,0.95,0.28
RIOT,7.45,23.0,1022.88,99.31,1,-0.33,-1.09,1/5,buy,11.5-30.32,10.39,24.0,45.0,38.65,Buy,12.17 million,Financial Services,Capital Markets,3.832,21.31,26.79,0.93,0.86,0.17
KEEL,7.69,3.8,1086.08,106.19,1,-0.17,-3.15,1/5,buy,1.68-7.37,11.58,48.0,10.0,8.27,Buy,27.39 million,Technology,Information Technology Services,4.071,3.57,4.53,0.94,0.84,0.01
SY,7.69,2.7,579.22,107.74,0,0.65,1.02,0/5,buy,1.28-4.75,11.11,43.0,9.600787,8.45,== less Sell ALL==,3.14 million,Healthcare,Health Information Services,2.132,2.74,5.32,1.01,0.51,2.5
FRO,7.7,47.73,267.97,173.28,2,-0.04,-0.02,2/5,buy,20.47-54.91,19.13,13.0,70.0,60.38,mere Buy (some sold),3.73 million,Energy,Oil & Gas Midstream,0.063,45.73,54.57,0.96,0.87,0.05
CLSK,7.93,13.95,1093.98,110.17,1,-0.31,-1.31,1/5,buy,8.0-23.61,12.69,41.0,27.0,25.45,Buy,14.33 million,Financial Services,Capital Markets,3.851,13.05,16.28,0.94,0.86,0.06
WATT,8.23,13.95,382.3,183.37,2,-0.29,-1.37,2/5,buy,3.62-36.98,18.92,62.0,28.25,28.25,- Buy time -,156.60 thousand,Technology,Communication Equipment,1.57,12.03,14.8,0.86,0.94,0.14
RDVT,8.35,78.55,561.94,93.84,3,0.3,0.93,3/5,buy,33.4-80.39,11.52,2.0,90.0,87.25,Buy time,215.64 thousand,Technology,Software - Application,1.804,75.32,93.8,0.96,0.84,0.61
SATL,8.74,6.17,405.22,157.57,3,0.02,0.81,3/5,buy,1.255-12.0,16.86,49.0,11.0,10.6,Buy time,4.83 million,Industrials,Aerospace & Defense,1.358,5.47,6.66,0.89,0.93,0.19
TWLO,9.1,275.8,469.91,149.19,3,0.38,0.29,3/5,buy,98.44-304.75,17.16,9.0,330.0,296.52,Buy time,2.25 million,Technology,Software - Infrastructure,1.405,249.17,312.43,0.9,0.88,0.41
SMTC,9.18,182.3,806.01,223.12,1,0.16,0.28,1/5,buy,60.28-190.64,22.76,4.0,300.0,254.33,Buy,3.75 million,Technology,Semiconductors,2.353,156.39,209.23,0.86,0.87,-0.16
SONO,9.2,18.18,615.77,140.07,3,0.04,-2.65,3/5,buy,12.44-19.82,15.68,8.0,21.0,19.81,Buy time,1.76 million,Technology,Consumer Electronics,1.935,15.97,19.55,0.88,0.93,0.32
MGRX,9.23,0.47,716.98,174.89,2,1,1,2/5,,0.162-2.75,19.96,83.0,0.1,0.1,Buy,231.44 thousand,Healthcare,Health Information Services,2.049,0.42,0.52,0.89,0.9,0.1
LTRX,9.25,7.02,429.61,196.16,3,-0.0,-0.04,3/5,buy,4.37-8.75,19.37,20.0,12.0,11.12,Buy time,1.47 million,Technology,Communication Equipment,1.67,5.87,7.34,0.84,0.96,-0.08
ARM,9.39,310.32,993.91,186.68,1,0.07,0.15,1/5,buy,100.02-452.7,19.1,31.0,500.0,394.35,- Buy time -,4.14 million,Technology,Semiconductors,3.89,266.65,357.27,0.86,0.87,0.28
ALA,9.51,15.09,162.64,551.48,-3,1,1,-3/5,,7.45-24.48,31.41,38.0,0.1,0.1,Buy,3.54 thousand,N/A,N/A,1,11.05,14.41,0.73,1.05,1.18
QCOM,9.62,201.97,582.79,166.27,3,0.08,0.03,3/5,hold,121.99-259.92,19.38,22.0,400.0,297.07,Buy time,14.09 million,Technology,Semiconductors,1.679,182.53,226.24,0.9,0.89,0.15
NRXS,9.84,7.56,378.47,212.41,3,0.13,0.41,3/5,buy,2.21-9.33,21.16,19.0,13.0,12.0,Buy time,77.86 thousand,Healthcare,Biotechnology,1.453,6.37,8.05,0.84,0.94,0.29
MSTR,9.92,158.61,1030.1,208.6,1,-50.44,-10.45,1/5,buy,81.81-365.21,22.33,56.99999999999999,435.0,332.43,- +Buy time -,19.48 million,Technology,Software - Application,3.597,137.53,181.61,0.87,0.87,0.1
DELL,10.07,562.89,514.96,151.96,4,4.02,1.07,4/5,buy,110.22-595.51,17.6,5.0,735.0,656.18,- +Buy time -,7.32 million,Technology,Computer Hardware,1.409,523.37,637.52,0.93,0.88,0.26
NET,10.2,349.02,593.3,156.78,4,0.04,0.15,4/5,buy,158.83-367.43,18.37,5.0,400.0,368.4,- +Buy time -,3.36 million,Technology,Software - Infrastructure,1.664,323.64,400.61,0.93,0.87,0.01
ALZN,10.31,1.83,171.72,71.8,5,-0.19,-0.32,5/5,buy,0.84-2.68,8.74,32.0,26.0,26.0,Buy,85.02 thousand,Healthcare,Biotechnology,0.236,1.74,2.29,0.95,0.8,2.5
DTSS,10.44,0.88,167.19,215.78,2,1,1,2/5,,0.53-2.29,20.36,62.0,0.1,0.1,Buy time,36.00 thousand,Technology,Software - Infrastructure,0.789,0.74,0.93,0.84,0.95,2.5
BAND,10.6,61.81,905.57,227.33,1,0.09,0.3,1/5,strongBuy,12.5-79.08,24.14,22.0,86.0,77.3,Buy,1.13 million,Technology,Software - Infrastructure,3.03,53.79,70.74,0.87,0.87,0.76
XHLD,11.87,12.95,633.52,374.16,0,0,0,0/5,,0.764-15.427,33.98,16.0,0.1,0.1,Buy,3.52 million,Communication Services,Broadcasting,1,10.69,13.3,0.83,0.97,1.06
HMR,12.11,1.77,388.67,260.58,2,-0.04,-0.1,2/5,strongBuy,0.73-2.015,24.86,12.0,3.0,2.81,Buy,103.42 thousand,Industrials,Marine Shipping,1,1.54,1.91,0.87,0.93,2.5
meta,12.2,751.66,554.4,211.28,5,2.74,0.42,5/5,buy,520.26-779.82,23.41,4.0,1000.0,895.13,Buy time,22.32 million,Communication Services,Internet Content & Information,1.243,656.5,809.2,0.87,0.93,0.07
JFB,12.92,4.75,785.98,535.98,0,0,0,0/2,buy,2.45-17.5498,15.16,73.0,9.0,9.0,- Buy time -,464.26 thousand,Real Estate,Real Estate - Development,1,4.62,5.98,0.97,0.79,1.9
DNA,13.5,10.66,481.85,370.13,3,-0.08,-0.08,3/5,hold,5.37-17.58,32.18,39.0,9.0,8.0,Buy time,1.11 million,Healthcare,Biotechnology,1.768,7.83,10.45,0.73,1.02,0.68
BEC,16.62,20.13,597.92,475.04,3,1,1,3/5,,7.03-34.77,39.69,42.0,0.1,0.1,Buy,15.00 thousand,N/A,N/A,1,15.92,19.88,0.79,1.01,1.46
ASST,18.59,29.44,3603.97,247.42,1,0,0,1/5,buy,7.02-54.8,26.97,46.0,44.0,38.6,Buy,9.78 million,Financial Services,Asset Management,13.345,26.46,46.41,0.9,0.63,-0.06
DEFG,19.8,20.65,717.22,524.28,5,1,1,5/5,,6.17-24.8,46.97,17.0,0.1,0.1,Buy time,1.47 thousand,Financial Services,Asset Management,1,15.82,20.95,0.77,0.99,1.12
NAKA,21.36,9.99,4140.45,301.45,1,-21.05,-84.99,1/5,buy,3.33-48.0,30.53,79.0,17.0,15.17,- +Buy time -,177.68 thousand,Financial Services,Capital Markets,15.87,8.24,15.49,0.82,0.64,0.08
HUBC,113.93,1.9,-707.41,9783.67,-3,1,1,-3/5,,1.775-787500.0,59.74,100.0,0.1,0.1,Sell ALL,360.14 thousand,Technology,Software - Infrastructure,1,2.35,6.58,1.24,0.29,2.5
ALP,196.18,5.58,844.0,15976.96,5,1,1,5/5,hold,3.204-690.0,96.97,99.0,12.5,12.5,Buy time,1.02 million,Financial Services,Asset Management,0.537,3.11,9.68,0.56,0.58,-0.2
BURU,333.34,0.99,419.17,28850.64,-1,1,1,-1/4,,0.85-170.0,96.06,99.0,0.1,0.1,mere Buy (some sold),2.42 million,Industrials,Specialty Industrial Machinery,1.369,0.59,4.47,0.6,0.22,0.62
AME,5.29,250.74,244.85,20.23,3,0.17,0.09,3/5,buy,179.24-261.16,2.35,4.0,316.0,297.17,- +Buy time -,1.40 million,Industrials,Specialty Industrial Machinery,0.989,241.24,289.39,0.96,0.87,0.34
TSM,5.42,450.61,349.14,62.44,2,0.58,0.16,2/5,buy,266.82-479.0,7.55,6.0,700.0,626.13,Buy,7.95 million,Technology,Semiconductors,1.247,430.13,521.17,0.95,0.86,0.02
FBT,6.98,272.86,226.94,2.94,3,1,1,3/5,,175.01-274.99,0.29,1.0,0.1,0.1,Buy time,189.18 thousand,N/A,N/A,1,268.83,390.07,0.99,0.7,2.5
SOXL,7.36,151.45,240.48,268.72,0,1,1,0/5,,28.12-302.0,23.06,50.0,0.1,0.1,Buy,48.39 million,N/A,N/A,1,122.27,148.7,0.81,1.02,0.12
LUV,7.67,42.68,309.1,43.33,5,0.4,0.75,5/5,hold,29.26-55.11,5.15,23.0,65.0,57.61,Buy time,5.09 million,Industrials,Airlines,1.12,40.51,48.97,0.95,0.87,0.15
HSDT,11.79,2.94,426.68,306.84,3,-0.01,-0.38,3/5,strongBuy,1.185-20.5,30.27,86.0,4.0,3.75,- +Buy time -,296.10 thousand,Financial Services,Asset Management,1.071,2.4,2.98,0.82,0.99,0.05
KBSX,16.37,1.68,348.18,444.26,4,0,0,4/5,buy,0.81-1.77,39.29,5.0,4.0,3.75,Buy time,19.02 thousand,Consumer Cyclical,Leisure,0.393,1.2,1.77,0.71,0.95,1.45
GDTC,0.02,0.95,-129.66,-12.76,-1,1,1,-1/5,buy,0.68-3.68,-4.4,74.0,4.16,4.16,Buy,11.10 thousand,Healthcare,Biotechnology,0.048,0.91,1.08,0.96,0.88,0.95
WPM,0.03,142.92,259.06,-64.47,0,0.09,0.08,0/5,buy,92.57-165.76,-9.17,14.000000000000002,224.11,201.11,Sell ALL,1.92 million,Basic Materials,Gold,1.274,152.63,179.77,1.07,0.8,-0.05
MD,0.05,26.31,138.4,-17.54,-1,0.1,0.23,-1/5,hold,15.7-27.94,-2.43,6.0,28.0,27.17,Sell,628.32 thousand,Healthcare,Medical Care Facilities,0.648,26.98,31.93,1.03,0.82,-0.01
SIRI,0.06,25.86,254.35,-66.41,0,-0.07,-0.1,0/5,hold,19.77-32.66,-10.25,21.0,46.0,39.62,Sell ALL,3.37 million,Communication Services,Entertainment,0.956,28.56,33.91,1.1,0.76,0.14
RVPH,0.1,0.48,65.25,-35.88,0,0.05,-0.05,0/5,buy,0.262-17.2,-5.21,97.0,30.0,23.75,Sell,30.95 thousand,Healthcare,Biotechnology,0.501,0.53,0.63,1.1,0.76,-0.13
BOX,0.11,31.39,144.3,-39.66,0,0.01,0.02,0/5,hold,21.34-36.34,-6.37,14.000000000000002,50.0,44.36,Sell,3.57 million,Technology,Software - Infrastructure,0.736,34.68,41.95,1.1,0.75,-0.2
HSBC,0.12,100.95,116.73,-19.64,-1,-0.08,-0.03,-1/5,hold,64.65-107.92,-2.67,6.0,115.24,110.66,mere Sell (some bought),1.41 million,Financial Services,Banks - Diversified,0.571,103.42,124.07,1.02,0.81,0.18
CP,0.13,86.91,240.65,-61.81,0,0.0,-0.0,0/5,buy,68.42-96.9,-8.74,10.0,108.50364,103.73,Sell ALL,1.89 million,Industrials,Railroads,1.22,91.39,109.03,1.05,0.8,0.03
CMP,0.14,22.62,252.46,-62.44,0,-0.04,-1.22,0/5,buy,16.4-34.5,-8.97,34.0,34.0,32.38,== less Sell ALL==,359.86 thousand,Basic Materials,Other Industrial Metals & Mining,1.232,24.45,29.1,1.08,0.78,0.04
CCI,0.15,67.84,206.57,-67.28,0,0.21,0.42,0/5,hold,66.83-100.5,-9.75,32.0,120.0,107.18,mere Buy (some sold),3.73 million,Real Estate,REIT - Specialty,0.969,73.58,87.81,1.08,0.77,0.33
FOXA,0.16,63.07,49.34,-67.65,1,0.76,0.66,1/5,buy,48.34-76.39,-9.87,17.0,112.0,94.21,Sell,4.83 million,Communication Services,Entertainment,0.559,67.16,79.99,1.06,0.79,-0.07
UFPI,0.21,79.49,228.51,-56.91,0,-0.14,-0.14,0/5,buy,77.89-118.0,-8.15,33.0,115.0,108.8,Sell,416.28 thousand,Basic Materials,Lumber & Wood Production,1.228,83.63,98.68,1.05,0.81,0.03
CGTL,0.29,4.11,187.18,-48.5,0,1,1,0/5,,2.28-96.0,-7.06,96.0,0.1,0.1,mere Buy (some sold),92.38 thousand,Consumer Cyclical,Specialty Retail,1,4.44,5.38,1.08,0.76,0.02
BILL,0.3,44.25,261.17,-55.94,0,0.26,0.42,0/5,buy,31.41-57.21,-8.72,23.0,75.0,66.15,Sell,1.53 million,Technology,Software - Application,1.1,48.58,57.75,1.1,0.77,0.07
PACK,0.32,4.39,613.99,-88.16,0,0.05,0.6,0/5,buy,3.22-7.81,-15.72,44.0,8.0,7.54,Buy,468.18 thousand,Consumer Cyclical,Packaging & Containers,3.102,4.48,5.1,1.02,0.86,0.13
GM,0.36,82.63,313.71,-30.88,-1,1.44,0.52,-1/5,buy,54.33-91.85,-4.26,10.0,132.0,118.11,== less Sell ALL==,6.66 million,Consumer Cyclical,Auto Manufacturers,1.321,86.18,102.92,1.04,0.8,0.11
SLM,0.38,23.66,181.28,-85.06,1,0.17,-0.08,1/5,buy,17.77-31.06,-12.63,24.0,35.0,31.77,Sell ALL,1.95 million,Financial Services,Credit Services,0.968,25.89,31.07,1.09,0.76,0.24
SHLD,0.38,61.46,208.87,-53.35,0,1,1,0/5,,57.89-78.493,-7.58,22.0,0.1,0.1,Sell ALL,727.86 thousand,N/A,N/A,1,63.84,76.75,1.04,0.8,0.16
DBL,0.41,13.56,240.52,-23.6,-2,1,1,-2/5,,13.51-15.79,-3.23,14.000000000000002,0.1,0.1,== less Sell ALL==,52.78 thousand,Financial Services,Asset Management,1,13.97,16.59,1.03,0.82,1.1
MPL,0.46,15.95,233.09,-16.91,0,1,1,0/2,,5.71-32.8776,-0.57,51.0,0.1,0.1,Sell,44.69 thousand,N/A,N/A,1,16.78,19.22,1.05,0.83,-1.0
IBKR,0.47,89.24,332.39,-59.39,0,0.05,0.08,0/5,buy,58.95-98.75,-8.62,10.0,121.0,113.41,Buy,3.38 million,Financial Services,Capital Markets,1.349,93.37,111.35,1.05,0.8,0.05
OTEX,0.5,22.51,237.39,-44.11,0,0.28,0.27,0/5,hold,19.78-39.9,-6.87,44.0,33.0,30.48,Sell,1.04 million,Technology,Software - Application,1.028,23.75,28.43,1.06,0.79,0.01
FLOW,0.52,41.93,209.48,-39.23,0,1,1,0/5,,33.226-45.389,-5.6,8.0,0.1,0.1,mere Buy (some sold),4.22 thousand,N/A,N/A,1,43.8,54.81,1.04,0.77,-0.08
OSTX,0.54,1.66,3.4,8.83,-1,-0.05,-0.29,-1/5,buy,1.15-2.25,0.6,26.0,13.0,10.75,Sell,471.46 thousand,Healthcare,Biotechnology,1,1.75,2.15,1.05,0.77,0.27
V,0.56,367.38,139.64,-32.17,0,0.3,0.1,0/5,buy,293.89-385.57,-4.5,5.0,466.0,442.68,Sell,5.24 million,Financial Services,Credit Services,0.761,376.15,450.26,1.02,0.82,-0.02
VNQ,0.57,90.99,180.91,-52.99,0,1,1,0/5,,86.84-101.8,-7.44,11.0,0.1,0.1,Sell ALL,3.75 million,N/A,N/A,1,95.01,113.29,1.04,0.8,0.42
VZ,0.76,47.08,53.42,-44.78,1,0.1,0.09,1/5,hold,38.39-51.68,-6.61,9.0,71.0,61.28,Sell,18.55 million,Communication Services,Telecom Services,0.24,50.18,59.74,1.07,0.79,-0.09
DBA,0.8,28.54,232.34,-0.93,-1,1,1,-1/5,,25.4-29.52,-0.18,3.0,0.1,0.1,Sell,1.84 million,N/A,N/A,1,28.97,34.51,1.02,0.83,0.02
GDT,0.81,34.75,198.88,-56.28,-2,1,1,-2/5,,33.07-46.14,-7.9,25.0,0.1,0.1,Sell ALL,2.32 thousand,N/A,N/A,1,35.87,48.23,1.03,0.72,2.5
ELF,0.94,99.51,423.37,-47.35,0,1.06,1.56,0/5,buy,48.82-147.75,-7.5,33.0,127.0,114.56,Buy,1.51 million,Consumer Defensive,Household & Personal Products,1.595,103.47,122.37,1.04,0.81,-0.01
TVE,1.0,23.22,241.0,-8.6,-2,-0.33,-2.22,-2/5,buy,22.83-24.73,-1.16,6.0,7.25,6.24,Sell ALL,10.80 thousand,N/A,N/A,1,23.46,28.36,1.01,0.82,1.3
MCO,1.0,468.7,303.97,-67.7,1,0.54,0.13,1/5,buy,402.28-546.88,-9.78,14.000000000000002,610.0,585.95,Buy,701.52 thousand,Financial Services,Financial Data & Stock Exchanges,1.334,490.23,581.02,1.05,0.81,-0.02
IVZ,1.07,30.92,353.26,-47.6,0,0.04,0.06,0/5,hold,20.67-33.66,-6.66,8.0,39.0,36.52,- Buy time -,4.63 million,Financial Services,Asset Management,1.605,32.27,38.29,1.04,0.81,0.24
MBIO,1.09,0.52,415.66,-53.82,0,16.13,2.15,0/5,,0.466-1.85,-7.69,72.0,0.1,0.1,Buy,18.46 thousand,Healthcare,Biotechnology,2.048,0.54,0.65,1.04,0.8,0.25
STRS,1.12,18.35,269.95,-28.63,-1,1,1,-1/5,,18.02-32.93,-3.92,44.0,0.1,0.1,Sell,21.40 thousand,Real Estate,Real Estate - Diversified,1.144,18.87,23.19,1.03,0.79,0.94
UPC,1.21,4.75,285.89,-58.07,1,1,1,1/5,,2.0-17.96,-12.0,74.0,0.1,0.1,Buy,41.82 thousand,Healthcare,Drug Manufacturers - Specialty & Generic,1.588,4.92,6.03,1.04,0.79,0.38
LQ,1.22,23.86,246.94,-2.56,-1,1,1,-1/5,,23.5-25.22,-0.38,5.0,0.1,0.1,Sell,180,N/A,N/A,1,24.09,30.8,1.01,0.77,0.44
ARE,1.33,49.93,193.83,-40.59,1,1.99,13.86,1/5,hold,39.41-85.37,-6.09,42.0,60.0,56.71,Sell,1.79 million,Real Estate,REIT - Office,1.168,51.91,61.88,1.04,0.81,-0.06
DIS,1.34,106.15,324.32,-23.94,0,0.28,0.16,0/5,buy,92.19-117.09,-3.28,9.0,144.0,135.37,Sell,8.21 million,Communication Services,Entertainment,1.409,108.04,127.89,1.02,0.83,-0.03
TCEHY,1.35,55.65,200.63,-8.89,0,-0.76,-0.1,0/5,strongBuy,52.84-87.68,-1.46,37.0,106.66268,101.68,Sell,3.02 million,Communication Services,Internet Content & Information,0.74,56.26,67.53,1.01,0.82,-0.01
CINF,1.36,162.54,111.93,-38.52,1,-0.23,-0.13,1/5,hold,150.0-194.81,-5.45,17.0,200.0,195.83,Sell,479.68 thousand,Financial Services,Insurance - Property & Casualty,0.545,169.76,205.16,1.04,0.79,0.13
FID,1.37,22.61,233.04,-16.28,0,1,1,0/5,,19.16-23.36,-2.21,3.0,0.1,0.1,Sell,10.14 thousand,N/A,N/A,1,22.88,27.35,1.01,0.83,0.08
SNTI,1.39,0.33,499.91,-97.81,0,0.07,0.03,0/5,buy,0.29-2.88,-17.33,89.0,15.0,14.25,- Buy time -,270.24 thousand,Healthcare,Biotechnology,2.124,0.35,0.45,1.06,0.73,1.83
PTON,1.4,4.92,610.66,-61.41,0,-0.01,-0.13,0/5,hold,3.65-9.2,-8.94,47.0,20.0,13.95,Buy,7.77 million,Consumer Cyclical,Leisure,2.528,5.18,6.12,1.05,0.8,0.18
QNT,1.41,49.53,206.57,-53.04,1,0,0,1/5,buy,46.54-86.79,-7.59,43.0,155.0,126.08,- Buy time -,1.21 million,Technology,Software - Application,1,51.58,61.35,1.04,0.81,0.29
BA,1.44,198.07,251.25,-49.65,1,0.02,-0.71,1/5,buy,176.77-254.35,-7.08,22.0,305.0,289.25,Sell ALL,4.63 million,Industrials,Aerospace & Defense,1.213,208.8,247.74,1.05,0.8,0.09
Amzn,1.5,249.67,337.15,-30.78,0,5.05,2.83,0/5,buy,196.0-287.2,-4.25,13.0,405.0,367.27,Buy,32.72 million,Consumer Cyclical,Internet Retail,1.443,256.74,304.04,1.03,0.82,0.27
BITC,1.5,38.65,215.16,-36.98,0,1,1,0/5,,35.09-47.14,-5.13,18.0,0.1,0.1,mere Buy (some sold),6.20 thousand,N/A,N/A,1,40.01,53.15,1.04,0.73,0.81
BUL,1.55,61.51,198.99,-44.98,0,1,1,0/5,,50.343-65.7,-6.26,6.0,0.1,0.1,mere Buy (some sold),12.20 thousand,N/A,N/A,1,63.47,82.67,1.03,0.74,1.12
CEG,1.66,263.27,273.27,-40.82,1,0.41,0.17,1/5,buy,228.63-412.7,-6.17,36.0,441.0,394.14,Buy,2.35 million,Utilities,Utilities - Independent Power Producers,1.117,278.56,329.96,1.06,0.8,0.04
KO,1.68,87.81,56.07,-14.42,1,0.09,0.1,1/5,buy,65.35-92.49,-1.98,5.0,104.0,99.35,Sell,15.64 million,Consumer Defensive,Beverages - Non-Alcoholic,0.342,89.26,108.47,1.02,0.81,-0.02
PAYS,1.69,12.67,174.58,-25.65,1,0.02,0.19,1/5,buy,3.08-14.43,-4.42,12.0,15.0,14.25,Buy,836.72 thousand,Technology,Software - Infrastructure,0.801,13.28,15.84,1.05,0.8,0.01
AFL,1.78,113.72,106.7,-23.41,1,-0.06,-0.03,1/5,hold,105.43-130.22,-3.28,13.0,138.0,128.27,Sell,2.28 million,Financial Services,Insurance - Life,0.58,116.5,140.82,1.02,0.81,0.16
LEGO,1.83,10.0,250.0,1.51,1,1,1,1/5,,9.8-10.0,0.2,0.0,0.1,0.1,Buy,41.52 thousand,Financial Services,Shell Companies,1,9.99,57.1,1.0,0.18,-0.88
SIM,1.85,28.85,31.34,-26.85,-1,1,1,-1/5,,25.2-34.59,-4.96,17.0,0.1,0.1,- Buy time -,23.16 thousand,Basic Materials,Steel,0.148,29.47,84.62,1.02,0.34,2.5
BMBL,1.87,2.66,480.43,-16.37,0,0.3,1.31,0/5,hold,2.54-6.335,-3.38,57.99999999999999,5.0,4.39,Sell,2.03 million,Communication Services,Internet Content & Information,1.863,2.89,3.46,1.09,0.77,-0.05
LGMK,1.88,1.08,277.8,-56.04,-1,0.33,0.15,-1/5,strongBuy,0.35-3.0,-8.61,64.0,2.25,2.25,Sell ALL,6.66 thousand,Healthcare,Health Information Services,1.543,1.19,1.61,1.1,0.67,2.5
Coke,1.92,190.29,96.81,-12.41,1,0,0,1/5,,114.15-219.65,-1.96,13.0,0.1,0.1,Sell,501.96 thousand,Consumer Defensive,Beverages - Non-Alcoholic,0.547,195.9,235.21,1.03,0.81,0.07
UBT,1.95,13.79,173.22,-67.58,0,1,1,0/5,,13.6-18.48,-9.6,25.0,0.1,0.1,Sell ALL,69.72 thousand,N/A,N/A,1,14.56,17.28,1.06,0.8,2.22
NE,1.96,42.82,255.62,-29.5,1,-0.12,-0.68,1/5,hold,26.695-54.98,-4.41,22.0,59.0,53.73,Sell,1.14 million,Energy,Oil & Gas Drilling,0.928,46.03,55.59,1.07,0.77,0.08
ARBE,1.97,0.63,118.14,-25.27,0,-0.01,-0.14,0/5,buy,0.552-2.88,-5.51,78.0,3.5,3.12,Sell ALL,1.93 million,Technology,Scientific & Technical Instruments,1.119,0.72,0.88,1.14,0.72,1.49
CHKP,1.98,131.24,137.62,18.13,0,0.2,0.08,0/5,hold,112.23-210.66,1.67,38.0,201.0,173.41,mere Buy (some sold),1.08 million,Technology,Software - Infrastructure,0.501,136.78,165.47,1.04,0.79,0.17
RVLV,2.05,21.2,348.14,-69.16,2,0.04,0.19,2/5,buy,17.35-31.68,-10.19,33.0,37.0,33.92,- +Buy time -,768.58 thousand,Consumer Cyclical,Internet Retail,1.618,21.83,25.27,1.03,0.84,0.05
TSLS,2.09,54.65,185.54,-58.8,2,1,1,2/5,,46.2-69.83,-8.54,22.0,0.1,0.1,mere Buy (some sold),373.64 thousand,N/A,N/A,1,57.73,69.63,1.06,0.78,0.29
VSS,2.2,157.39,234.07,-12.82,1,1,1,1/5,,136.63-162.91,-1.75,3.0,0.1,0.1,Buy,138.70 thousand,N/A,N/A,1,158.71,187.97,1.01,0.84,-0.09
WLFC,2.22,54.33,158.24,-6.93,1,0.81,0.9,1/5,buy,38.003334-81.54,-1.07,33.0,80.0,77.75,Buy,172.54 thousand,Industrials,Rental & Leasing Services,0.716,55.49,66.71,1.02,0.81,0.02
IJK,2.26,110.57,206.66,-30.26,1,1,1,1/5,,91.3-119.39,-4.18,7.000000000000001,0.1,0.1,Buy,269.28 thousand,N/A,N/A,1,112.25,131.85,1.02,0.84,0.51
JEPI,2.27,56.76,240.74,-13.19,1,1,1,1/5,,55.1-59.9,-1.81,5.0,0.1,0.1,Buy,4.41 million,N/A,N/A,1,57.08,68.04,1.01,0.83,-0.03
MCVT,2.3,27.55,231.89,-18.5,0,1,1,0/5,,24.41-28.96,-2.52,5.0,0.1,0.1,- Buy time -,19.88 thousand,N/A,N/A,1,27.84,33.58,1.01,0.82,1.07
PG,2.31,146.23,90.99,6.67,1,0.05,0.04,1/5,hold,137.62-167.25,0.84,13.0,186.0,173.3,Sell,9.17 million,Consumer Defensive,Household & Personal Products,0.377,145.79,175.2,1.0,0.83,-0.04
KR,2.41,58.74,61.25,7.38,1,0.12,0.1,1/5,hold,54.15-76.58,0.39,23.0,85.0,76.45,Sell,8.37 million,Consumer Defensive,Grocery Stores,0.406,59.2,71.06,1.01,0.83,0.19
PFE,2.41,28.67,77.81,10.67,1,0.12,0.17,1/5,hold,23.62-29.21,1.29,2.0,35.75,32.31,Buy,35.60 million,Healthcare,Drug Manufacturers - General,0.299,28.26,33.86,0.99,0.85,0.01
LUNR,2.45,15.61,320.65,-15.44,1,-0.08,-1.15,1/5,buy,7.78-46.75,-3.2,67.0,43.0,36.25,Buy,5.90 million,Industrials,Aerospace & Defense,1.851,15.6,18.35,1.0,0.85,0.08
ONDS,2.52,7.64,602.57,-50.83,1,-0.07,-1.72,1/5,buy,4.95-15.28,-7.59,50.0,25.0,22.21,Buy,55.23 million,Technology,Communication Equipment,2.736,7.81,9.18,1.02,0.83,0.16
LNZA,2.54,6.03,361.78,-15.59,1,1.67,0.58,1/5,hold,5.02-44.0,-2.49,86.0,0.1,0.1,Buy,49.52 thousand,Industrials,Waste Management,1.353,6.28,7.51,1.04,0.8,-0.03
STNE,2.55,9.3,343.52,-29.72,0,-0.05,-0.02,0/5,buy,9.05-19.95,-4.52,53.0,23.32472,18.87,Sell ALL,10.33 million,Technology,Software - Infrastructure,1.616,9.91,12.94,1.07,0.72,1.32
RISE,2.56,18.52,221.89,-27.53,-1,1,1,-1/5,,17.53-19.66,-3.78,6.0,0.1,0.1,Sell ALL,1.82 thousand,N/A,N/A,1,19.1,22.3,1.03,0.83,2.5
MSCI,2.59,551.36,313.6,-16.55,1,0.05,0.01,1/5,buy,501.08-644.77,-2.33,14.000000000000002,760.0,726.03,Buy,435.66 thousand,Financial Services,Financial Data & Stock Exchanges,1.219,561.32,667.0,1.02,0.83,0.16
WOOD,2.59,69.31,210.19,-32.53,0,1,1,0/5,,64.53-83.32,-4.47,17.0,0.1,0.1,mere Buy (some sold),30.34 thousand,N/A,N/A,1,71.31,94.84,1.03,0.73,1.79
Wood,2.59,69.31,210.19,-32.53,0,1,1,0/5,,64.53-83.32,-4.47,17.0,0.1,0.1,mere Buy (some sold),30.34 thousand,N/A,N/A,1,71.31,94.84,1.03,0.73,1.79
CHEF,2.6,110.27,315.15,-10.7,1,0.34,0.92,1/5,buy,53.2-117.65,-1.58,6.0,131.0,126.5,Buy,614.08 thousand,Consumer Defensive,Food Distribution,1.38,113.6,134.93,1.03,0.82,0.02
SNAP,2.62,5.42,290.37,3.31,1,0.04,0.44,1/5,hold,3.81-9.13,0.0,41.0,16.0,11.7,mere Buy (some sold),43.85 million,Communication Services,Internet Content & Information,1.05,5.77,6.83,1.06,0.79,-0.21
ROBO,2.62,81.06,225.34,0.23,1,1,1,1/5,,62.796-90.51,-0.15,10.0,0.1,0.1,Buy,99.10 thousand,N/A,N/A,1,80.11,95.73,0.99,0.85,0.04
PM,2.71,190.48,90.48,-13.26,2,0.28,0.14,2/5,buy,142.11-207.76,-1.9,8.0,230.0,219.07,Sell,4.27 million,Consumer Defensive,Tobacco,0.395,193.27,231.41,1.01,0.82,-0.03
SNT,2.78,1.61,233.28,-50.75,0,1,1,0/5,,1.43-5.34,-7.45,70.0,0.1,0.1,Buy,10.58 thousand,Industrials,Security & Protection Services,1.17,1.69,1.95,1.05,0.83,2.44
AMTD,2.87,0.73,132.51,-39.27,0,0,0,0/5,,0.7-1.65,-5.46,56.00000000000001,0.1,0.1,Buy,6.26 thousand,Financial Services,Asset Management,0.639,0.78,0.95,1.07,0.77,2.5
VRSN,2.96,287.25,153.6,-13.99,2,0.12,0.05,2/5,buy,208.86-312.48,-2.0,8.0,355.0,339.7,Sell ALL,603.22 thousand,Technology,Software - Infrastructure,0.699,294.92,353.95,1.03,0.81,0.05
SHOP,3.11,142.25,663.48,-29.4,1,0.05,0.14,1/5,buy,94.0-182.19,-5.65,22.0,220.0,196.39,- +Buy time -,7.40 million,Technology,Software - Application,2.616,142.46,169.94,1.0,0.84,0.11
REXR,3.12,37.47,289.62,5.07,1,0.19,0.73,1/5,hold,32.14-44.38,0.53,16.0,45.0,42.66,mere Buy (some sold),2.44 million,Real Estate,REIT - Industrial,1.202,37.91,46.54,1.01,0.81,0.21
PHM,3.14,119.85,262.22,-56.45,3,0.1,0.04,3/5,buy,108.49-144.5,-8.26,17.0,166.0,153.4,- +Buy time -,1.51 million,Consumer Cyclical,Residential Construction,1.201,123.26,145.36,1.03,0.82,0.14
ROK,3.15,434.15,352.38,4.94,1,0.53,0.18,1/5,hold,332.71-497.36,0.55,13.0,550.0,513.42,Buy,713.14 thousand,Industrials,Specialty Industrial Machinery,1.515,430.12,514.47,0.99,0.84,0.05
MTVA,3.15,1.66,297.13,-3.94,1,-0.08,-0.1,1/5,strongBuy,0.966-14.85,-1.2,89.0,30.0,24.67,Buy,51.62 thousand,Healthcare,Biotechnology,0.941,1.72,2.06,1.04,0.81,0.51
DUOL,3.16,143.51,269.79,18.18,1,-0.48,-0.3,1/5,hold,87.89-353.0,1.83,59.0,210.0,172.15,mere Buy (some sold),968.48 thousand,Technology,Software - Application,0.89,148.85,179.94,1.04,0.8,0.02
NNE,3.23,16.99,1256.45,-57.4,0,0.16,0.6,0/5,buy,14.71-60.87,-8.89,72.0,50.0,43.79,Buy,1.41 million,Industrials,Specialty Industrial Machinery,5.399,17.9,19.93,1.05,0.85,-0.02
HLT,3.32,313.96,223.98,-41.69,3,0.06,0.03,3/5,buy,253.54-358.0,-5.92,12.0,394.0,373.5,Buy time,1.70 million,Consumer Cyclical,Lodging,1.056,318.27,381.77,1.01,0.82,0.02
Q,3.35,124.69,219.33,-2.32,2,0.28,0.28,2/5,buy,70.5-177.28,-1.14,30.0,189.0,182.88,Buy,1.68 million,Technology,Semiconductor Equipment & Materials,1,124.2,147.8,1.0,0.84,0.01
XOM,3.39,160.59,107.05,12.93,2,0.63,0.28,2/5,hold,110.39-176.41,1.49,9.0,200.0,186.27,Sell,14.63 million,Energy,Oil & Gas Integrated,0.175,164.3,196.3,1.02,0.82,-0.06
HURA,3.39,2.1,250.0,-9.35,2,-0.01,-0.09,2/5,strongBuy,0.41-3.43,-1.43,39.0,10.0,9.02,Buy,191.90 thousand,Healthcare,Biotechnology,1,2.12,2.58,1.01,0.81,0.07
ACHR,3.42,5.61,783.5,-36.13,1,0.09,0.36,1/5,buy,4.3-14.62,-5.17,62.0,18.0,14.31,Buy time,24.92 million,Industrials,Aerospace & Defense,3.234,5.82,6.81,1.04,0.82,0.08
WTS,3.46,357.79,237.5,-38.97,3,0.67,0.23,3/5,hold,260.0-394.54,-5.51,9.0,447.0,425.5,Buy time,162.14 thousand,Industrials,Specialty Industrial Machinery,1.133,362.77,431.41,1.01,0.83,0.05
MDAI,3.48,1.59,285.7,-8.99,2,0.01,0.04,2/5,buy,1.18-2.97,-1.26,46.0,6.25,5.68,== less Sell ALL==,96.92 thousand,Healthcare,Medical Devices,1.181,1.62,1.96,1.02,0.81,0.03
SPXS,3.5,23.91,274.39,-12.84,2,1,1,2/5,,23.4-44.83,-2.09,47.0,0.1,0.1,Sell ALL,13.21 million,N/A,N/A,1,24.98,30.18,1.04,0.79,0.22
SPXU,3.5,33.59,268.88,-13.52,2,1,1,2/5,,32.82-62.85,-2.16,47.0,0.1,0.1,Sell ALL,6.59 million,N/A,N/A,1,35.08,42.08,1.04,0.8,0.25
WMS,3.6,133.13,261.7,-41.47,3,0.47,0.28,3/5,buy,124.75-179.315,-6.1,26.0,207.0,194.62,Buy time,673.52 thousand,Industrials,Building Products & Equipment,1.279,135.07,158.19,1.01,0.84,0.2
GEV,3.64,957.63,217.39,8.45,2,14.73,7.49,2/5,buy,530.16-1195.94,0.47,20.0,1450.0,1343.67,Buy,2.14 million,Industrials,Specialty Industrial Machinery,0.967,935.12,1121.97,0.98,0.85,0.01
SNPS,3.77,425.76,303.71,44.53,1,0.43,0.12,1/5,buy,362.55-539.48,3.7,21.0,700.0,626.89,Buy,2.22 million,Technology,Software - Infrastructure,1.227,418.87,503.15,0.98,0.85,0.03
WEEL,3.84,20.06,234.04,-1.76,1,1,1,1/5,,18.98-23.94,-0.33,16.0,0.1,0.1,Sell ALL,24.58 thousand,N/A,N/A,1,20.26,25.94,1.01,0.77,1.27
LLY,3.86,1183.46,101.8,-2.46,3,3.56,0.53,3/5,buy,716.08-1292.65,-0.5,8.0,1600.0,1462.69,Buy time,2.37 million,Healthcare,Drug Manufacturers - General,0.502,1178.4,1427.92,1.0,0.83,-0.09
ARKW,3.93,163.88,269.06,43.13,1,1,1,1/5,,113.36-183.0,5.41,10.0,0.1,0.1,Buy,46.94 thousand,N/A,N/A,1,158.42,192.12,0.97,0.85,0.13
DHI,3.95,141.51,309.63,-37.59,3,0.31,0.12,3/5,hold,131.75-176.22,-5.47,20.0,206.0,182.46,Buy time,2.60 million,Consumer Cyclical,Residential Construction,1.371,143.68,170.02,1.02,0.83,0.29
WULF,4.23,15.74,1083.23,-1.36,0,-0.07,-0.28,0/5,buy,10.47-29.84,-1.46,47.0,62.5,48.1,Buy,24.66 million,Financial Services,Capital Markets,4.248,16.15,19.28,1.03,0.82,0.08
BIO,4.3,381.0,269.68,-13.84,3,0.77,0.45,3/5,hold,236.73-396.23,-2.01,4.0,390.0,359.38,Buy,326.04 thousand,Healthcare,Medical Devices,1.07,387.41,465.17,1.02,0.82,0.13
DG,4.3,124.84,81.29,13.27,3,0.59,0.3,3/5,hold,95.11-158.23,1.65,21.0,176.0,158.38,- +Buy time -,2.94 million,Consumer Defensive,Discount Stores,0.235,126.69,152.9,1.01,0.82,-0.0
TATASTEEL.NS,4.31,187.97,228.78,4.78,0,-0.97,-0.39,0/5,buy,160.06-224.4,0.55,16.0,260.0,239.04,- Buy time -,27.73 million,Basic Materials,Steel,0.857,188.45,223.79,1.0,0.84,2.5
MPWR,4.33,1367.43,319.29,51.01,1,0.82,0.15,1/5,buy,833.18-1714.09,4.65,20.0,2100.0,1969.9,Buy,532.46 thousand,Technology,Semiconductors,1.664,1268.71,1520.94,0.93,0.9,0.37
KLAC,4.33,187.92,307.41,23.26,2,0.07,0.08,2/5,buy,98.097-307.37,2.18,39.0,325.0,279.38,Buy,7.85 million,Technology,Semiconductor Equipment & Materials,1.444,180.83,217.24,0.96,0.87,0.08
ANET,4.39,206.55,386.15,18.6,2,0.19,0.23,2/5,buy,114.52-214.89,2.08,4.0,289.0,265.46,- +Buy time -,4.96 million,Technology,Computer Hardware,1.617,200.22,241.08,0.97,0.86,-0.04
RBC,4.41,506.1,317.31,-9.74,3,0.75,0.22,3/5,buy,364.5-667.69,-1.55,24.0,686.0,658.33,- +Buy time -,298.84 thousand,Industrials,Tools & Accessories,1.395,499.28,596.9,0.99,0.85,-0.01
KMDA,4.42,8.72,27.17,32.5,3,0.0,0.03,3/5,buy,6.5-9.35,3.9,7.000000000000001,15.0,14.25,- +Buy time -,144.44 thousand,Healthcare,Drug Manufacturers - Specialty & Generic,0.141,8.42,10.32,0.97,0.84,-0.17
DXCM,4.42,86.62,392.13,-17.55,3,0.18,0.34,3/5,buy,54.11-92.59,-2.7,6.0,115.0,104.74,Buy,3.64 million,Healthcare,Medical Devices,1.419,88.15,105.13,1.02,0.82,-0.01
Ai,4.59,10.65,549.63,75.53,0,0.1,0.35,0/5,hold,7.675-20.22,8.92,47.0,12.0,10.15,Sell,4.60 million,Technology,Software - Infrastructure,2.093,10.65,13.03,1.0,0.82,0.09
CJMB,4.62,2.21,292.35,39.72,2,1,1,2/5,,0.65-5.61,4.98,61.0,0.1,0.1,Sell ALL,105.60 thousand,Industrials,Integrated Freight & Logistics,1,2.24,2.66,1.01,0.83,-0.07
ICU,4.63,3.42,4.81,75.38,2,-0.02,-0.03,2/5,strongBuy,2.07-7.35,8.77,53.0,12.0,11.0,Buy,43.28 thousand,Healthcare,Biotechnology,1,3.27,4.02,0.96,0.85,0.01
ETH,4.68,25.72,246.0,70.83,1,1,1,1/5,,14.53-44.835,8.42,43.0,0.1,0.1,Buy,3.66 million,N/A,N/A,1,24.12,30.6,0.94,0.84,0.31
Eth,4.68,25.72,246.0,70.83,1,1,1,1/5,,14.53-44.835,8.42,43.0,0.1,0.1,Buy,3.66 million,N/A,N/A,1,24.12,30.6,0.94,0.84,0.31
MSGM,4.69,4.28,352.23,63.1,0,0,0,0/5,strongBuy,2.105-5.558,6.31,23.0,9.0,9.0,mere Sell (some bought),45.90 thousand,Communication Services,Electronic Gaming & Multimedia,1.727,4.43,5.32,1.04,0.8,1.22
PWR,4.73,649.13,315.72,39.89,2,1.58,0.6,2/5,buy,404.51-788.75,4.99,18.0,976.0,872.81,Buy,903.98 thousand,Industrials,Engineering & Construction,1.2,628.19,768.17,0.97,0.85,-0.04
FIX,4.74,1658.91,449.63,21.85,2,5.77,0.74,2/5,buy,770.47-2073.99,2.61,20.0,2500.0,2348.5,Buy,319.82 thousand,Industrials,Engineering & Construction,1.676,1620.57,1954.35,0.98,0.85,0.02
BBY,4.79,90.51,386.69,41.99,2,0.14,0.11,2/5,hold,55.1-96.53,4.4,6.0,100.0,93.35,Sell,4.30 million,Consumer Cyclical,Specialty Retail,1.305,88.89,107.88,0.98,0.84,-0.16
SXTP,4.81,1.17,498.77,115.33,0,-0.19,-0.19,0/5,buy,0.84-8.62,7.69,86.0,3.7,3.7,Buy,72.94 thousand,Healthcare,Biotechnology,2.537,1.06,1.29,0.91,0.91,0.16
ADV,4.84,33.12,543.22,7.15,2,-6.14,-3.38,2/5,buy,12.225-47.45,0.94,30.0,50.0,46.0,Buy time,53.98 thousand,Communication Services,Advertising Agencies,2.109,33.97,41.07,1.03,0.81,0.18
FTC,4.89,179.14,205.18,-5.09,1,1,1,1/5,,147.94-194.18,-0.82,8.0,0.1,0.1,Buy,32.62 thousand,N/A,N/A,1,177.24,228.67,0.99,0.78,2.5
JCI,4.9,150.2,332.18,36.04,2,0.19,0.15,2/5,buy,104.49-157.06,4.18,4.0,194.0,179.57,Buy,3.23 million,Industrials,Building Products & Equipment,1.304,143.75,173.53,0.96,0.87,0.21
SCHB,4.98,29.67,251.52,3.72,3,1,1,3/5,,24.28-30.15,0.47,2.0,0.1,0.1,Buy time,7.62 million,N/A,N/A,1,29.48,36.21,0.99,0.82,0.4
Nvda,5.04,225.07,619.03,56.73,1,0.23,0.12,1/5,buy,164.27-236.54,6.95,5.0,515.0,421.35,Buy,117.65 million,Technology,Semiconductors,2.217,219.26,268.47,0.97,0.84,-0.15
WS,5.08,36.26,556.71,59.2,1,-0.2,-0.43,1/5,buy,27.22-49.17,6.92,26.0,46.0,46.0,Buy,269.52 thousand,Basic Materials,Steel,2.255,34.6,41.83,0.95,0.87,0.05
TGTX,5.11,57.43,425.71,35.36,2,-0.49,-1.24,2/5,buy,26.76-59.3,4.18,3.0,86.0,77.86,Buy,1.40 million,Healthcare,Biotechnology,1.662,55.78,67.34,0.97,0.85,0.14
SAC,5.11,10.08,248.52,-2.22,1,1,1,1/5,,9.9-11.015,-0.3,8.0,0.1,0.1,Sell ALL,40.34 thousand,Financial Services,Shell Companies,1,10.11,12.25,1.0,0.82,2.5
SRAD,5.12,13.24,420.19,18.25,2,-0.09,-1.62,2/5,buy,11.55-29.41,2.19,55.00000000000001,36.25854,27.31,mere Buy (some sold),2.14 million,Technology,Software - Application,1.582,13.24,16.4,1.0,0.81,0.58
JG,5.15,6.79,186.96,33.72,3,1,1,3/5,,3.2-8.96,4.27,24.0,0.1,0.1,Buy,3.84 thousand,Technology,Software - Application,0.635,6.65,8.09,0.98,0.84,0.02
ULTA,5.3,545.2,211.82,2.92,4,1.18,0.18,4/5,buy,443.6-714.97,0.37,24.0,731.0,680.82,Buy,652.76 thousand,Consumer Cyclical,Specialty Retail,0.854,548.3,658.15,1.01,0.83,-0.05
MRVL,5.31,261.94,636.91,70.61,1,0.01,0.02,1/5,buy,70.69-329.88,6.43,21.0,400.0,344.9,Buy,16.47 million,Technology,Semiconductors,2.253,238.6,290.84,0.91,0.9,-0.04
WEBL,5.44,29.28,329.16,17.16,3,1,1,3/5,,14.9-34.52,1.79,15.0,0.1,0.1,Buy,72.10 thousand,N/A,N/A,1,29.49,36.27,1.01,0.81,0.32
WEBl,5.44,29.28,329.16,17.16,3,1,1,3/5,,14.9-34.52,1.79,15.0,0.1,0.1,Buy,72.10 thousand,N/A,N/A,1,29.49,36.27,1.01,0.81,0.32
BTCS,5.45,1.53,758.68,55.15,1,-2.92,-284.0,1/5,,0.963-6.15,5.23,75.0,0.1,0.1,Buy,1.57 million,Financial Services,Capital Markets,3.393,1.44,1.78,0.94,0.86,0.03
DOCU,5.46,67.5,352.28,105.96,1,0.17,0.17,1/5,hold,40.16-82.44,12.1,18.0,86.0,78.0,mere Buy (some sold),3.59 million,Technology,Software - Application,0.9,67.14,80.38,0.99,0.84,-0.02
GSG,5.48,35.89,304.88,66.14,2,1,1,2/5,,22.37-37.3,8.02,4.0,0.1,0.1,Sell,1.06 million,N/A,N/A,1,35.55,43.39,0.99,0.83,0.12
XRP,5.51,17.59,216.27,114.99,1,1,1,1/5,,11.08-26.88,12.34,35.0,0.1,0.1,Buy,2.29 million,N/A,N/A,1,16.11,19.6,0.92,0.9,0.32
SPAL,5.63,16.63,417.35,82.83,1,1,1,1/5,,8.91-46.57,9.8,64.0,0.1,0.1,Buy,876.08 thousand,N/A,N/A,1,16.59,20.54,1.0,0.81,0.45
AMID,5.65,36.36,238.07,-9.0,3,1,1,3/5,,31.22-37.82,-1.26,4.0,0.1,0.1,Buy,28.58 thousand,N/A,N/A,1,36.35,47.73,1.0,0.76,1.44
JNJ,5.72,271.22,66.36,3.56,5,0.07,0.02,5/5,buy,179.8-281.07,0.45,4.0,320.0,298.95,- +Buy time -,5.88 million,Healthcare,Drug Manufacturers - General,0.235,270.28,326.43,1.0,0.83,-0.11
KN,5.74,37.53,437.09,65.13,2,0.06,0.22,2/5,buy,20.57-42.93,7.97,13.0,48.0,45.88,Buy,611.60 thousand,Technology,Electronic Components,1.595,35.61,43.22,0.95,0.87,-0.01
UNFI,5.8,45.85,234.1,-30.82,5,0.11,0.29,5/5,hold,30.57-57.02,-4.65,20.0,61.0,57.0,- +Buy time -,660.16 thousand,Consumer Defensive,Food Distribution,0.807,46.13,54.86,1.01,0.84,0.4
HOOD,5.91,119.4,668.43,76.91,1,0.18,0.42,1/5,buy,63.515-153.86,9.1,22.0,170.0,150.04,Buy,17.80 million,Financial Services,Capital Markets,2.34,113.62,139.34,0.95,0.86,0.11
ALAR,5.95,1.78,245.11,92.42,0,0.1,7.0,0/5,buy,1.16-16.56,6.18,89.0,16.0,16.0,mere Buy (some sold),327.98 thousand,Technology,Software - Infrastructure,0.572,1.92,3.57,1.08,0.5,2.5
INLF,6.0,5.1,-34.17,309.57,-3,1,1,-3/5,,2.12-4544.0,17.25,100.0,0.1,0.1,Buy,9.88 million,Industrials,Specialty Industrial Machinery,1,4.39,138.66,0.86,0.04,2.5
QYLD,6.09,18.55,276.02,23.7,4,1,1,4/5,,16.625-18.58,3.09,0.0,0.1,0.1,Buy time,3.97 million,N/A,N/A,1,18.23,22.04,0.98,0.84,0.02
CORZ,6.22,17.34,1373.28,4.37,1,-0.04,-0.92,1/5,buy,13.355-30.46,-0.46,43.0,55.0,44.45,Buy,9.41 million,Technology,Software - Infrastructure,5.485,17.61,21.51,1.02,0.81,0.1
REX,6.28,42.84,182.19,6.02,5,0.13,0.7,5/5,,30.3-53.36,0.7,20.0,0.1,0.1,- +Buy time -,185.36 thousand,Basic Materials,Chemicals,0.628,42.75,50.85,1.0,0.84,0.04
PD,6.29,14.38,310.72,134.02,1,0.08,0.33,1/5,hold,5.7-16.91,15.23,15.0,15.0,13.82,Sell ALL,1.65 million,Technology,Software - Application,0.965,14.08,17.36,0.98,0.83,0.28
NNVC,6.41,1.44,423.46,145.05,1,-0.01,-0.12,1/5,buy,0.85-2.23,11.11,35.0,6.0,6.0,Buy,465.06 thousand,Healthcare,Biotechnology,1.658,1.26,1.55,0.88,0.93,0.38
ICON,6.48,1.0,1351.17,20.33,1,1.82,0.19,1/5,strongBuy,0.784-10.85,1.5,91.0,3.0,3.0,Buy,14.90 thousand,Industrials,Marine Shipping,5.574,0.99,1.17,0.99,0.85,0.04
BFLY,6.49,9.39,535.8,86.22,2,0.04,1.07,2/5,buy,1.865-10.05,7.99,7.000000000000001,11.0,10.75,Buy,4.72 million,Healthcare,Medical Devices,2.091,8.53,10.47,0.91,0.9,0.2
EHC,6.51,123.47,174.25,16.62,5,0.18,0.12,5/5,buy,92.77-127.99,2.18,4.0,155.0,151.58,Buy time,1.03 million,Healthcare,Medical Care Facilities,0.608,123.18,151.23,1.0,0.82,0.02
CIFR,6.6,17.73,785.64,88.16,1,-0.16,-4.48,1/5,buy,11.405-30.14,9.64,41.0,69.0,49.97,Buy,29.88 million,Technology,Information Technology Services,3.167,16.56,20.94,0.93,0.85,0.25
GGME,6.7,66.96,300.69,40.33,4,1,1,4/5,,49.02-67.85,5.17,1.0,0.1,0.1,Buy,820,N/A,N/A,1,64.87,79.26,0.97,0.84,0.14
TISC,6.79,23.95,249.41,-7.39,3,1,1,3/5,,22.75-25.42,-1.0,6.0,0.1,0.1,Buy,82.84 thousand,N/A,N/A,1,24.0,2014.5,1.0,0.01,2.5
FSLY,6.79,24.96,124.98,54.15,4,0.12,1.77,4/5,hold,7.735-34.82,6.69,28.000000000000004,37.0,32.45,Buy time,5.54 million,Technology,Software - Application,0.358,24.73,29.71,0.99,0.84,0.45
ARKG,6.88,53.36,268.26,64.28,4,1,1,4/5,,24.6-53.98,7.33,1.0,0.1,0.1,Buy time,3.76 million,N/A,N/A,1,49.12,59.75,0.92,0.89,-0.08
SUNE,6.98,2.4,707.88,138.36,-1,0,0,-1/5,,0.68-9.45,6.25,75.0,0.1,0.1,Sell,2.53 million,Technology,Solar,2.992,2.96,7.71,1.23,0.31,2.5
SVOL,7.21,16.57,278.07,28.31,5,1,1,5/5,,15.06-18.37,3.68,10.0,0.1,0.1,Buy time,319.34 thousand,N/A,N/A,1,16.36,19.88,0.99,0.83,0.11
SMCI,7.38,43.26,498.61,125.25,2,0.96,1.12,2/5,hold,19.48-58.78,13.57,26.0,60.0,51.19,- Buy time -,31.87 million,Technology,Computer Hardware,1.996,39.29,48.98,0.91,0.88,0.17
ARQQ,7.49,24.6,587.45,184.4,0,1,1,0/5,,11.52-62.0,17.24,60.0,0.1,0.1,Buy,321.82 thousand,Technology,Software - Infrastructure,2.28,21.43,28.36,0.87,0.87,0.76
OPK,7.49,1.64,462.79,64.04,4,0.08,0.7,4/5,strongBuy,0.98-1.75,7.93,6.0,8.5,6.44,Buy time,1.93 million,Healthcare,Diagnostics & Research,1.502,1.56,1.93,0.95,0.85,-0.13
GTEC,7.9,1.09,127.33,181.69,2,0,0,2/5,,0.466-1.61,20.0,32.0,6.0,6.0,Sell ALL,200.54 thousand,Consumer Cyclical,Auto Parts,0.231,1.05,1.31,0.96,0.83,0.5
DXF,8.22,0.53,719.03,70.47,1,1,1,1/5,,0.32-4.35,7.55,88.0,0.1,0.1,Buy,1.92 million,Financial Services,Credit Services,3.129,0.51,1.41,0.96,0.38,2.5
SNDC,8.37,9.17,597.81,262.11,0,1,1,0/5,,3.6-23.29,24.1,61.0,0.1,0.1,- Buy time -,139.18 thousand,N/A,N/A,1,8.13,10.45,0.89,0.88,0.0
ALAB,8.77,364.62,916.13,234.35,0,0.18,0.29,0/5,buy,97.89-499.476,20.38,27.0,500.0,444.98,Buy,2.72 million,Technology,Semiconductors,3.778,304.98,406.91,0.84,0.9,0.13
AGPU,8.94,12.09,1032.92,115.39,2,0,0,2/5,buy,1.03-32.1,13.56,62.0,20.0,20.0,Buy,252.64 thousand,Technology,Software - Infrastructure,3.489,11.21,14.17,0.93,0.85,0.2
MG,9.33,21.52,302.21,104.96,5,0.11,0.12,5/5,buy,9.37-21.77,12.64,1.0,24.0,23.5,Buy time,244.90 thousand,Industrials,Security & Protection Services,0.924,19.9,24.49,0.92,0.88,0.32
SK,9.58,30.45,663.14,305.51,0,1,1,0/5,,14.64-38.6,28.93,21.0,0.1,0.1,Buy,235.92 thousand,N/A,N/A,1,27.2,33.54,0.89,0.91,-0.0
HBR,10.83,12.8,292.68,167.05,5,1,1,5/5,,8.851-28.92,17.7,56.00000000000001,0.1,0.1,Buy time,83.96 thousand,N/A,N/A,1,10.94,13.71,0.85,0.93,0.61
TTT,11.02,83.59,371.68,104.55,5,1,1,5/5,,59.23-85.15,12.76,2.0,0.1,0.1,- +Buy time -,25.24 thousand,N/A,N/A,1,78.79,93.33,0.94,0.9,1.79
CRWD,12.07,252.13,614.91,244.49,4,0.03,0.09,4/5,buy,85.68-263.87,24.97,4.0,300.0,267.83,Buy,12.74 million,Technology,Software - Infrastructure,1.255,228.74,280.54,0.91,0.9,0.12
Meta,12.2,751.66,554.4,211.28,5,2.74,0.42,5/5,buy,520.26-779.82,23.41,4.0,1000.0,895.13,Buy time,22.32 million,Communication Services,Internet Content & Information,1.243,656.5,809.2,0.87,0.93,0.07
PARK,0.77,19.91,201.22,-33.47,-1,0.33,1.0,-1/5,buy,9.53-26.79,-4.72,26.0,30.0,29.25,Sell ALL,42.14 thousand,Healthcare,Medical Care Facilities,1,21.43,25.65,1.08,0.78,0.95
SPOT,1.42,510.01,318.62,-51.25,1,0.34,0.11,1/5,buy,405.0-740.0,-7.85,31.0,712.0456,657.05,Sell,1.32 million,Communication Services,Internet Content & Information,1.586,543.18,642.67,1.07,0.79,-0.04
TROW,1.64,105.51,324.85,-38.5,0,0.22,0.09,0/5,hold,85.22-122.0,-5.36,14.000000000000002,124.0,116.42,Buy,1.51 million,Financial Services,Asset Management,1.48,108.02,132.08,1.02,0.8,0.66
BKH,1.74,70.46,141.53,-33.78,1,0.09,0.31,1/5,buy,59.33-78.69,-4.71,10.0,97.0,91.8,- Buy time -,1.09 million,Utilities,Utilities - Regulated Gas,0.694,72.31,86.7,1.03,0.81,0.29
BMBl,1.87,2.66,480.43,-16.37,0,0.3,1.31,0/5,hold,2.54-6.335,-3.38,57.99999999999999,5.0,4.39,Sell,2.03 million,Communication Services,Internet Content & Information,1.863,2.89,3.46,1.09,0.77,-0.05
U,2.34,41.55,462.26,-47.77,1,0.02,0.08,1/5,buy,16.78-52.15,-6.81,20.0,55.0,52.2,Sell ALL,10.98 million,Technology,Software - Application,2.057,43.54,50.92,1.05,0.82,0.29
XXX,3.22,22.55,240.8,33.3,1,1,1,1/5,,18.22-22.66,4.12,0.0,0.1,0.1,Buy,660,N/A,N/A,1,21.77,28.79,0.97,0.78,-0.24
QUIK,3.32,10.96,241.2,-10.06,2,-0.02,-0.41,2/5,buy,5.28-24.33,-1.82,55.00000000000001,27.0,25.0,Buy,209.20 thousand,Technology,Semiconductors,1.196,10.96,13.06,1.0,0.84,0.08
SHE,3.73,159.52,246.14,4.7,1,1,1,1/5,,124.4-162.019,0.58,2.0,0.1,0.1,- Buy time -,2.72 thousand,N/A,N/A,1,158.05,190.96,0.99,0.84,0.95
TER,4.38,398.38,477.54,88.52,0,0.86,0.41,0/5,buy,131.75-487.91,8.89,18.0,550.0,498.23,Buy,2.15 million,Technology,Semiconductor Equipment & Materials,1.778,368.43,445.68,0.92,0.89,-0.04
HIMX,4.76,14.44,590.8,35.51,1,0.01,0.48,1/5,buy,6.85-25.09,4.16,42.0,43.0,36.6,Buy,764.56 thousand,Technology,Semiconductors,2.389,14.05,17.39,0.97,0.83,0.19
NVDA,5.04,225.07,619.03,56.73,1,0.23,0.12,1/5,buy,164.27-236.54,6.95,5.0,515.0,421.35,Buy,117.65 million,Technology,Semiconductors,2.217,219.26,268.47,0.97,0.84,-0.15
OSRH,6.05,0.22,358.78,390.27,-3,0,0,-3/5,buy,0.075-0.908,25.33,75.0,10.0,10.0,Buy,1.28 million,Healthcare,Biotechnology,0.498,0.23,0.3,1.05,0.73,-0.43
SKYW,6.06,102.29,376.6,13.14,4,0.32,0.15,4/5,buy,77.89-117.72,1.33,13.0,160.0,143.25,- +Buy time -,333.24 thousand,Industrials,Airlines,1.421,99.94,119.0,0.98,0.86,-0.01
SLNH,6.98,1.22,1344.07,44.17,1,0,0,1/5,buy,0.59-5.14,4.92,76.0,4.0,4.0,Buy,6.53 million,Financial Services,Capital Markets,5.087,1.19,1.47,0.98,0.83,-0.08
CPST,7.04,28.14,252.51,1.62,3,1,1,3/5,,26.68-28.26,0.21,0.0,0.1,0.1,Buy,5.40 thousand,N/A,N/A,1,28.13,33.14,1.0,0.85,2.5
CUB,7.07,10.89,3.13,2.07,4,1,1,4/5,,10.51-11.225,0.28,3.0,0.1,0.1,Buy time,140.96 thousand,Financial Services,Shell Companies,0.007,10.89,12.88,1.0,0.85,2.38
IMAX,7.29,56.05,145.37,47.38,5,0.18,0.7,5/5,buy,30.74-56.68,5.87,1.0,69.19,62.94,Buy time,851.58 thousand,Communication Services,Entertainment,0.398,53.82,63.91,0.96,0.88,0.14
ESP,7.58,65.63,143.89,43.62,5,0.19,0.2,5/5,hold,36.0-74.77,5.57,12.0,70.0,70.0,Buy time,32.50 thousand,Industrials,Electrical Equipment & Parts,0.368,63.72,78.38,0.97,0.84,0.51
TVA,7.94,10.57,251.42,1.78,4,1,1,4/5,,10.31-12.27,0.24,14.000000000000002,0.1,0.1,Buy time,45.78 thousand,Financial Services,Shell Companies,1,10.56,21.69,1.0,0.49,2.5
MARA,8.42,12.55,1400.99,90.82,1,0.07,-0.04,1/5,buy,6.66-23.45,10.6,46.0,30.0,24.34,Buy,38.02 million,Financial Services,Capital Markets,5.336,11.76,14.88,0.94,0.84,0.05
ILMN,9.14,270.0,448.62,158.51,3,0.18,0.16,3/5,buy,88.0-277.95,16.73,3.0,260.0,231.32,Buy time,2.64 million,Healthcare,Diagnostics & Research,1.467,230.48,290.19,0.85,0.93,0.46
HUT,9.32,96.82,1603.47,112.68,1,0.54,1.44,1/5,buy,31.67-140.8,12.21,31.0,273.0,215.05,Buy,3.63 million,Financial Services,Capital Markets,5.976,90.9,119.16,0.94,0.81,-0.09
SBC,9.55,4.9,323.83,132.2,5,-0.01,-0.02,5/5,buy,2.78-5.295,15.51,7.000000000000001,11.0,9.88,- +Buy time -,169.66 thousand,Industrials,Consulting Services,0.631,4.49,5.45,0.92,0.9,-0.14
FOXO,14.76,0.14,1014.45,400.74,2,1,1,2/5,,0.0-13.200001,35.62,99.0,0.1,0.1,Sell ALL,17.42 thousand,Healthcare,Medical Care Facilities,2.483,0.17,0.29,1.21,0.48,0.5
VRME,13.37,0.96,121.8,284.6,4,0.06,0.78,4/5,,0.59-1.95,24.84,51.0,0.1,0.1,Buy time,890.26 thousand,Industrials,Security & Protection Services,0.327,0.73,3.59,0.76,0.27,2.5
OPTT,110.67,2.01,537.4,8758.96,1,1.27,0.06,1/5,buy,1.75-21.6,91.04,91.0,45.0,45.0,mere Buy (some sold),3.01 million,Industrials,Specialty Industrial Machinery,2.6,1.05,6.3,0.52,0.32,-0.22
RIVN,0.17,15.47,372.94,-40.08,-1,0.54,0.73,-1/5,hold,12.39-22.69,-5.56,32.0,25.0,22.15,mere Sell (some bought),19.75 million,Consumer Cyclical,Auto Manufacturers,1.618,16.23,19.19,1.05,0.81,-0.02
SPGI,0.2,403.3,233.49,-57.79,0,0.0,0.0,0/5,buy,361.03122-522.46924,-8.23,23.0,553.0,536.65,Sell,1.63 million,Financial Services,Financial Data & Stock Exchanges,1.077,424.72,500.91,1.05,0.81,0.02
LI,0.36,11.5,96.14,-39.86,0,-0.03,-0.02,0/5,hold,11.43-26.5,-5.57,56.99999999999999,27.124178,21.37,Sell,2.80 million,Consumer Cyclical,Auto Manufacturers,0.537,12.0,14.16,1.04,0.81,0.12
GROW,0.39,2.98,139.06,-78.06,-1,-0.02,-20.0,-1/5,,2.23-3.65,-11.77,18.0,0.1,0.1,mere Buy (some sold),21.36 thousand,Financial Services,Asset Management,0.682,3.16,4.1,1.06,0.73,2.02
Cake,0.45,104.49,110.36,-67.84,1,0.3,0.25,1/5,hold,43.07-118.46,-10.39,12.0,117.0,106.46,Buy,1.74 million,Consumer Cyclical,Restaurants,1.009,108.9,130.0,1.04,0.8,0.09
SIDU,0.54,2.12,-83.33,-39.2,1,1,1,1/5,buy,0.628-6.79,-6.13,69.0,10.0,10.0,Buy,2.92 million,Industrials,Aerospace & Defense,1,2.16,2.56,1.02,0.83,-0.01
NIQ,0.66,17.83,218.17,-33.58,0,0.12,0.84,0/5,buy,7.93-19.69,-5.1,9.0,25.0,22.35,Sell,949.92 thousand,N/A,N/A,1,18.81,22.38,1.05,0.8,-0.08
RS,0.71,387.28,219.16,-7.12,-1,1.3,0.25,-1/5,hold,260.31-433.02,-1.0,11.0,425.0,416.94,mere Sell (some bought),284.18 thousand,Basic Materials,Steel,0.955,392.15,479.92,1.01,0.81,0.13
CHH,0.77,101.81,80.18,-53.99,1,-0.2,-0.16,1/5,hold,84.04-123.82,-7.91,18.0,131.0,122.91,Buy,539.40 thousand,Consumer Cyclical,Lodging,0.668,104.51,122.57,1.03,0.83,0.08
NXT,0.9,80.85,439.55,-55.35,0,0.15,0.15,0/5,buy,73.07-163.13,-7.89,50.0,175.0,157.09,Buy,2.15 million,Technology,Solar,1.923,84.23,98.42,1.04,0.82,0.03
EVX,1.05,39.33,218.44,-31.61,0,1,1,0/5,,36.44-42.44,-4.35,7.000000000000001,0.1,0.1,Sell ALL,5.56 thousand,N/A,N/A,1,40.24,48.58,1.02,0.81,0.21
ORCL,1.07,137.1,400.78,-58.63,0,0.33,0.18,0/5,buy,114.5-322.54,-8.58,56.99999999999999,400.0,318.99,mere Sell (some bought),29.29 million,Technology,Software - Infrastructure,1.732,149.58,179.69,1.09,0.76,0.43
Sony,1.12,23.55,193.06,-16.92,0,0.07,0.15,0/5,buy,19.32-30.34,-2.42,22.0,34.0,32.0,Sell,3.53 million,Technology,Consumer Electronics,0.763,24.18,29.02,1.03,0.81,-0.02
ALV,1.16,117.52,313.83,-36.58,0,0.18,0.11,0/5,buy,99.16-132.17,-5.11,11.0,148.0,141.16,- Buy time -,607.52 thousand,Consumer Cyclical,Auto Parts,1.37,120.76,143.78,1.03,0.82,0.16
DIV,1.24,19.03,236.04,-29.15,0,1,1,0/5,,16.84-20.21,-4.02,6.0,0.1,0.1,Sell ALL,165.00 thousand,N/A,N/A,1,19.63,23.3,1.03,0.82,0.28
UNH,1.24,376.59,114.74,-41.81,1,2.09,0.39,1/5,buy,255.97-461.62,-5.83,18.0,529.0,505.36,Buy,4.42 million,Healthcare,Healthcare Plans,0.622,391.62,466.77,1.04,0.81,0.08
SAFX,1.28,0.37,-98.51,-8.88,0,0.01,0.2,0/5,buy,0.119-1.435,-3.49,74.0,1.2,1.15,Sell ALL,4.45 million,Utilities,Utilities - Renewable,1,0.42,0.53,1.14,0.7,1.06
AMS,1.31,1.42,23.48,-44.65,0,-0.13,-10.5,0/5,strongBuy,1.25-3.1,-6.34,54.0,4.0,4.0,== less Sell ALL==,13.28 thousand,Healthcare,Medical Care Facilities,0.298,1.48,1.78,1.04,0.8,1.43
DSGX,1.31,78.61,88.48,21.77,-2,0.25,0.38,-2/5,buy,62.56-98.35,1.42,20.0,126.0,113.62,Sell,960.16 thousand,Technology,Software - Application,0.198,79.45,97.4,1.01,0.81,1.46
FLR,1.52,50.38,302.81,-21.39,0,-0.27,-0.48,0/5,hold,39.33-58.35,-3.28,14.000000000000002,71.0,66.34,Sell ALL,1.83 million,Industrials,Engineering & Construction,1.262,53.35,64.02,1.06,0.79,0.19
CCC,1.52,6.9,99.13,-38.17,1,0.02,0.18,1/5,buy,4.08-9.545,-5.8,28.000000000000004,14.0,11.38,Buy,10.15 million,Technology,Software - Application,0.484,7.15,8.72,1.04,0.79,0.37
REI,1.64,1.36,295.43,-13.0,0,0.09,2.86,0/5,buy,0.83-2.0,-2.94,32.0,2.25,2.17,mere Buy (some sold),3.92 million,Energy,Oil & Gas E&P,0.843,1.49,1.84,1.1,0.74,0.2
NXTT,1.7,5.67,1127.34,-109.57,1,1,1,1/5,,4.603-2861.0,-19.75,100.0,0.1,0.1,Buy,39.46 thousand,Technology,Software - Application,4.898,6.01,7.1,1.06,0.8,-0.29
KULR,1.75,2.44,460.07,-63.04,1,-0.1,-1.24,1/5,buy,1.94-6.0,-9.43,59.0,7.0,7.0,Buy,506.38 thousand,Technology,Electronic Components,2.305,2.54,2.98,1.04,0.82,0.16
GLAD,1.8,19.36,241.73,-1.31,0,0.06,0.12,0/5,buy,16.54-22.24,-0.25,13.0,22.0,22.0,Sell,149.44 thousand,Financial Services,Asset Management,0.926,19.57,23.49,1.01,0.82,0.1
BTG,2.01,5.48,297.29,-29.97,1,0.04,0.09,1/5,buy,3.57-6.29,-4.37,13.0,7.5,6.97,Buy,24.00 million,Basic Materials,Gold,1.456,5.53,6.63,1.01,0.83,0.0
HIMC,2.22,15.03,231.74,-38.72,1,1,1,1/5,,11.77-29.1,-6.92,48.0,0.1,0.1,- +Buy time -,320,N/A,N/A,1,14.91,17.36,0.99,0.87,0.79
ACN,2.24,176.11,248.63,-13.93,1,0.18,0.06,1/5,hold,118.15-291.09,-2.99,39.0,275.0,233.74,Sell,4.65 million,Technology,Information Technology Services,1.092,186.87,223.76,1.06,0.79,0.05
CR,2.43,206.83,224.6,-7.11,1,0.31,0.21,1/5,buy,159.58-230.5,-1.21,10.0,253.0,245.1,Buy,388.78 thousand,Industrials,Specialty Industrial Machinery,1.084,205.52,246.7,0.99,0.84,0.05
EOG,2.54,140.35,95.11,-19.82,2,0.3,0.08,2/5,hold,101.59-154.16,-3.2,9.0,193.0,177.5,Sell,3.24 million,Energy,Oil & Gas E&P,0.272,147.83,176.34,1.05,0.8,0.0
RDDT,2.7,149.84,474.03,-23.52,1,0.74,1.09,1/5,buy,119.27-263.5,-3.68,43.0,300.0,256.85,Sell,4.26 million,Communication Services,Internet Content & Information,2.022,158.74,188.26,1.06,0.8,-0.0
ATXG,3.05,3.6,-123.38,-33.53,1,1,1,1/5,,2.91-17.55,-5.56,79.0,0.1,0.1,Sell ALL,8.98 thousand,Industrials,Integrated Freight & Logistics,1,3.73,5.1,1.04,0.71,2.5
CVE,3.12,30.93,190.05,-5.7,2,0.08,0.17,2/5,buy,15.63-34.16,-1.29,9.0,40.0,38.5,== less Sell ALL==,6.04 million,Energy,Oil & Gas Integrated,0.499,32.7,39.31,1.06,0.79,-0.07
QTUM,3.25,153.72,217.91,29.08,1,1,1,1/5,,98.21-170.0,3.51,10.0,0.1,0.1,Buy,248.74 thousand,N/A,N/A,1,148.41,179.16,0.97,0.86,-0.03
MMM,3.28,169.55,217.09,-42.63,3,0.31,0.15,3/5,buy,139.34-184.9,-6.16,8.0,219.0,203.35,Buy,2.93 million,Industrials,Conglomerates,1.074,171.15,204.72,1.01,0.83,0.04
MBRX,3.29,0.6,450.29,51.28,-1,0.15,0.1,-1/5,buy,0.161-15.75,0.33,96.0,31.0,21.5,Sell ALL,873.40 thousand,Healthcare,Biotechnology,1.915,0.73,0.93,1.22,0.65,1.21
BTTC,3.34,0.5,47.01,73.87,-1,1,1,-1/5,,0.342-39.0,1.81,99.0,0.1,0.1,- Buy time -,325.70 thousand,N/A,N/A,1,0.45,0.6,0.9,0.83,2.08
NMAX,3.36,10.87,292.34,22.16,1,0.06,2.0,1/5,strongBuy,5.11-13.18,2.85,18.0,20.0,19.25,Buy,962.22 thousand,Communication Services,Broadcasting,1,11.07,13.32,1.02,0.82,0.0
ARCL,3.4,9.99,250.0,1.51,-1,1,1,-1/5,,9.85-10.03,0.2,0.0,0.1,0.1,Sell,38.48 thousand,Financial Services,Shell Companies,1,10.0,395.64,1.0,0.03,2.5
IWB,3.68,421.23,250.39,4.86,1,1,1,1/5,,345.21-426.92,0.62,1.0,0.1,0.1,- Buy time -,501.70 thousand,N/A,N/A,1,417.96,513.46,0.99,0.82,0.88
QQQ,3.71,744.5,254.14,36.16,1,1,1,1/5,,555.6-748.65,4.55,1.0,0.1,0.1,Buy,28.18 million,N/A,N/A,1,719.18,860.82,0.97,0.86,0.13
PRCH,3.83,16.53,743.19,-31.25,1,0.14,4.5,1/5,buy,6.36-18.37,-4.42,10.0,25.0,22.89,- Buy time -,1.49 million,Financial Services,Insurance - Property & Casualty,3.155,17.14,20.99,1.04,0.79,0.47
OTLK,3.99,0.64,239.31,22.05,2,-0.07,-0.63,2/5,buy,0.161-2.538,2.66,75.0,10.5,7.76,Sell,4.61 million,Healthcare,Biotechnology,0.752,0.67,0.8,1.05,0.8,-0.09
ETH=F,4.0,2703.0,181.14,55.25,1,1,1,1/6,,1510.0-4799.0,7.57,44.0,0.1,0.1,mere Buy (some sold),13.50 thousand,N/A,N/A,1,2619.5,3147.77,0.97,0.86,0.1
APP,4.15,310.75,652.91,9.06,1,0.14,0.04,1/5,buy,297.5-745.61,0.85,57.99999999999999,790.0,644.18,mere Buy (some sold),4.60 million,Communication Services,Advertising Agencies,2.488,320.56,381.79,1.03,0.81,0.05
BREE,4.2,27.73,252.77,11.49,2,1,1,2/5,,21.7-28.6,1.44,3.0,0.1,0.1,Buy,840,N/A,N/A,1,27.33,37.72,0.99,0.74,0.33
CRM,4.58,234.02,296.68,124.01,0,3.38,1.04,0/5,buy,146.32-269.11,12.29,13.0,475.0,378.04,Sell,13.67 million,Technology,Software - Application,1.202,243.53,299.21,1.04,0.78,-0.05
BTC,4.62,37.16,238.42,55.27,1,1,1,1/5,,25.65-55.96,6.59,34.0,0.1,0.1,Buy,1.88 million,N/A,N/A,1,35.11,43.97,0.94,0.85,0.65
CE,4.71,47.09,222.84,39.59,2,0.18,0.05,2/5,buy,35.13-70.7,5.08,33.0,86.0,74.62,Sell,1.72 million,Basic Materials,Chemicals,0.755,46.79,56.22,0.99,0.84,0.22
TSL,4.83,14.05,304.28,68.42,1,1,1,1/5,,10.73-21.31,8.27,34.0,0.1,0.1,Buy,576.52 thousand,N/A,N/A,1,13.88,16.59,0.99,0.85,0.33
LTC,4.92,42.94,177.19,48.05,2,0.05,0.1,2/5,hold,33.64-43.6,6.03,2.0,55.0,50.0,Sell,560.50 thousand,Real Estate,REIT - Healthcare Facilities,0.577,42.22,50.92,0.98,0.84,0.37
XT,5.04,84.0,271.46,17.11,3,1,1,3/5,,65.47-84.42,2.15,0.0,0.1,0.1,- +Buy time -,73.96 thousand,N/A,N/A,1,82.34,99.04,0.98,0.85,0.06
GGG,5.38,77.86,216.39,-16.04,3,0.02,0.02,3/5,hold,72.51-95.69,-2.23,19.0,100.0,95.64,- +Buy time -,5.23 million,Industrials,Specialty Industrial Machinery,0.91,78.15,111.41,1.0,0.7,1.42
MID,5.45,70.25,253.2,10.44,1,1,1,1/5,,59.443-71.132,1.34,1.0,0.1,0.1,- Buy time -,1.34 thousand,N/A,N/A,1,69.54,85.86,0.99,0.82,2.5
DHR,5.51,224.49,255.51,35.2,3,0.22,0.12,3/5,buy,160.93-242.8,4.07,8.0,310.0,270.41,Buy time,3.42 million,Healthcare,Diagnostics & Research,0.808,213.96,255.75,0.95,0.88,0.17
ARKK,5.72,90.77,254.09,45.44,3,1,1,3/5,,62.945-92.65,5.5,2.0,0.1,0.1,Buy time,3.82 million,N/A,N/A,1,86.58,104.11,0.95,0.87,0.12
OCC,5.75,14.53,272.26,97.0,0,1,1,0/5,,4.02-27.98,9.64,48.0,0.1,0.1,Buy,242.88 thousand,Technology,Communication Equipment,0.572,14.22,18.38,0.98,0.79,1.79
ACON,5.88,2.59,339.82,63.12,2,0.14,0.07,2/5,,1.95-12.03,7.72,78.0,7.5,7.5,Sell ALL,53.06 thousand,Healthcare,Health Information Services,1.239,2.56,3.2,0.99,0.81,0.48
DAL,6.19,84.94,339.83,20.2,4,0.14,0.16,4/5,buy,55.03-95.68,2.19,11.0,125.0,114.07,Buy time,6.19 million,Industrials,Airlines,1.291,81.82,97.97,0.96,0.87,0.06
COIN,6.69,195.11,897.84,62.49,1,-2.66,-39.46,1/5,buy,139.11-402.16,6.83,51.0,330.0,266.8,Buy,9.37 million,Financial Services,Financial Data & Stock Exchanges,3.388,186.76,238.0,0.96,0.82,0.59
SYM,6.81,43.47,564.12,52.42,3,0.62,5.15,3/5,buy,37.68-87.88,6.58,51.0,85.0,73.93,Buy,1.25 million,Industrials,Specialty Industrial Machinery,1.942,42.42,51.59,0.98,0.84,0.06
RGC,6.92,6.17,394.26,90.06,2,1,1,2/5,,4.51-69.0,10.86,91.0,0.1,0.1,- +Buy time -,85.44 thousand,Healthcare,Drug Manufacturers - Specialty & Generic,1.43,5.87,7.36,0.95,0.84,0.71
ENVB,7.28,1.5,318.1,69.82,3,0.73,0.26,3/5,,1.17-13.25,8.67,89.0,0.1,0.1,Buy,113.08 thousand,Healthcare,Biotechnology,1.108,1.48,2.04,0.99,0.74,0.86
SNDK,7.67,1777.8,437.89,143.26,2,13.48,0.73,2/5,buy,103.348-2354.39,15.66,24.0,3600.0,2868.27,Buy,11.06 million,Technology,Computer Hardware,1,1642.68,2037.14,0.92,0.87,0.21
SG,8.36,8.24,591.12,153.09,2,-0.06,-0.43,2/5,hold,4.49-10.63,16.87,22.0,10.0,8.54,- +Buy time -,5.33 million,Consumer Cyclical,Restaurants,2.206,7.35,9.17,0.89,0.9,0.19
ARMH,8.53,13.27,279.58,206.98,2,1,1,2/5,,4.285-19.061,20.99,30.0,0.1,0.1,- Buy time -,7.98 thousand,N/A,N/A,1,11.13,13.91,0.84,0.95,0.27
AIEV,8.78,0.17,627.46,101.69,1,1,1,1/5,,0.087-0.37,12.07,53.0,0.1,0.1,Sell ALL,4.62 thousand,Consumer Cyclical,Auto Manufacturers,2.117,0.17,0.22,1.0,0.77,2.5
BANDHANBNK.NS,10.48,187.7,301.49,62.29,5,0.42,0.21,5/5,hold,134.25-220.76,7.57,15.0,240.0,219.42,Buy time,9.56 million,Financial Services,Banks - Regional,0.792,176.59,233.4,0.94,0.8,2.5
INTC,10.49,123.0,760.49,277.26,1,0.48,22.03,1/5,hold,32.89-142.35,28.26,14.000000000000002,200.0,158.19,Buy,84.06 million,Technology,Semiconductors,2.231,102.15,132.24,0.83,0.93,0.09
NUAI,11.78,7.06,627.89,318.03,2,0,0,2/5,buy,1.47-9.445,30.03,25.0,12.0,11.5,- Buy time -,5.60 million,Technology,Software - Infrastructure,1.25,5.81,7.26,0.82,0.97,0.23
TRAW,3.36,0.56,376.25,-46.32,0,0.27,0.6,0/5,hold,0.43-3.27,-7.14,83.0,1.0,1.0,- Buy time -,237.38 thousand,Healthcare,Biotechnology,1.605,0.58,0.88,1.04,0.64,2.5
DBC,5.03,32.62,292.02,53.0,2,1,1,2/5,,21.98-33.78,6.5,3.0,0.1,0.1,Sell,815.02 thousand,N/A,N/A,1,32.48,39.0,1.0,0.84,0.02
RXRX,5.92,3.74,267.04,62.45,3,0.02,0.08,3/5,hold,2.77-7.18,6.68,48.0,10.0,8.61,- +Buy time -,11.96 million,Healthcare,Biotechnology,1.071,3.5,4.21,0.94,0.89,-0.04
AG,0.57,19.01,485.86,-71.64,0,-0.05,-0.17,0/5,buy,10.19-32.04,-10.42,41.0,27.0,25.88,Buy,6.88 million,Basic Materials,Silver,2.186,20.16,23.43,1.06,0.81,0.01
AIAI,1.06,3.64,239.02,-49.82,1,1,1,1/5,,3.03-19.57,-8.24,81.0,0.1,0.1,Buy time,382.96 thousand,Industrials,Conglomerates,1,3.95,4.71,1.09,0.77,-0.13
IVE,1.46,232.04,233.83,-15.5,0,1,1,0/5,,202.45-239.93,-2.1,3.0,0.1,0.1,Sell,537.52 thousand,N/A,N/A,1,234.47,281.16,1.01,0.83,0.14
NDAQ,1.6,93.55,185.21,-40.67,1,0.12,0.12,1/5,buy,76.55-101.79,-5.97,8.0,135.0,122.33,Buy,2.78 million,Financial Services,Financial Data & Stock Exchanges,0.974,95.82,113.16,1.02,0.83,0.23
CRCL,1.79,89.0,230.17,-3.92,0,0.05,0.31,0/5,hold,49.9-159.47,-1.02,44.0,243.0,173.84,Buy,15.54 million,Financial Services,Capital Markets,1,93.56,111.48,1.05,0.8,0.24
NTPC.NS,1.93,326.6,36.22,-29.47,-1,4.73,0.7,-1/5,buy,315.55-414.4,-4.06,21.0,485.0,457.29,Sell ALL,7.57 million,Utilities,Utilities - Regulated Electric,0.287,334.69,402.58,1.02,0.81,2.5
CRML,2.78,7.83,301.97,9.32,1,1,1,1/5,strongBuy,5.115-32.15,-2.04,76.0,18.0,15.5,Buy,7.08 million,Basic Materials,Other Industrial Metals & Mining,1.946,7.52,9.37,0.96,0.84,0.07
^GSPC,2.89,7743.41,250.86,6.8,1,1,1,1/5,,6316.91-7816.7,0.87,1.0,0.1,0.1,Buy,4.81 billion,N/A,N/A,1,7674.09,9193.01,0.99,0.84,0.04
SLDP,3.0,2.39,462.24,17.38,0,0.08,0.62,0/5,buy,1.98-8.86,2.09,73.0,7.0,6.94,Sell ALL,2.39 million,Consumer Cyclical,Auto Parts,1.949,2.44,2.92,1.02,0.82,0.16
PONY,3.24,6.89,219.9,-38.97,3,0,0,3/5,buy,6.365-24.92,-5.66,72.0,32.8,26.46,Buy time,4.22 million,Technology,Information Technology Services,1,7.06,8.5,1.02,0.81,-0.1
SSD,4.0,176.55,313.15,-33.35,3,0.6,0.28,3/5,buy,156.32-213.49,-4.75,17.0,230.0,224.5,- +Buy time -,274.90 thousand,Basic Materials,Lumber & Wood Production,1.307,179.48,210.54,1.02,0.84,0.21
TOS,4.15,30.39,257.64,9.91,2,1,1,2/5,,23.67-31.32,1.15,3.0,0.1,0.1,Buy,180,N/A,N/A,1,29.95,38.3,0.99,0.79,0.31
GRI,5.06,2.05,23.48,60.13,2,2.42,0.81,2/5,buy,1.36-64.12,6.83,97.0,27.0,22.75,- +Buy time -,84.68 thousand,Healthcare,Biotechnology,1,1.98,2.49,0.97,0.82,0.76
SFTBF,5.14,40.0,253.36,192.07,-1,1,1,-1/5,,20.8-180.0,19.22,78.0,0.1,0.1,Sell,5.50 thousand,Communication Services,Telecom Services,0.997,38.34,47.19,0.96,0.85,0.04
IBRX,5.15,8.44,45.64,19.47,4,-0.15,-1.95,4/5,buy,1.95-12.43,2.25,32.0,15.0,13.88,- +Buy time -,7.97 million,Healthcare,Biotechnology,0.135,8.3,9.82,0.98,0.86,-0.08
MPC,5.22,393.52,247.91,64.83,2,4.68,1.48,2/5,hold,161.93-431.08,7.94,9.0,472.0,423.75,Sell,2.62 million,Energy,Oil & Gas Refining & Marketing,0.527,391.03,467.8,0.99,0.84,0.06
WEED,5.7,23.51,295.01,59.13,3,1,1,3/5,,12.712-31.047,7.38,24.0,0.1,0.1,Buy,12.96 thousand,N/A,N/A,1,22.79,27.86,0.97,0.84,-0.39
ADAC,6.14,10.12,250.0,2.23,2,1,1,2/5,,9.85-10.73,0.3,6.0,0.1,0.1,Buy,820,Financial Services,Shell Companies,1,10.1,inf,1.0,0.0,2.5
FB,6.86,45.61,262.3,11.79,5,1,1,5/5,,40.934-49.67,1.56,8.0,0.1,0.1,Buy time,420,N/A,N/A,1,45.21,56.11,0.99,0.81,0.22
A,7.0,172.79,370.49,91.53,3,0.21,0.15,3/5,buy,108.35-174.77,10.25,1.0,190.0,182.71,Buy time,2.35 million,Healthcare,Diagnostics & Research,1.241,155.5,186.67,0.9,0.93,0.01
WST,7.71,370.44,319.91,44.41,5,0.74,0.41,5/5,buy,223.83-386.0,5.54,4.0,459.0,433.28,Buy,624.96 thousand,Healthcare,Medical Instruments & Supplies,1.135,356.69,428.91,0.96,0.86,0.1
DE,8.23,690.46,289.98,64.24,5,1.2,0.22,5/5,hold,433.0-721.22,8.1,4.0,813.18,751.85,- +Buy time -,1.29 million,Industrials,Farm & Heavy Construction Machinery,0.911,673.3,816.81,0.98,0.85,0.21
RBRK,8.54,109.55,349.45,109.55,4,0.35,10.78,4/5,buy,42.25-116.12,12.25,6.0,139.0,129.57,- +Buy time -,3.49 million,Technology,Software - Infrastructure,1.243,100.22,122.55,0.91,0.89,0.29
GEAT,10.38,0.04,542.62,204.31,1,1,1,1/5,,0.005-0.0891,18.7,52.0,0.1,0.1,Buy,63.25 thousand,Industrials,Specialty Business Services,1.313,0.04,0.05,1.0,0.8,2.5
TEM,10.6,85.01,1086.63,194.38,2,0.18,1.09,2/5,buy,40.77-104.32,19.44,19.0,100.0,84.28,Buy time,6.92 million,Healthcare,Health Information Services,3.724,70.06,90.24,0.82,0.94,0.17
MACT,10.61,7.5,207.39,78.71,5,1,1,5/5,,5.0-8.0,9.73,6.0,0.1,0.1,Buy time,180,Communication Services,Telecom Services,0.581,7.15,9.18,0.95,0.82,2.5
QNTM,10.93,3.85,246.04,176.11,5,0,0,5/5,,2.07-19.3,20.26,80.0,12.329609,12.33,Buy time,147.82 thousand,Healthcare,Biotechnology,0.447,3.54,4.3,0.92,0.9,0.48
MRNA,11.18,198.88,315.24,260.16,4,0.57,0.17,4/5,hold,22.28-202.67,24.75,2.0,170.0,144.78,Buy time,14.15 million,Healthcare,Biotechnology,1.106,157.77,193.89,0.79,1.03,-0.0
PRTS,12.16,8.56,449.34,242.34,2,0.17,-3.54,2/5,buy,3.7-10.98,25.47,22.0,15.0,12.93,Sell,112.18 thousand,Consumer Cyclical,Auto Parts,0.708,8.59,10.67,1.0,0.8,2.5
OKTA,12.59,195.19,404.12,310.55,4,0.15,0.16,4/5,buy,62.66-212.5,31.13,8.0,250.0,228.8,Buy time,4.85 million,Technology,Software - Infrastructure,0.789,177.7,216.83,0.91,0.9,-0.12
Okta,12.59,195.19,404.12,310.55,4,0.15,0.16,4/5,buy,62.66-212.5,31.13,8.0,250.0,228.8,Buy time,4.85 million,Technology,Software - Infrastructure,0.789,177.7,216.83,0.91,0.9,-0.12
DEEP,0.27,41.49,212.8,-40.82,-2,1,1,-2/5,,33.093-44.435,-5.65,7.000000000000001,0.1,0.1,Sell ALL,1.38 thousand,N/A,N/A,1,42.98,55.3,1.04,0.75,1.5
MA,0.38,567.65,146.09,-38.82,0,0.45,0.1,0/5,buy,464.52-601.23,-5.43,6.0,740.0,703.36,== less Sell ALL==,2.53 million,Financial Services,Credit Services,0.735,581.44,696.78,1.02,0.81,-0.04
CAKE,0.45,104.49,110.36,-67.84,1,0.3,0.25,1/5,hold,43.07-118.46,-10.39,12.0,117.0,106.46,Buy,1.74 million,Consumer Cyclical,Restaurants,1.009,108.9,130.0,1.04,0.8,0.09
SPHD,0.57,48.95,188.33,-59.83,0,1,1,0/5,,46.58-54.04,-8.47,9.0,0.1,0.1,Sell ALL,857.12 thousand,N/A,N/A,1,51.5,62.92,1.05,0.78,0.58
CLH,0.74,313.04,207.75,-1.25,-1,0.44,0.17,-1/5,buy,201.34-335.94,-0.2,7.000000000000001,390.0,374.97,mere Sell (some bought),386.84 thousand,Industrials,Waste Management,0.852,318.97,383.25,1.02,0.82,0.05
LSE,0.75,4.8,160.31,-81.61,-1,1,1,-1/5,,3.2-6.98,-13.12,31.0,0.1,0.1,Sell ALL,4.38 thousand,Energy,Oil & Gas Equipment & Services,1,5.43,7.34,1.13,0.65,2.5
HNST,0.93,5.29,521.58,-56.15,0,0.09,6.13,0/5,buy,2.07-6.01,-8.13,12.0,5.7,5.45,Sell,1.96 million,Consumer Defensive,Household & Personal Products,2.241,5.62,6.62,1.06,0.8,-0.16
ELf,0.94,99.51,423.37,-47.35,0,1.06,1.56,0/5,buy,48.82-147.75,-7.5,33.0,127.0,114.56,Buy,1.51 million,Consumer Defensive,Household & Personal Products,1.595,103.47,122.37,1.04,0.81,-0.01
BURBY,0.96,13.57,76.41,-61.74,0,1,1,0/5,strongBuy,13.16-18.55,-8.84,27.0,18.960083,17.47,Buy,67.14 thousand,Consumer Cyclical,Luxury Goods,0.689,14.17,16.62,1.04,0.82,1.38
JOBY,1.31,6.32,564.94,-87.77,1,0.07,0.35,1/5,hold,5.93-19.98,-12.97,68.0,18.0,14.34,Buy,24.09 million,Industrials,Airports & Air Services,2.683,6.74,7.72,1.07,0.82,0.06
VIG,1.33,237.58,235.95,-20.22,0,1,1,0/5,,210.01-247.45,-2.75,4.0,0.1,0.1,Buy,971.74 thousand,N/A,N/A,1,240.48,286.86,1.01,0.83,0.13
DIA,1.45,517.49,231.77,-21.96,0,1,1,0/5,,450.44-546.75,-3.0,5.0,0.1,0.1,Sell,2.85 million,N/A,N/A,1,526.09,629.1,1.02,0.82,0.31
TGT,1.64,157.45,204.79,-30.05,1,2.02,0.93,1/5,hold,83.44-170.75,-4.19,8.0,200.0,181.38,Buy,3.67 million,Consumer Defensive,Discount Stores,0.986,160.99,191.84,1.02,0.82,-0.1
WR,1.74,26.46,246.3,-20.41,0,1,1,0/5,,23.85-28.11,-2.83,6.0,0.1,0.1,Sell ALL,740,N/A,N/A,1,27.15,39.74,1.03,0.67,0.52
APLE,2.15,16.19,170.25,-11.37,1,0.03,0.17,1/5,hold,10.85-17.28,-1.73,6.0,18.5,17.83,Buy,2.26 million,Real Estate,REIT - Hotel & Motel,0.874,16.1,19.37,0.99,0.84,0.04
PANW,2.55,374.74,387.79,89.39,-2,0.09,0.11,-2/5,buy,139.57-398.88,9.45,6.0,475.0,435.35,Sell,5.88 million,Technology,Software - Infrastructure,0.908,367.89,451.04,0.98,0.83,0.15
AAL,2.87,13.87,277.98,5.33,1,0.16,2.41,1/5,hold,10.09-18.79,0.22,26.0,25.0,21.16,Buy,72.40 million,Industrials,Airlines,1.327,13.56,16.16,0.98,0.86,0.03
GOOG,2.92,341.08,289.35,5.39,1,0.07,0.03,1/5,buy,236.685-404.47,0.65,16.0,475.0,448.67,== less Sell ALL==,16.60 million,Communication Services,Internet Content & Information,1.225,340.49,408.15,1.0,0.84,-0.0
W,3.01,98.15,653.78,-39.91,1,0.01,-0.04,1/5,buy,55.6-119.98,-5.96,18.0,156.0,139.67,Sell,2.24 million,Consumer Cyclical,Internet Retail,2.998,102.54,121.61,1.04,0.81,0.19
VV,3.01,356.76,251.39,8.57,1,1,1,1/5,,289.11-359.22,1.11,1.0,0.1,0.1,Buy,205.00 thousand,N/A,N/A,1,353.09,425.7,0.99,0.84,0.12
VRTX,3.2,526.19,72.61,-28.11,3,0.14,0.03,3/5,buy,384.39-560.25,-4.01,6.0,672.0,621.16,- +Buy time -,885.68 thousand,Healthcare,Biotechnology,0.32,534.11,641.57,1.02,0.82,0.01
SURE,3.29,145.51,210.93,-32.9,0,1,1,0/5,,119.18-153.29,-4.55,5.0,0.1,0.1,Sell ALL,1.52 thousand,N/A,N/A,1,149.06,276.08,1.02,0.53,2.5
SLV,3.36,58.14,215.22,-42.24,3,1,1,3/5,,41.66-109.83,-5.93,47.0,0.1,0.1,Buy time,15.29 million,N/A,N/A,1,59.48,71.41,1.02,0.81,0.1
SES,3.57,0.54,225.92,15.75,1,0.0,0.07,1/5,buy,0.491-3.73,-0.19,86.0,4.0,3.27,mere Buy (some sold),20.96 million,Consumer Cyclical,Auto Parts,1.002,0.57,0.72,1.06,0.75,0.82
COHR,3.66,295.83,524.54,11.19,1,0.14,0.09,1/5,buy,105.02-440.0,0.49,33.0,500.0,457.68,Buy,5.04 million,Technology,Scientific & Technical Instruments,2.104,293.62,352.7,0.99,0.84,-0.03
QQQM,3.66,306.54,254.46,36.17,1,1,1,1/5,,228.75-308.21,4.55,1.0,0.1,0.1,Buy,2.58 million,N/A,N/A,1,296.09,359.6,0.97,0.85,0.07
LSPD,3.77,9.87,464.0,-43.5,2,-0.04,-0.28,2/5,hold,7.83-13.715,-6.28,28.000000000000004,13.0,12.0,Buy time,725.64 thousand,Technology,Software - Application,1.803,10.21,12.39,1.03,0.8,0.7
PYPL,3.94,55.04,353.94,-76.02,4,0.17,0.14,4/5,hold,38.46-79.215,-12.02,31.0,80.0,68.46,Buy time,14.23 million,Financial Services,Credit Services,1.286,55.75,66.9,1.01,0.82,0.38
MQ,4.17,16.96,347.43,41.29,1,0.2,7.93,1/5,hold,14.8-22.28,5.19,24.0,28.0,24.25,- Buy time -,697.84 thousand,Technology,Software - Infrastructure,1.287,16.53,19.83,0.97,0.86,0.17
VGT,4.22,126.17,272.98,52.73,1,1,1,1/5,,83.09-126.62,6.59,0.0,0.1,0.1,Buy,2.96 million,N/A,N/A,1,121.0,146.95,0.96,0.86,0.17
SNOW,4.33,335.94,384.45,49.09,1,0.24,0.61,1/5,buy,118.3-384.56,6.12,13.0,525.0,475.09,Buy,3.58 million,Technology,Software - Application,1.328,333.5,404.17,0.99,0.83,0.03
BDSX,4.38,29.1,206.95,-27.25,4,0.48,0.47,4/5,buy,5.26-31.35,-5.15,7.000000000000001,41.0,39.17,Buy time,99.04 thousand,Healthcare,Diagnostics & Research,0.594,28.79,35.41,0.99,0.82,-0.02
ASTS,4.59,61.81,682.52,25.03,1,-0.9,-3.66,1/5,hold,47.5-133.86,3.12,54.0,108.0,93.8,Buy,7.57 million,Technology,Communication Equipment,2.726,61.98,74.54,1.0,0.83,-0.03
STRL,4.78,512.29,429.0,29.44,2,1.95,0.74,2/5,buy,281.58-1005.68,2.9,49.0,1000.0,938.0,Buy,407.82 thousand,Industrials,Engineering & Construction,1.847,493.61,593.01,0.96,0.86,0.01
TGLO,5.02,0.17,5.77,53.43,1,1,1,1/5,,0.11-0.64,0.0,73.0,0.1,0.1,Buy time,16.26 thousand,Financial Services,Shell Companies,1,0.15,0.19,0.88,0.89,2.5
NVDa,5.04,225.07,619.03,56.73,1,0.23,0.12,1/5,buy,164.27-236.54,6.95,5.0,515.0,421.35,Buy,117.65 million,Technology,Semiconductors,2.217,219.26,268.47,0.97,0.84,-0.15
EBAY,5.06,107.9,354.24,26.56,2,0.17,0.11,2/5,hold,78.03-119.31,3.43,10.0,145.0,130.48,Sell,3.93 million,Consumer Cyclical,Internet Retail,1.339,107.19,129.81,0.99,0.83,0.49
QSI,5.46,0.83,727.28,49.33,1,0.01,0.16,1/5,buy,0.69-3.1,5.16,73.0,4.0,3.15,Buy,1.85 million,Healthcare,Medical Devices,3.253,0.79,0.95,0.95,0.87,0.21
NTAP,5.74,201.15,396.03,30.2,3,0.62,0.29,3/5,hold,93.69-209.06,3.63,4.0,219.0,208.0,Buy,2.10 million,Technology,Software - Infrastructure,1.432,193.48,234.52,0.96,0.86,0.07
TOLL,6.4,40.91,258.88,22.02,2,1,1,2/5,,32.72-41.937,2.8,2.0,0.1,0.1,Buy time,7.40 thousand,N/A,N/A,1,40.03,53.66,0.98,0.76,2.24
BB,7.08,8.21,480.29,43.81,3,0.04,1.25,3/5,hold,3.12-13.59,5.12,40.0,13.0,11.4,Buy time,12.65 million,Technology,Software - Infrastructure,1.437,8.13,10.35,0.99,0.79,0.84
RKLB,7.13,73.95,645.5,93.37,2,0.01,0.07,2/5,buy,37.57-151.0,10.51,51.0,150.0,129.68,- +Buy time -,16.93 million,Industrials,Aerospace & Defense,2.612,67.55,82.39,0.91,0.9,0.15
GLXG,7.4,1.13,16.62,49.35,3,1,1,3/5,,0.72-5.3,5.31,79.0,0.1,0.1,Buy time,118.96 thousand,Industrials,Staffing & Employment Services,1,1.1,1.91,0.97,0.59,2.5
NEO,7.5,19.33,518.57,82.74,3,0.03,8.5,3/5,buy,7.07-20.05,10.14,4.0,35.0,27.36,- +Buy time -,1.76 million,Healthcare,Diagnostics & Research,1.748,18.47,22.58,0.96,0.86,0.16
P,9.25,126.0,422.81,146.83,4,0.19,0.4,4/5,buy,56.78-131.41,13.57,4.0,180.0,162.66,Buy time,3.98 million,Technology,Computer Hardware,1.434,106.18,132.32,0.84,0.95,0.21
JDZG,9.3,4.31,798.52,78.53,3,1,1,3/5,,2.63-1015.0,6.03,100.0,0.1,0.1,Buy time,560.34 thousand,Consumer Defensive,Education & Training Services,2.273,4.09,4.79,0.95,0.9,1.6
GME,11.15,23.39,642.17,205.97,3,0.0,0.0,3/5,strongBuy,17.79-28.1,23.17,17.0,0.1,0.1,Buy time,9.04 million,Consumer Cyclical,Specialty Retail,1.714,20.81,25.83,0.89,0.91,0.64
ORBS,11.61,1.14,933.98,316.92,1,1,1,1/5,,0.566-12.95,29.65,91.0,0.1,0.1,- Buy time -,11.62 million,Consumer Cyclical,Packaging & Containers,2.658,0.95,1.26,0.83,0.9,0.08
AEHL,16.77,9.36,748.88,603.36,0,1,1,0/5,,2.98-418.56,39.1,98.0,0.1,0.1,Buy,9.54 million,Industrials,Building Products & Equipment,1.11,7.61,98.32,0.81,0.1,2.5
MAN,0.08,57.41,169.03,-53.2,0,0.06,0.09,0/5,hold,25.15-63.88,-7.93,10.0,72.0,64.67,Sell,751.52 thousand,Industrials,Staffing & Employment Services,0.687,60.03,71.53,1.05,0.8,0.02
EMN,0.45,66.97,225.18,-52.91,0,0.18,0.11,0/5,hold,56.11-83.47,-7.53,20.0,100.0,90.8,Buy,1.15 million,Basic Materials,Specialty Chemicals,1.087,69.19,82.04,1.03,0.82,0.17
Hind,0.7,2.04,208.33,-41.78,0,0,0,0/5,buy,1.75-6.56,-5.88,69.0,15.0,11.92,Buy,7.86 thousand,Healthcare,Biotechnology,1,2.15,2.54,1.05,0.8,0.17
RUM,0.74,8.36,267.12,-67.05,1,-0.21,-2.13,1/5,strongBuy,4.62-10.595,-12.14,21.0,22.0,22.0,Buy,4.51 million,Communication Services,Internet Content & Information,1.217,8.76,10.27,1.05,0.81,0.08
HCI,0.87,174.94,241.95,-48.86,0,0.98,0.2,0/5,buy,144.75-210.5,-6.94,17.0,265.0,253.33,mere Sell (some bought),153.34 thousand,Financial Services,Insurance - Property & Casualty,1.023,186.27,222.69,1.06,0.79,0.43
MIDD,1.39,107.66,225.78,-49.59,1,0.48,0.24,1/5,buy,89.15527-148.55,-7.23,28.000000000000004,169.0,162.44,mere Buy (some sold),566.38 thousand,Industrials,Specialty Industrial Machinery,1.328,112.1,136.7,1.04,0.79,0.13
SAP,1.51,210.68,224.31,-0.05,0,-0.1,-0.05,0/5,buy,144.97-281.37,-0.47,25.0,319.0,285.25,Sell,2.30 million,Technology,Software - Application,0.775,215.03,257.63,1.02,0.82,-0.13
BBAI,1.83,2.8,784.86,-59.93,0,-0.04,-0.61,0/5,hold,2.59-9.39,-8.93,70.0,4.0,4.0,Sell,16.22 million,Technology,Information Technology Services,3.182,2.98,3.42,1.06,0.82,0.06
BABA,2.03,109.74,58.66,-64.15,3,-7.42,-1.1,3/5,buy,91.99-192.67,-9.19,43.0,238.41919,211.93,- +Buy time -,8.50 million,Consumer Cyclical,Internet Retail,0.5,113.98,136.62,1.04,0.8,-0.16
ARMK,2.06,54.92,228.59,-57.61,2,0.05,0.1,2/5,buy,35.07-62.65,-8.38,12.0,75.0,71.75,mere Buy (some sold),2.30 million,Industrials,Specialty Business Services,1.19,57.97,68.48,1.06,0.8,0.1
KRKR,2.34,3.06,116.6,-2.09,-1,1,1,-1/5,,2.5-7.58,-0.33,60.0,0.1,0.1,Sell ALL,4.22 thousand,Communication Services,Advertising Agencies,0.533,3.15,4.33,1.03,0.71,1.95
NA.TO,2.53,212.23,258.05,-35.06,1,0.28,0.09,1/5,hold,146.73-237.13,-4.85,11.0,248.0,235.88,- Buy time -,1.99 million,Financial Services,Banks - Diversified,1.165,216.6,269.97,1.02,0.79,0.75
KSS,2.78,17.9,312.63,8.06,1,0.77,1.56,1/5,hold,11.38-25.22,0.45,28.999999999999996,41.5,30.12,Buy,6.48 million,Consumer Cyclical,Department Stores,1.404,17.76,21.68,0.99,0.83,-0.22
VOO,3.13,710.79,250.5,7.2,1,1,1,1/5,,578.46-716.39,0.93,1.0,0.1,0.1,Buy,9.26 million,N/A,N/A,1,704.1,865.55,0.99,0.82,0.27
JTAI,3.27,1.56,41.03,61.67,1,-4.42,-2.21,1/5,,0.332765-69.77626,4.49,98.0,80.0,80.0,Buy,78.62 thousand,Technology,Software - Application,1,1.46,1.75,0.94,0.89,0.06
UL,3.27,62.54,113.11,-27.45,3,1,1,3/5,buy,54.75-74.98,-3.87,17.0,76.32718,74.44,- +Buy time -,3.37 million,Consumer Defensive,Household & Personal Products,0.453,63.76,77.25,1.02,0.81,-0.07
TSCDY,3.28,18.99,144.83,3.28,2,1,1,2/5,strongBuy,16.65-20.54,0.32,8.0,22.0,21.93,Sell,135.38 thousand,Consumer Defensive,Grocery Stores,0.567,19.13,22.92,1.01,0.83,-0.05
PSQ,3.32,24.64,259.38,-30.69,2,1,1,2/5,,24.55-33.47,-4.43,26.0,0.1,0.1,Sell ALL,11.87 million,N/A,N/A,1,25.73,31.02,1.04,0.79,0.54
BP,3.7,44.15,41.7,32.13,2,0.75,0.58,2/5,hold,32.72-48.27,3.74,9.0,64.0,56.44,Sell,10.59 million,Energy,Oil & Gas Integrated,1,44.84,53.38,1.02,0.83,-0.01
MNTS,3.75,4.23,585.04,0.36,1,1,1,1/5,buy,3.11-34.464287,-0.24,88.0,8.0,8.0,Buy,523.72 thousand,Industrials,Aerospace & Defense,2.326,4.24,5.08,1.0,0.83,0.07
IVVD,4.18,0.93,394.27,49.66,1,0.0,0.0,1/5,buy,0.528-3.07,3.43,70.0,10.0,10.0,- +Buy time -,3.34 million,Healthcare,Biotechnology,0.807,0.92,1.09,0.99,0.85,0.14
LINK,4.32,5.55,342.52,63.68,0,0,0,0/5,,2.66-10.101333,6.85,45.0,0.1,0.1,- Buy time -,34.42 thousand,Technology,Electronic Components,1.061,5.7,7.02,1.03,0.79,0.81
HPQ,4.44,31.3,340.97,31.68,2,0.28,0.4,2/5,hold,17.56-36.23,3.43,14.000000000000002,72.0,50.83,Sell,16.65 million,Technology,Computer Hardware,1.205,32.25,39.15,1.03,0.8,-0.15
BMNR,5.01,27.56,326.25,86.42,1,-0.56,-3.18,1/5,buy,12.8-65.6,9.62,57.99999999999999,63.6,54.73,Buy,37.62 million,Financial Services,Capital Markets,1.355,25.7,31.24,0.93,0.88,0.09
CLOU,5.98,28.39,316.95,27.11,3,1,1,3/5,,17.52-29.365,3.21,3.0,0.1,0.1,Buy time,254.44 thousand,N/A,N/A,1,28.34,35.0,1.0,0.81,0.64
SENS,5.98,10.0,268.44,57.69,3,-0.02,-0.02,3/5,buy,4.79-11.58,6.6,14.000000000000002,18.0,16.1,Buy time,452.90 thousand,Healthcare,Medical Devices,1.083,9.46,11.42,0.95,0.88,0.08
TRAD,6.1,10.05,251.49,0.75,2,1,1,2/5,,9.85-10.05,0.1,-0.0,0.1,0.1,- Buy time -,1.76 thousand,Financial Services,Shell Companies,1,10.04,12.65,1.0,0.79,2.5
NVAX,6.73,10.63,627.35,115.54,1,0.24,0.92,1/5,buy,6.2-11.97,13.36,11.0,25.0,19.5,Buy,4.78 million,Healthcare,Biotechnology,2.45,9.89,12.45,0.93,0.85,0.16
ISRG,7.05,405.18,461.82,70.87,3,0.69,0.31,3/5,buy,328.57-603.88,8.58,33.0,685.0,580.67,Buy time,2.29 million,Healthcare,Medical Instruments & Supplies,1.465,379.54,464.24,0.94,0.87,0.19
TRX,7.33,1.29,321.03,53.94,4,0.01,0.69,4/5,buy,0.54-2.8,6.2,54.0,2.5,2.43,Buy,2.39 million,Basic Materials,Gold,0.992,1.23,1.51,0.95,0.85,0.44
IONQ,7.52,45.48,805.32,114.31,1,-1.89,-2.5,1/5,buy,25.89-84.64,11.98,46.0,100.0,83.57,Buy time,21.99 million,Technology,Computer Hardware,3.295,41.1,51.97,0.9,0.88,0.57
TSSI,7.58,9.87,589.07,136.93,1,-0.02,-0.28,1/5,strongBuy,6.87-21.77,13.78,55.00000000000001,20.0,18.25,Buy time,1.24 million,Technology,Information Technology Services,2.007,9.0,11.81,0.91,0.84,0.84
STAN.L,7.75,2313.0,185.31,59.3,5,0.25,0.4,5/5,hold,1351.5-2345.0,7.48,1.0,2671.9612,2530.82,- +Buy time -,5.53 million,Financial Services,Banks - Diversified,0.595,2282.2,2744.79,0.99,0.84,0.17
CVS,0.02,89.13,125.89,-41.08,-1,1.09,0.56,-1/5,buy,69.51-110.68,-5.82,19.0,148.0,132.14,Sell ALL,8.30 million,Healthcare,Healthcare Plans,0.58,94.33,115.11,1.06,0.77,0.63
AXP,0.15,308.89,192.34,-62.06,0,0.42,0.1,0/5,hold,290.97-387.49,-8.83,20.0,450.0,414.27,Sell ALL,2.35 million,Financial Services,Credit Services,1.048,325.86,384.38,1.05,0.8,0.21
HYMC,0.21,21.48,541.76,-121.03,1,0.01,0.07,1/5,hold,5.92-58.73,-18.53,63.0,25.0,25.0,Buy,1.71 million,Basic Materials,Gold,2.839,23.03,25.68,1.07,0.84,0.01
RUN,0.3,8.11,499.24,-86.63,0,0.84,13.0,0/5,hold,7.75-22.44,-12.58,64.0,30.0,22.93,mere Sell (some bought),6.83 million,Technology,Solar,2.364,8.7,9.98,1.07,0.81,0.1
SSRM,0.32,35.68,186.42,-48.1,0,0.33,0.4,0/5,buy,18.19-39.44,-6.75,10.0,48.0,45.1,Buy,1.98 million,Basic Materials,Gold,0.982,36.88,44.13,1.03,0.81,0.02
SRPT,0.39,18.67,43.49,-24.57,0,2.26,2.34,0/5,hold,14.68-25.32,-4.23,26.0,38.0,29.93,Sell,2.40 million,Healthcare,Biotechnology,0.261,20.5,24.33,1.1,0.77,-0.01
FOX,0.52,56.54,44.66,-65.32,1,1,1,1/5,,44.08-68.175,-9.52,17.0,0.1,0.1,Sell,1.07 million,Communication Services,Entertainment,0.559,60.05,73.99,1.06,0.76,0.24
TMUS,0.57,165.43,62.42,-58.66,1,0.69,0.3,1/5,buy,161.14-240.95,-8.57,31.0,300.0,272.06,== less Sell ALL==,3.81 million,Communication Services,Telecom Services,0.331,179.23,212.99,1.08,0.78,0.06
REIT,0.63,28.74,185.31,-44.92,0,1,1,0/5,,25.9-32.16,-6.26,11.0,0.1,0.1,Sell,8.10 thousand,N/A,N/A,1,29.83,36.07,1.04,0.8,0.24
FUBO,0.67,9.64,574.01,-40.75,-1,-0.14,-1.31,-1/5,buy,7.95-52.68,-6.85,82.0,23.0,20.0,Sell,1.17 million,Communication Services,Broadcasting,2.425,11.01,12.96,1.14,0.74,0.02
IHS,0.71,8.43,191.45,6.29,-1,-0.16,-1.33,-1/5,hold,5.71-8.95,0.83,6.0,8.5,8.33,Sell,914.32 thousand,Real Estate,Real Estate Services,0.737,8.44,10.35,1.0,0.81,-0.13
DHS,0.71,114.0,216.99,-33.45,0,1,1,0/5,,97.15-120.71,-4.62,6.0,0.1,0.1,Sell ALL,25.00 thousand,N/A,N/A,1,117.31,141.09,1.03,0.81,-0.08
CRVO,1.05,2.54,-29.47,-29.96,1,0.15,0.17,1/5,buy,2.13-10.0,-4.33,75.0,25.0,20.2,Buy,102.82 thousand,Healthcare,Biotechnology,1,2.6,3.09,1.02,0.82,0.04
ADM,1.07,81.12,170.55,12.96,-1,0.45,0.36,-1/5,hold,55.58-88.75,1.27,9.0,95.0,87.7,== less Sell ALL==,3.61 million,Consumer Defensive,Farm Products,0.613,84.42,101.87,1.04,0.8,0.17
NEUP,1.08,3.65,199.17,-41.15,1,1.29,2.3,1/5,hold,3.19-21.4,-5.75,83.0,0.1,0.1,mere Buy (some sold),31.04 thousand,Healthcare,Biotechnology,1,3.81,4.43,1.04,0.82,-0.35
OPI,1.13,16.6,228.57,-30.45,0,1,1,0/5,buy,14.64-49.69,-4.82,67.0,27.0,27.0,Sell ALL,52.92 thousand,Real Estate,REIT - Office,1,17.5,20.52,1.05,0.81,0.29
AAOI,1.29,101.4,804.43,-80.66,0,0.03,2.55,0/5,hold,18.5-233.67,-12.19,56.99999999999999,220.0,191.7,Buy,5.06 million,Technology,Communication Equipment,3.783,107.5,124.24,1.06,0.82,0.05
FEDERALBNK.NS,1.29,322.0,48.25,-54.24,-1,-0.07,-0.01,-1/5,buy,189.05-371.7,-7.75,13.0,425.0,395.34,Sell ALL,7.26 million,Financial Services,Banks - Regional,0.27,345.16,437.16,1.07,0.74,2.5
FR,1.33,61.17,232.73,-20.19,0,0.9,2.6,0/5,buy,50.24-69.88,-2.76,12.0,86.0,79.12,Sell,687.96 thousand,Real Estate,REIT - Industrial,1.044,62.03,74.0,1.01,0.83,0.14
AII,1.39,25.19,180.48,-40.25,1,0.89,1.0,1/5,strongBuy,16.19-27.0,-5.72,7.000000000000001,29.0,28.0,mere Buy (some sold),224.44 thousand,Financial Services,Insurance - Property & Casualty,1,26.47,32.22,1.05,0.78,0.0
BTI,1.51,55.63,-14.28,-23.12,1,1,1,1/5,buy,49.88-67.3,-3.25,17.0,75.0,72.72,Sell,5.27 million,Consumer Defensive,Tobacco,0.114,56.47,70.13,1.02,0.79,0.26
PDYN,1.52,5.39,824.62,-77.2,0,-0.06,-0.35,0/5,buy,4.14-10.728,-11.13,50.0,15.0,12.88,Sell ALL,768.00 thousand,Technology,Software - Infrastructure,3.663,5.82,6.66,1.08,0.81,0.06
RGT,1.52,14.48,214.87,-49.16,1,1,1,1/5,,12.01-15.79,-6.98,8.0,0.1,0.1,Buy,33.44 thousand,Financial Services,Asset Management,1,15.07,18.41,1.04,0.79,0.26
KOF,1.56,110.23,106.88,-30.06,1,0.19,0.13,1/5,buy,80.22-117.09,-4.15,6.0,134.0,127.8,mere Buy (some sold),160.08 thousand,Consumer Defensive,Beverages - Non-Alcoholic,0.525,112.83,134.48,1.02,0.82,0.11
NOW,1.75,135.62,299.32,75.21,-2,0.04,0.05,-2/5,buy,81.24-192.966,7.24,30.0,248.0,196.5,Sell,15.19 million,Technology,Software - Application,0.972,139.65,169.28,1.03,0.8,0.02
CAN,1.77,0.38,548.42,-11.1,0,-0.04,-7.38,0/5,buy,0.152-2.22,-5.57,83.0,2.1,1.79,Buy,12.48 million,Technology,Computer Hardware,2.73,0.38,0.44,1.0,0.86,-0.18
VST,1.84,138.46,292.47,-4.64,0,0.1,-0.01,0/5,buy,132.66-217.1,-0.97,36.0,305.0,261.29,mere Sell (some bought),4.52 million,Utilities,Utilities - Independent Power Producers,1.414,143.48,170.85,1.04,0.81,0.1
INVX,1.86,28.5,232.96,10.25,0,0.09,0.35,0/5,buy,17.01-33.71,0.84,15.0,36.0,34.7,Sell,601.00 thousand,Energy,Oil & Gas Equipment & Services,1.071,29.87,35.78,1.05,0.8,-0.06
TSME,1.87,46.37,190.2,-32.77,1,1,1,1/5,,38.38-52.37,-4.57,11.0,0.1,0.1,Buy,35.20 thousand,N/A,N/A,1,47.02,56.81,1.01,0.82,0.24
STAG,1.95,36.79,228.54,-7.81,0,0.01,0.06,0/5,hold,34.67-42.61,-1.06,14.000000000000002,46.0,43.88,Sell ALL,1.70 million,Real Estate,REIT - Industrial,0.961,37.36,45.58,1.02,0.81,0.45
AXS,2.03,94.45,106.72,-41.3,2,-0.31,-0.1,2/5,buy,88.07-119.99,-5.89,21.0,131.0,127.05,mere Buy (some sold),593.20 thousand,Financial Services,Insurance - Specialty,0.494,99.3,118.97,1.05,0.79,-0.01
C,2.04,134.28,231.64,5.28,0,0.89,0.34,0/5,buy,93.66-147.96,0.54,9.0,176.0,165.38,mere Sell (some bought),7.53 million,Financial Services,Banks - Diversified,1.097,135.92,162.77,1.01,0.82,0.21
HOLO,2.09,1.67,619.32,-61.44,1,1,1,1/5,,1.43-5.66,-9.58,70.0,0.1,0.1,Buy,227.98 thousand,Technology,Software - Application,2.899,1.73,1.99,1.04,0.84,0.01
SEDG,2.18,32.68,258.78,0.74,0,-0.11,11.35,0/5,hold,28.21-81.25,-1.22,60.0,100.0,69.75,Sell,4.85 million,Technology,Solar,1.438,34.54,41.98,1.06,0.78,0.51
UCOBANK.NS,2.2,23.94,114.63,-62.0,0,1,1,0/5,,22.22-34.2,-8.81,30.0,0.1,0.1,Sell ALL,4.21 million,Financial Services,Banks - Regional,0.697,24.76,28.98,1.03,0.83,2.5
LUMN,2.34,5.71,494.56,-33.88,1,-0.28,-2.36,1/5,hold,5.65-11.95,-6.65,52.0,9.0,8.32,Sell,12.60 million,Communication Services,Telecom Services,1.803,6.47,7.75,1.13,0.74,0.02
RIG,2.53,5.38,368.62,-25.65,1,-0.09,-0.08,1/5,hold,3.03-7.66,-4.09,30.0,10.0,8.28,Sell,40.57 million,Energy,Oil & Gas Drilling,1.339,5.79,6.91,1.08,0.78,0.22
KXI,2.56,66.62,204.9,-30.22,0,1,1,0/5,,63.15-73.65,-4.16,10.0,0.1,0.1,mere Buy (some sold),261.26 thousand,N/A,N/A,1,68.06,92.48,1.02,0.72,1.72
TRV,2.64,363.04,103.49,-13.02,2,5.28,0.95,2/5,hold,252.26-398.7,-1.89,9.0,430.0,395.35,Sell,1.33 million,Financial Services,Insurance - Property & Casualty,0.451,371.11,446.36,1.02,0.81,-0.14
CDX,2.75,20.39,232.46,-7.91,1,1,1,1/5,,20.23-22.95,-1.07,11.0,0.1,0.1,- Buy time -,166.86 thousand,N/A,N/A,1,20.48,24.54,1.0,0.83,0.33
TDOC,2.77,6.09,474.47,-23.9,1,0.12,0.38,1/5,hold,4.4-9.887,-3.94,38.0,10.5,9.09,Sell,3.46 million,Healthcare,Health Information Services,2.125,6.39,7.66,1.05,0.8,0.1
CNC,2.77,61.82,275.32,-39.41,2,2.67,1.91,2/5,hold,31.63-69.63,-5.9,11.0,85.0,78.39,== less Sell ALL==,4.85 million,Healthcare,Healthcare Plans,1.106,66.71,81.27,1.08,0.76,0.19
RULE,2.88,30.73,245.12,13.72,1,1,1,1/5,,21.46-34.42,1.75,11.0,0.1,0.1,Buy,1.20 thousand,N/A,N/A,1,30.11,35.93,0.98,0.86,-0.12
TGL,2.91,2.13,372.86,58.27,0,1,1,0/5,,2.0-58.0,-0.47,96.0,0.1,0.1,Sell ALL,85.22 thousand,Technology,Software - Application,0.561,2.64,3.14,1.24,0.68,0.17
GEM,2.94,51.98,247.66,11.04,1,1,1,1/5,,39.635-54.29,1.39,4.0,0.1,0.1,Buy,98.24 thousand,N/A,N/A,1,51.4,61.3,0.99,0.85,0.0
ATCH,2.95,0.19,169.4,-36.47,1,0,0,1/5,buy,0.16-0.82,-5.32,77.0,1.0,1.0,- Buy time -,1.95 million,Financial Services,Capital Markets,0.968,0.19,0.26,1.0,0.73,1.51
WOLF,2.95,27.57,207.64,28.63,1,0.71,0.22,1/5,hold,8.05-80.82,2.32,66.0,30.0,28.75,Buy,2.39 million,Technology,Semiconductors,1,26.8,31.68,0.97,0.87,-0.16
AEVA,2.95,15.35,530.06,-16.99,1,0.04,0.09,1/5,buy,8.83-31.3,-2.87,51.0,42.0,36.0,Buy,1.25 million,Technology,Software - Infrastructure,2.434,15.72,18.74,1.02,0.82,-0.08
GOOGL,3.0,343.92,290.97,5.36,1,8.65,3.06,1/5,buy,235.84-408.61,0.62,16.0,515.0,472.23,Sell,24.25 million,Communication Services,Internet Content & Information,1.225,343.92,414.86,1.0,0.83,0.07
BIOT,3.02,0.41,173.08,-10.95,1,1,1,1/5,,0.36-50.0,-2.44,99.0,0.1,0.1,Buy,135.90 thousand,Consumer Defensive,Household & Personal Products,1,0.43,0.51,1.05,0.8,0.97
CRNC,3.05,7.95,717.79,-5.97,0,0.07,0.43,0/5,hold,5.85-13.738,-1.01,42.0,12.0,11.38,Sell ALL,504.22 thousand,Technology,Software - Application,3.012,8.34,10.03,1.05,0.79,0.03
HUM,3.1,397.93,175.82,14.02,1,0.72,0.1,1/5,hold,163.11-428.88,1.73,7.000000000000001,515.0,469.37,- Buy time -,1.13 million,Healthcare,Healthcare Plans,0.745,404.77,493.57,1.02,0.81,0.31
MDT,3.11,88.64,137.22,-20.77,2,0.07,0.05,2/5,buy,73.31-106.33,-2.97,17.0,121.0,112.92,Sell ALL,8.80 million,Healthcare,Medical Devices,0.574,91.37,111.14,1.03,0.8,0.43
URTH,3.18,208.73,247.25,-0.67,1,1,1,1/5,,174.24-211.94,-0.11,2.0,0.1,0.1,Buy,729.30 thousand,N/A,N/A,1,208.2,249.63,1.0,0.84,0.53
BTX,3.18,9.04,229.87,15.99,1,1,1,1/5,,6.13-9.435,1.82,4.0,0.1,0.1,Buy,402.16 thousand,Financial Services,Asset Management,1,8.92,10.82,0.99,0.84,0.19
Gold,3.19,43.95,168.96,-2.3,2,-0.07,-0.11,2/5,buy,23.0-66.7,-0.91,34.0,90.0,77.2,Sell,496.58 thousand,Financial Services,Capital Markets,0.623,46.03,55.06,1.05,0.8,-0.02
MTCH,3.2,40.55,323.29,-22.49,2,0.07,0.09,2/5,hold,28.81-44.935,-3.75,10.0,51.0,46.44,mere Buy (some sold),3.24 million,Communication Services,Internet Content & Information,1.323,42.5,50.96,1.05,0.8,0.05
USA,3.2,5.87,242.75,-14.97,2,1,1,2/5,,5.4-6.47,-2.04,9.0,0.1,0.1,Buy,1.17 million,Financial Services,Asset Management,0.971,5.93,7.2,1.01,0.82,0.03
WFC,3.21,82.97,253.94,-17.39,2,0.3,0.17,2/5,buy,72.78-97.76,-2.72,15.0,115.0,107.68,Sell,13.50 million,Financial Services,Banks - Diversified,0.916,87.55,104.52,1.06,0.79,0.11
AMAT,3.23,485.0,318.1,18.84,1,0.28,0.1,1/5,buy,202.87-739.67,1.08,34.0,900.0,770.44,Buy,5.41 million,Technology,Semiconductor Equipment & Materials,1.597,465.02,557.42,0.96,0.87,0.02
AFRM,3.27,71.52,851.21,-45.5,0,4.01,4.71,0/5,buy,42.095-90.44,-6.91,21.0,124.0,111.55,Sell,4.71 million,Financial Services,Credit Services,3.61,74.13,88.78,1.04,0.81,0.92
SUPP,3.34,78.72,199.33,-7.88,1,1,1,1/5,,67.341-88.627,-1.24,11.0,0.1,0.1,Buy,200,N/A,N/A,1,77.83,100.79,0.99,0.78,1.04
CRDO,3.35,210.97,712.19,36.27,0,0.16,0.15,0/5,buy,86.485-308.67,-7.36,32.0,350.0,315.05,Buy,6.34 million,Technology,Semiconductors,3.228,200.08,240.14,0.95,0.88,0.56
PVH,3.37,75.99,397.01,-19.52,2,0.81,0.31,2/5,hold,59.6-100.75,-3.26,25.0,128.0,109.42,- +Buy time -,996.88 thousand,Consumer Cyclical,Apparel Manufacturing,1.722,74.68,88.29,0.98,0.86,-0.09
SUN,3.39,74.76,128.69,-0.85,2,-0.72,-0.01,2/5,buy,48.6-80.22,-0.45,7.000000000000001,90.0,86.5,Sell ALL,547.70 thousand,Energy,Oil & Gas Refining & Marketing,0.416,77.12,91.97,1.03,0.81,0.24
BRK-A,3.47,758506.0,159.31,1.83,2,1386.66,0.19,2/5,hold,698000.0-806103.0,0.21,6.0,906011.0,852756.88,mere Buy (some sold),160,Financial Services,Insurance - Diversified,0.603,763601.8,899841.75,1.01,0.84,0.12
XERS,3.49,9.1,135.82,54.45,1,0.01,14.21,1/5,buy,5.25-10.08,4.62,10.0,18.0,15.14,Buy,1.52 million,Healthcare,Drug Manufacturers - Specialty & Generic,0.85,8.42,10.06,0.93,0.9,0.06
MO,3.51,68.82,116.4,9.09,2,0.05,0.05,2/5,hold,54.7-77.06,1.14,11.0,82.0,76.0,mere Buy (some sold),7.89 million,Consumer Defensive,Tobacco,0.494,68.73,83.78,1.0,0.82,0.11
IMCC,3.64,2.84,300.27,123.43,0,26.1,1.17,0/5,,1.55-77.1,-17.25,96.0,0.1,0.1,- Buy time -,162.98 thousand,Healthcare,Drug Manufacturers - Specialty & Generic,2.099,2.72,3.8,0.96,0.75,2.23
HON,3.67,212.55,186.06,-25.87,3,0.39,0.13,3/5,buy,195.86786-260.28317,-3.82,18.0,303.0,282.37,Buy,3.16 million,Industrials,Conglomerates,0.901,211.98,252.05,1.0,0.84,0.08
PKG,3.75,237.18,191.35,-23.32,3,0.31,0.14,3/5,buy,191.5-259.98,-3.34,9.0,320.0,289.65,Buy time,606.34 thousand,Consumer Cyclical,Packaging & Containers,0.797,238.21,285.68,1.0,0.83,0.07
SND,3.76,5.23,97.5,61.05,1,1,1,1/5,,2.03-5.92,7.46,12.0,0.1,0.1,Buy,202.36 thousand,Energy,Oil & Gas Equipment & Services,0.355,5.22,6.24,1.0,0.84,0.06
LAZR,3.78,44.89,219.89,18.55,2,1,1,2/5,,32.55-50.82,1.65,12.0,0.1,0.1,Buy,87.56 thousand,N/A,N/A,1,43.56,52.81,0.97,0.85,-0.09
EQS,3.79,1.0,-18.18,-20.75,1,1,1,1/5,,0.94-2.43,-3.0,59.0,0.1,0.1,Buy,37.96 thousand,Financial Services,Asset Management,0.108,1.03,1.32,1.03,0.76,2.5
SH,3.83,32.01,266.22,-2.91,2,1,1,2/5,,31.83-39.2,-0.44,18.0,0.1,0.1,Sell ALL,7.82 million,N/A,N/A,1,32.47,39.17,1.01,0.82,0.28
NVTS,3.86,12.2,866.06,-18.83,1,0.01,0.21,1/5,hold,6.792-34.17,-3.85,64.0,21.0,17.54,Buy,10.49 million,Technology,Semiconductors,3.875,11.93,14.11,0.98,0.86,-0.07
HDG,3.87,54.2,243.4,-5.49,0,1,1,0/5,,50.72-55.4,-0.74,2.0,0.1,0.1,Sell ALL,840,N/A,N/A,1,54.4,75.02,1.0,0.72,2.27
TEST,3.91,37.68,271.62,33.38,1,1,1,1/5,,33.396-57.74,4.16,35.0,0.1,0.1,Buy,960,N/A,N/A,1,37.3,44.67,0.99,0.84,0.35
CVX,3.93,204.45,202.5,18.09,2,0.93,0.54,2/5,buy,146.49-217.78,2.07,6.0,250.0,236.96,Sell,9.05 million,Energy,Oil & Gas Integrated,0.491,210.51,250.55,1.03,0.82,0.07
KDP,3.94,31.95,88.63,-5.89,3,0.05,0.1,3/5,buy,24.88-33.82,-0.81,6.0,42.0,39.1,- +Buy time -,9.97 million,Consumer Defensive,Beverages - Non-Alcoholic,0.414,32.05,38.16,1.0,0.84,0.1
HIBL,4.08,115.08,118.32,64.14,1,1,1,1/5,,46.94-138.113,5.57,17.0,0.1,0.1,- Buy time -,28.14 thousand,N/A,N/A,1,105.31,130.07,0.92,0.88,0.49
IBIT,4.13,47.57,237.51,54.73,1,1,1,1/5,,32.84-71.82,6.54,34.0,0.1,0.1,Buy,46.24 million,N/A,N/A,1,44.98,54.53,0.95,0.87,0.17
RVI,4.14,27.92,322.22,47.27,1,1,1,1/5,,21.0-77.39,5.73,64.0,0.1,0.1,Buy,121.74 thousand,Financial Services,Asset Management,1,27.78,33.48,0.99,0.83,0.09
TEVA,4.17,39.19,208.94,27.94,2,1,1,2/5,strongBuy,18.47-40.79,3.24,4.0,50.0,47.0,Sell,5.12 million,Healthcare,Drug Manufacturers - Specialty & Generic,0.795,38.18,46.03,0.97,0.85,0.05
ASO,4.19,49.14,195.77,116.86,0,0.15,0.07,0/5,hold,41.29-62.445,11.64,21.0,69.0,63.92,mere Sell (some bought),2.12 million,Consumer Cyclical,Specialty Retail,1.019,49.11,59.85,1.0,0.82,0.02
BTCC,4.27,13.7,238.62,12.84,2,1,1,2/5,,12.31-31.87,1.55,56.99999999999999,0.1,0.1,- Buy time -,47.70 thousand,N/A,N/A,1,13.52,16.54,0.99,0.83,0.41
BLRX,4.3,2.6,192.19,-24.61,1,1.04,1.0,1/5,buy,2.15-4.56,-3.85,43.0,26.0,24.0,Buy,54.78 thousand,Healthcare,Biotechnology,0.695,2.74,4.11,1.05,0.63,2.5
RGTI,4.33,16.66,469.23,37.45,1,-0.0,-0.01,1/5,buy,12.53-58.15,4.32,71.0,40.0,34.26,Buy,13.95 million,Technology,Computer Hardware,2.01,16.22,19.36,0.97,0.86,0.1
PLUS,4.53,90.51,275.19,38.08,2,0.16,0.14,2/5,buy,69.25-98.14,4.81,8.0,111.0,111.0,Sell,171.28 thousand,Technology,Software - Application,0.972,90.26,108.83,1.0,0.83,-0.08
CROX,4.55,126.14,375.47,25.16,2,0.4,0.12,2/5,hold,73.21-141.28,1.98,11.0,163.0,150.62,Buy,1.12 million,Consumer Cyclical,Footwear & Accessories,1.514,119.53,143.86,0.95,0.88,0.09
AI,4.59,10.65,549.63,75.53,0,0.1,0.35,0/5,hold,7.675-20.22,8.92,47.0,12.0,10.15,Sell,4.60 million,Technology,Software - Infrastructure,2.093,10.65,13.03,1.0,0.82,0.09
CLF,4.64,12.18,565.16,41.1,1,0.04,0.11,1/5,hold,7.73-16.7,5.25,27.0,15.0,13.65,Buy,10.18 million,Basic Materials,Steel,2.11,12.02,14.63,0.99,0.83,-0.03
AKA,4.73,11.22,387.98,39.51,2,0.4,0.98,2/5,hold,8.42-16.38,4.97,32.0,30.0,24.88,- +Buy time -,3.72 thousand,Consumer Cyclical,Apparel Retail,1.386,10.89,13.02,0.97,0.86,-0.25
PSX,4.79,255.75,240.19,42.39,2,2.79,2.51,2/5,buy,126.74-277.12,5.29,8.0,335.0,293.47,Sell ALL,3.16 million,Energy,Oil & Gas Refining & Marketing,0.704,256.52,308.68,1.0,0.83,0.19
LB.TO,4.87,40.68,295.97,6.69,3,-0.23,-0.38,3/5,hold,31.69-40.78,0.88,0.0,40.5,40.38,- Buy time -,196.52 thousand,Financial Services,Banks - Regional,1.175,40.59,48.77,1.0,0.83,0.07
HLF,4.98,12.55,250.2,20.89,2,0.0,0.01,2/5,buy,7.56-20.4,1.27,38.0,25.0,21.0,- Buy time -,2.24 million,Consumer Defensive,Packaged Foods,0.86,12.3,15.48,0.98,0.81,1.03
AUR,5.06,6.04,650.71,42.77,1,-0.01,-0.13,1/5,buy,3.6-8.565,4.64,28.999999999999996,18.0,15.02,Sell ALL,25.14 million,Consumer Cyclical,Auto Parts,2.634,6.19,7.49,1.02,0.81,0.18
RDW,5.09,11.62,780.77,26.4,1,0.09,0.59,1/5,buy,4.87-26.64,3.01,56.00000000000001,20.0,17.34,- Buy time -,11.25 million,Industrials,Aerospace & Defense,3.094,11.45,13.77,0.99,0.84,0.17
TSLA,5.16,372.11,508.68,57.31,1,-0.15,-0.22,1/5,hold,297.38-498.83,7.07,25.0,600.0,498.31,- Buy time -,39.24 million,Consumer Cyclical,Auto Manufacturers,1.845,367.86,458.04,0.99,0.81,0.29
DXJ,5.29,181.27,289.38,13.62,3,1,1,3/5,,126.76-183.11,1.69,1.0,0.1,0.1,- +Buy time -,216.34 thousand,N/A,N/A,1,178.45,219.26,0.98,0.83,0.35
TK,5.31,13.7,155.22,88.17,2,1,1,2/5,,7.8-14.93,10.58,8.0,0.1,0.1,Sell,581.10 thousand,Energy,Oil & Gas Midstream,0.154,13.78,16.5,1.01,0.83,-0.11
ETST,5.38,0.09,638.49,-0.58,2,-0.0,-0.6,2/5,strongBuy,0.001-0.237,-0.21,61.0,1.0,1.0,Buy,142.50 thousand,Healthcare,Drug Manufacturers - Specialty & Generic,2.473,0.1,0.11,1.11,0.82,0.64
XRPI,5.56,8.49,210.36,107.14,1,1,1,1/5,,5.42-18.77,11.57,55.00000000000001,0.1,0.1,Buy,440.88 thousand,N/A,N/A,1,7.81,10.21,0.92,0.83,0.56
BTCU,5.56,27.52,223.11,98.12,1,1,1,1/5,,14.11-29.58,10.45,7.000000000000001,0.1,0.1,Buy,35.66 thousand,N/A,N/A,1,24.95,29.53,0.91,0.93,0.74
KOPN,5.63,4.99,859.27,49.36,1,0.02,1.0,1/5,buy,1.81-6.61,5.21,25.0,12.0,10.21,Buy,3.33 million,Technology,Electronic Components,3.573,4.7,5.65,0.94,0.88,-0.03
BCTX,5.72,4.32,378.84,71.06,2,13.35,1.07,2/5,,2.6-14.68,6.71,71.0,0.1,0.1,- Buy time -,156.88 thousand,Healthcare,Biotechnology,1.532,3.9,4.75,0.9,0.91,0.22
APLD,5.79,26.25,1372.34,-7.86,1,0.53,2.64,1/5,buy,19.005-50.725,-2.36,48.0,109.0,87.72,Buy,12.98 million,Technology,Information Technology Services,5.728,26.68,31.15,1.02,0.84,0.02
BUZZ,5.82,39.29,262.73,57.95,2,1,1,2/5,,26.93-41.23,7.18,5.0,0.1,0.1,Buy time,18.48 thousand,N/A,N/A,1,37.45,47.11,0.95,0.83,0.77
PBR,5.86,20.37,161.65,111.28,2,0.19,0.12,2/5,buy,11.43-22.24,12.81,8.0,27.0,24.73,Sell,24.71 million,Energy,Oil & Gas Integrated,1,20.35,24.57,1.0,0.83,-0.08
TECH,5.89,72.61,322.71,2.39,4,-0.0,-0.01,4/5,hold,43.2-72.69,0.32,0.0,73.0,71.86,- +Buy time -,2.50 million,Healthcare,Biotechnology,1.275,72.43,87.92,1.0,0.83,0.21
ON,5.92,77.2,581.84,42.6,2,0.04,0.08,2/5,hold,44.56-134.92,5.16,43.0,150.0,126.85,- +Buy time -,8.34 million,Technology,Semiconductors,1.997,74.36,90.19,0.96,0.86,0.29
CHKR,5.94,0.39,67.65,45.25,4,1,1,4/5,,0.151-0.5,5.37,22.0,0.1,0.1,Buy,27.36 thousand,Energy,Oil & Gas E&P,0.131,0.38,0.46,0.97,0.85,0.02
NBIS,6.36,237.33,464.06,92.7,2,3.0,4.17,2/5,buy,73.52-299.86,9.86,21.0,415.0,349.29,Buy,11.14 million,Communication Services,Internet Content & Information,1.436,226.43,275.86,0.95,0.86,0.02
VARROC.NS,6.38,838.35,132.4,26.89,2,-1.15,-0.17,2/5,buy,462.0-912.2,3.35,8.0,897.0,823.7,Sell ALL,156.73 thousand,Consumer Cyclical,Auto Parts,0.316,848.16,1010.15,1.01,0.83,2.5
AMC,6.41,2.94,690.0,104.16,1,0.09,3.6,1/5,hold,0.93-3.18,11.22,8.0,4.0,3.48,Buy time,17.72 million,Communication Services,Entertainment,2.208,2.71,3.27,0.92,0.9,0.01
ARIA,6.45,26.36,292.96,31.89,4,1,1,4/5,,24.54-26.76,4.1,1.0,0.1,0.1,- +Buy time -,120,N/A,N/A,1,25.57,31.29,0.97,0.84,0.12
GTLB,6.45,46.85,329.58,101.3,2,0.09,0.46,2/5,hold,18.73-55.55,11.82,16.0,70.0,62.85,== less Sell ALL==,4.04 million,Technology,Software - Infrastructure,0.992,47.03,56.86,1.0,0.82,0.21
MU,6.6,1082.28,617.22,117.71,1,7.46,0.55,1/5,buy,159.97-1255.0,13.29,14.000000000000002,2200.0,1857.77,Buy,21.77 million,Technology,Semiconductors,2.222,991.68,1235.28,0.92,0.88,0.04
NXPI,6.67,238.08,476.49,52.96,3,0.15,0.05,3/5,buy,183.0-339.95,6.69,30.0,400.0,355.55,Buy time,2.64 million,Technology,Semiconductors,1.817,229.11,274.69,0.96,0.87,0.17
DFDV,6.83,6.04,234.78,266.8,-1,-0.67,-1.99,-1/5,buy,2.44-18.28,25.5,67.0,10.4,9.55,- Buy time -,2.12 million,Financial Services,Asset Management,1,5.38,6.6,0.89,0.92,0.27
USD,6.87,95.52,318.14,140.18,2,1,1,2/5,,42.56-116.5,15.1,18.0,0.1,0.1,Buy,464.54 thousand,N/A,N/A,1,86.11,105.07,0.9,0.91,-0.12
HIVE,6.93,3.16,984.02,78.12,1,-0.16,-1.09,1/5,buy,1.73-7.84,9.18,60.0,10.0,8.56,- Buy time -,11.03 million,Financial Services,Capital Markets,3.671,3.03,3.79,0.96,0.83,0.14
CPRI,7.1,15.1,418.75,83.93,3,0.37,1.5,3/5,hold,12.4-28.27,9.93,47.0,45.5,34.02,Buy,4.49 million,Consumer Cyclical,Luxury Goods,1.381,13.99,16.9,0.93,0.89,0.08
GCT,7.34,53.98,474.25,30.66,4,0.58,0.64,4/5,strongBuy,25.39-56.27,3.52,4.0,73.0,65.0,Buy time,512.28 thousand,Technology,Software - Infrastructure,1.647,53.42,63.89,0.99,0.84,0.53
UPXI,7.35,1.23,104.32,127.41,3,0.06,0.53,3/5,buy,0.54-7.75,13.82,84.0,2.0,2.0,Buy time,3.82 million,Communication Services,Internet Content & Information,1,1.11,1.34,0.9,0.92,0.39
BFRG,7.43,0.67,-211.85,190.34,1,0,0,1/5,strongBuy,0.425-2.04,14.26,67.0,0.1,0.1,Buy,669.68 thousand,Healthcare,Health Information Services,1,0.6,1.13,0.9,0.59,2.5
BTBT,7.55,1.76,1033.71,111.71,1,-0.68,-17.06,1/5,buy,1.18-4.55,11.36,61.0,4.0,3.85,Buy,22.32 million,Financial Services,Capital Markets,3.974,1.6,2.03,0.91,0.87,-0.01
FORM,7.57,129.69,377.92,170.58,2,0.33,0.62,2/5,buy,35.38-160.27,16.65,19.0,175.0,156.81,Buy,1.13 million,Technology,Semiconductor Equipment & Materials,1.241,113.49,138.95,0.88,0.93,-0.11
FTNT,7.89,173.46,401.73,79.32,4,0.35,0.53,4/5,hold,73.55-181.37,9.18,4.0,220.0,192.16,Buy,3.95 million,Technology,Software - Infrastructure,1.059,168.95,207.09,0.97,0.84,0.15
AAPl,8.24,341.07,337.21,64.12,5,0.2,0.1,5/5,buy,243.42-345.34,8.1,1.0,405.0,366.61,- +Buy time -,41.40 million,Technology,Consumer Electronics,1.085,327.37,401.67,0.96,0.85,0.08
AAPL,8.24,341.07,337.21,64.12,5,0.2,0.1,5/5,buy,243.42-345.34,8.1,1.0,405.0,366.61,- +Buy time -,41.40 million,Technology,Consumer Electronics,1.085,327.37,401.67,0.96,0.85,0.08
DDOG,8.51,268.13,491.58,134.63,3,0.16,0.3,3/5,buy,98.01-292.72,15.09,8.0,340.0,313.13,Buy time,4.04 million,Technology,Software - Application,1.488,243.14,298.3,0.91,0.9,0.14
HPE,8.97,62.94,467.83,107.82,4,0.43,0.66,4/5,hold,19.84-65.65,12.47,4.0,88.0,78.04,- +Buy time -,19.86 million,Technology,Communication Equipment,1.442,58.03,70.97,0.92,0.89,0.35
RBLX,9.03,46.44,647.88,172.53,2,0.12,0.36,2/5,buy,33.88-142.0,19.12,67.0,65.0,56.99,Sell ALL,11.82 million,Communication Services,Electronic Gaming & Multimedia,1.474,45.47,55.61,0.98,0.84,0.23
FLGT,9.07,22.2,354.93,88.05,5,-0.15,-0.36,5/5,hold,13.46-31.04,10.77,28.000000000000004,19.0,19.0,Buy,328.48 thousand,Healthcare,Diagnostics & Research,0.928,20.65,24.83,0.93,0.89,0.29
QNRX,9.39,6.43,573.75,180.89,0,0.36,0.15,0/5,buy,3.25-41.8,19.44,85.0,35.0,28.42,Sell,131.48 thousand,Healthcare,Biotechnology,1.726,6.49,10.11,1.01,0.64,2.5
INOD,9.6,69.21,771.92,186.29,2,0.39,1.84,2/5,buy,34.23-125.14,19.32,45.0,140.0,131.38,Buy time,962.74 thousand,Technology,Information Technology Services,2.883,60.33,78.4,0.87,0.88,0.24
ZEO,10.69,0.38,189.75,258.58,2,1,1,2/5,,0.187-2.06,17.59,82.0,0.1,0.1,Buy time,2.48 million,Technology,Solar,0.607,0.33,0.53,0.87,0.72,2.5
MFI,10.91,9.6,1806.66,59.04,1,1,1,1/5,strongBuy,5.555-43.58,7.29,78.0,14.0,14.0,Buy,11.06 thousand,Technology,Software - Application,7.018,9.56,11.89,1.0,0.81,2.01
AMD,11.1,630.63,725.56,225.42,3,0.13,0.09,3/5,buy,159.33-639.0,23.74,1.0,1250.0,934.25,Buy time,15.51 million,Technology,Semiconductors,2.476,527.19,672.42,0.84,0.94,0.06
QMCO,11.56,31.68,875.86,275.1,1,0.45,2.37,1/5,buy,4.19-33.01,26.74,4.0,29.0,27.75,Buy time,1.63 million,Technology,Computer Hardware,3.154,25.86,36.43,0.82,0.87,0.99
IOVA,11.73,11.0,449.77,249.42,4,-0.02,-0.05,4/5,buy,1.76-11.13,26.55,1.0,15.0,12.85,Buy time,11.30 million,Healthcare,Biotechnology,0.833,9.13,11.1,0.83,0.99,0.06
META,12.2,751.66,554.4,211.28,5,2.74,0.42,5/5,buy,520.26-779.82,23.41,4.0,1000.0,895.13,Buy time,22.32 million,Communication Services,Internet Content & Information,1.243,656.5,809.2,0.87,0.93,0.07
ATER,12.42,0.66,88.38,654.54,-3,0,0,-3/5,,0.354-1.87,37.5,64.0,0.1,0.1,Sell,1.36 million,Consumer Cyclical,Furnishings, Fixtures & Appliances,0.838,0.64,1.57,0.97,0.42,2.5
SBET,12.93,9.63,2675.85,118.71,1,-1.89,-142.04,1/5,buy,4.46-19.54,13.6,51.0,30.0,23.31,Buy,6.91 million,Financial Services,Capital Markets,10.551,8.91,12.7,0.93,0.76,0.01
UMAC,13.31,24.05,3660.06,5.94,1,-0.48,-4.52,1/5,buy,7.245-34.926,0.67,31.0,45.0,42.0,Buy,2.32 million,Technology,Computer Hardware,14.731,24.56,30.48,1.02,0.79,0.04
BNGO,13.74,1.66,519.8,266.98,3,0.27,0.32,3/5,buy,1.0-2.23,27.11,26.0,6.0,5.5,Buy,8.18 million,Healthcare,Medical Instruments & Supplies,1.645,1.53,6.16,0.92,0.27,2.5
BMRA,13.8,2.32,240.06,257.82,5,1,1,5/5,,1.45-3.21,27.16,28.000000000000004,0.1,0.1,Buy time,30.22 thousand,Healthcare,Medical Devices,0.37,2.24,2.84,0.97,0.82,1.7
ONCO,16.1,1.03,1006.8,485.31,0,-62900.03,-2.02,0/5,,0.586-209.5,37.77,100.0,0.1,0.1,- Buy time -,9.73 million,Healthcare,Biotechnology,2.675,0.85,6.01,0.83,0.17,2.5
AMDC,16.23,30.35,440.32,469.43,2,1,1,2/5,,15.31-30.76,39.9,1.0,0.1,0.1,- Buy time -,2.72 thousand,N/A,N/A,1,21.39,30.08,0.7,1.01,2.5
AIFF,18.34,2.01,80.09,748.48,1,1,1,1/5,,0.62-3.15,49.25,36.0,0.1,0.1,- Buy time -,28.64 million,Technology,Software - Application,1,1.3,59.66,0.65,0.03,2.5
EMMA,22.55,0.07,2966.95,439.0,1,1,1,1/5,,0.008-0.0879,38.2,23.0,0.1,0.1,- +Buy time -,242.67 thousand,Healthcare,Biotechnology,10.102,0.06,0.21,0.86,0.33,2.5
WHLR,76.46,5.2,-1410.11,8920.47,-3,0,0,-3/5,,1.65-89812.8,-176.23,100.0,0.1,0.1,- Buy time -,2.88 million,Real Estate,REIT - Retail,0.512,6.43,14.64,1.24,0.36,2.5
UCAR,106.56,4.44,2140.94,8086.9,0,1,1,0/5,hold,3.5-438.0,85.7,99.0,0.1,0.1,Buy,85.54 thousand,Consumer Cyclical,Auto & Truck Dealerships,7.696,3.58,42.39,0.81,0.1,-0.29
GTBP,187.91,6.89,890.78,15612.35,0,-1.75,-0.88,0/5,buy,4.91-34.25,95.79,80.0,75.0,75.0,mere Buy (some sold),218.58 thousand,Healthcare,Biotechnology,0.908,5.02,17.21,0.73,0.4,0.1
