KMDA,2.06,7.09,26.49,57.04,-1,0.02,0.31,-1/12,strongBuy,4.74-9.15,4.94,23.0,20.0,17.12,- Buy time -,113.25 thousand,Healthcare,Drug Manufacturers - Specialty & Generic,0.211,6.91,8.72,0.97,0.81,0.7
BBAI,2.64,4.58,239.08,357.48,-2,0.07,1.02,-2/12,buy,1.165-10.36,20.52,56.00000000000001,8.0,6.38,mere Sell (some bought),47.40 million,Technology,Information Technology Services,2.869,5.08,6.82,1.11,0.67,0.3
ALLT,2.86,5.75,107.28,74.94,1,0.11,2.0,1/12,buy,1.99-9.44,-47.65,39.0,13.0,13.0,Sell,950.01 thousand,Technology,Software - Infrastructure,1.245,6.9,8.42,1.2,0.68,0.16
ACHR,3.23,8.18,308.38,43.65,0,-0.1,-0.4,0/12,buy,2.821-12.475,-10.58,34.0,13.5,12.44,Sell,39.75 million,Industrials,Aerospace & Defense,3.143,9.59,11.39,1.17,0.72,0.2
SOPA,5.33,1.28,45.78,447.61,-2,0.2,0.32,-2/12,buy,0.727-6.75,23.2,81.0,16.0,16.0,== less Sell ALL==,10.03 million,Technology,Software - Application,1.332,1.91,22.43,1.49,0.06,2.5
AR,5.34,35.85,271.74,39.0,1,0.23,0.13,1/12,hold,24.53-41.53,-4.2,14.000000000000002,63.0,53.43,Sell,4.66 million,Energy,Oil & Gas E&P,3.4,36.93,44.43,1.03,0.81,0.08
PL,5.81,4.21,180.24,46.03,2,0.02,0.55,2/12,buy,1.67-6.71,-31.83,37.0,8.0,7.05,Sell,8.47 million,Industrials,Aerospace & Defense,1.457,5.0,6.0,1.19,0.7,0.38
HIMS,6.61,40.38,79.45,118.48,1,0.29,1.92,1/12,hold,11.2-72.98,21.1,45.0,85.0,64.21,Sell,17.08 million,Consumer Defensive,Household & Personal Products,1.367,38.14,46.02,0.94,0.88,0.2
HOOD,7.33,46.56,180.26,68.14,2,0.52,0.99,2/12,strongBuy,13.98-66.91,-9.85,30.0,105.0,86.9,Sell,32.98 million,Financial Services,Capital Markets,2.142,49.28,59.29,1.06,0.79,0.21
PLTR,8.84,87.77,334.52,101.67,2,0.04,0.34,2/12,hold,20.33-125.41,9.13,30.0,141.0,114.19,Buy,95.50 million,Technology,Software - Infrastructure,2.806,86.78,108.75,0.99,0.81,0.28
GRRR,14.12,39.3,429.22,802.97,1,1,1,1/12,buy,2.09-44.15,64.38,11.0,35.0,33.0,Buy time,3.79 million,Technology,Software - Infrastructure,1,20.77,26.59,0.53,1.48,0.5
KC,14.94,17.54,449.97,214.34,4,-0.5,-0.61,4/12,buy,2.02-22.26,33.07,21.0,20.665188,16.16,Buy time,4.55 million,Technology,Software - Application,2.23,13.58,17.04,0.77,1.03,0.19
