Consumer Defensive,1177.276419999407
N/A,121.34566592329604
Healthcare,50.041640658743226
Communication Services,14.280908262031344
Industrials,7.437851950019048
Technology,6.271723077637272
Basic Materials,5.74645602376598
Utilities,4.097257049931896
Financial Services,3.1344630900773476
Energy,2.9053138146544932
Consumer Cyclical,0.7774668567169724
Real Estate,-2.009805890315906
