Consumer Defensive,4005.211255339815
Communication Services,15.064576690796837
Basic Materials,14.386947079750454
Healthcare,12.131669390269645
Financial Services,6.64968046625048
Industrials,6.016025793815352
Technology,3.9121429375589423
Consumer Cyclical,0.883104048245684
,0.0
Real Estate,-0.33371153252741736
Utilities,-0.40331945341939185
Energy,-2.506121005263907
N/A,-4.933747506490821
