Consumer Defensive,759.6431150494004
Industrials,512.7003921675374
Consumer Cyclical,411.3349515550213
Financial Services,83.71860639261963
Healthcare,13.141372470832776
Basic Materials,12.222666121445556
Technology,11.249648601595549
N/A,11.05722570615629
Utilities,6.500002713990917
Communication Services,4.658523583309698
Energy,4.144647843762271
Real Estate,3.1191029392179606
