Communication Services,12.842217037610673
Technology,12.71388227365154
Utilities,8.172891011601731
Healthcare,8.153440484861498
N/A,5.797310668654768
Energy,4.765461550377412
Industrials,2.4243648286006136
Real Estate,2.2261771074778895
Financial Services,0.9730079971599677
Basic Materials,0.7297862809634452
Consumer Defensive,-2.5163935523361336
Consumer Cyclical,-5.094520501591919
