Financial Services,2.771462817211102
Industrials,2.667180537711892
Real Estate,2.4085310840201632
Consumer Defensive,1.2565324667080269
Communication Services,0.8961621137882271
Technology,0.5078698039259062
Energy,0.4646225398743806
N/A,0.3529855092762335
Utilities,-0.21348368921584296
Consumer Cyclical,-2.12896554171331
Healthcare,-3.494001644936527
Basic Materials,-5.168031530747317
