Communication Services,1237.974322914508
Real Estate,26.700332749076047
Technology,21.945854302548756
Industrials,19.764640712313128
Financial Services,17.784478412776355
Healthcare,13.965101287486215
Utilities,13.898755349779277
Basic Materials,11.979892620153121
Energy,7.642090578738871
N/A,5.33437025218532
Consumer Cyclical,1.6742198912203121
Consumer Defensive,-0.21055259483713196
