Communication Services,99.09802882252288
Industrials,33.04971312031215
Real Estate,29.353151185286706
Basic Materials,27.494711565341373
Healthcare,20.666455038720734
Technology,16.21491543158051
Utilities,11.704282619768863
Financial Services,7.059830579636584
Energy,6.729017424923555
N/A,6.58219277449772
Consumer Cyclical,4.109510695705272
Consumer Defensive,-0.7590918516407731
