Financial Services,57.17375826066628
Basic Materials,56.972534233230384
Technology,41.87580054031211
Industrials,34.276284357053434
N/A,32.81307576925664
Healthcare,15.87564175536051
Consumer Defensive,8.97185439376149
Communication Services,2.0075711597845327
Utilities,-0.21014830738886836
Real Estate,-5.6701496430386635
Energy,-25.653319923015122
Consumer Cyclical,-246.94032173707404
