Communication Services,668.3777692287932
Technology,542.697612215347
Industrials,35.72993264627151
Basic Materials,32.50578740644501
Healthcare,22.51068394844431
Utilities,21.128114148172763
Consumer Defensive,13.304207238137094
Energy,11.467253126445222
Financial Services,11.37455355259184
Real Estate,8.591495974985468
Consumer Cyclical,3.7548166455318723
N/A,-0.011607504847479643
