Consumer Defensive,1.83892047479573
Industrials,-1.587267962731583
Communication Services,-1.5883010534498283
Healthcare,-3.2121902121091535
Basic Materials,-3.294228594254222
Financial Services,-3.7448102087091915
Utilities,-3.932956779782301
Real Estate,-3.975308263725107
Technology,-4.351884065376312
Consumer Cyclical,-6.258186562678458
Energy,-6.563455718283709
N/A,-16.474531410428835
