Communication Services,7.6801814849428585
Consumer Defensive,4.441904584912943
Real Estate,3.4884116147881983
Healthcare,3.053370034280593
Technology,1.3239917857140528
Consumer Cyclical,-3.7954789935230506
Financial Services,-3.813080717079147
Basic Materials,-6.167371477227262
Utilities,-6.520913641650294
Energy,-6.558177850418258
N/A,-7.716482241573689
Industrials,-13.908865970090792
