Communication Services,4179.343709878294
Industrials,122.68170086356595
Real Estate,107.65759271701525
Basic Materials,104.30454622686587
Healthcare,70.78645428819014
Utilities,54.08673176098834
Artificial Intelligence,54.02900999785941
Energy,41.43714098343656
Consumer Cyclical,39.59317296304221
Technology,34.36939024715913
Financial Services,33.75567499525611
N/A,20.311192316558028
Consumer Defensive,1.233253454407768
