Communication Services,1153.111265833924
Real Estate,622.4639576325304
Industrials,35.30716977468783
Basic Materials,28.85110916961118
Healthcare,22.81216334566501
Technology,18.617772991580686
Utilities,10.686862508861095
Energy,6.78128831764129
N/A,6.648598091793681
Consumer Cyclical,2.510952194816231
Financial Services,2.2991879922421674
Consumer Defensive,-0.018461673091905
