Communication Services,15.378958169718535
N/A,8.314637907873442
Basic Materials,4.934172298667988
Healthcare,0.5301351310694798
Utilities,0.21903919977707975
Financial Services,-0.06850815618732359
Consumer Defensive,-0.7271543224994975
Technology,-1.6879171075580652
Real Estate,-2.789298343296916
Industrials,-2.838834340192354
Consumer Cyclical,-4.724863314961109
Energy,-7.888206590251924
