Consumer Defensive,1156.854535210483
N/A,77.04069875921763
Healthcare,50.23451653209061
Real Estate,45.65462007917022
Communication Services,14.064250908410422
Industrials,6.989182651078498
Technology,6.084005539451627
Basic Materials,5.078778046618098
Utilities,3.9168863915837844
Financial Services,2.3503430292006446
Energy,2.2720333965697916
Consumer Cyclical,0.7221431976972068
