Consumer Defensive,3337.289362644454
Industrials,1746.7300984856238
Consumer Cyclical,1454.8874510018984
Financial Services,429.0999897138463
Utilities,53.5092218226107
Healthcare,37.16830231898793
Basic Materials,31.431554912031906
Technology,29.5354875559786
Real Estate,25.767966849597048
Communication Services,25.057270910723876
Energy,23.35760140381925
N/A,19.133093414815193
Artificial Intelligence,-0.010646573977342297
