Consumer Defensive,780.5820063756239
Industrials,580.7213890670804
Consumer Cyclical,475.29771921628026
Basic Materials,20.220888867094978
Healthcare,18.005815083412248
Financial Services,10.764736281838097
Real Estate,9.860467412258652
Communication Services,9.80069805806988
Technology,7.885669295902757
Utilities,3.3949863883641935
Energy,2.839760201208896
N/A,-7.082404003775978
