Communication Services,184.0986024816547
Real Estate,35.352465499019516
Utilities,31.101925915452195
Basic Materials,29.550939906994113
Technology,24.44924485712602
Energy,23.033468390248057
Industrials,21.644308117276175
Consumer Cyclical,11.917354227152206
Financial Services,7.409772862819951
Healthcare,5.355553466794549
N/A,3.582105749854729
Consumer Defensive,2.2663926996447463
