Communication Services,125.7298446414286
,35.333336724175346
Technology,9.350068134823257
Energy,6.218309159773633
Healthcare,5.533452779475109
Industrials,4.120243901241144
N/A,2.579388943827861
Basic Materials,2.2814619921009145
Financial Services,1.522495019003749
Consumer Defensive,0.6762288628580146
Utilities,-0.8675051549215678
Consumer Cyclical,-1.4975180187408679
Real Estate,-3.0317400503717566
