Communication Services,718.6722927993093
Real Estate,405.6134934216895
Industrials,124.40709290284721
Financial Services,63.31133840981534
Healthcare,59.16495363962553
Technology,55.775266330642125
Basic Materials,36.04472509641244
Hardware,33.70833396911621
Utilities,24.66743858375232
Consumer Cyclical,16.018923720114795
Consumer Defensive,14.104672520802959
Energy,8.273518875380354
N/A,5.447275123929366
