Communication Services,24.57456833659532
Basic Materials,23.681119208516595
Financial Services,23.538703851251235
Industrials,13.588530029231565
Healthcare,10.48494938058003
Utilities,9.58398282827835
Real Estate,4.250345784899854
Technology,1.9638165164688188
N/A,0.32091482575236135
Consumer Cyclical,0.10593941783724554
Consumer Defensive,-2.9950082789890815
Energy,-5.309811051108552
