Communication Services,49.09481095400383
Artificial Intelligence,27.014504998929706
Basic Materials,22.714753348013218
Healthcare,20.7015717830553
Technology,10.008219308946789
Financial Services,8.05405707811291
Utilities,7.753729156445827
Industrials,7.403488837849984
Consumer Cyclical,5.502384510839986
Real Estate,4.525025155939248
Energy,4.023231517834287
Consumer Defensive,2.14454976929093
N/A,-2.6341395342596297
