Communication Services,22.020873417704426
Basic Materials,5.093431406726934
Utilities,-0.6857804094872944
Real Estate,-1.045667297618907
Consumer Defensive,-1.304417557089562
Financial Services,-2.3739722210440704
Healthcare,-3.6675090304004057
Industrials,-4.180936503285195
N/A,-5.913816005914131
Energy,-6.853583153450484
Technology,-8.089028884878022
Consumer Cyclical,-8.556979065152687
