Financial Services,20.09811033545644
Technology,18.771895516976144
Consumer Cyclical,18.60274618010339
Industrials,13.091103281473696
Communication Services,12.820313814855197
Healthcare,10.669228661348201
Basic Materials,10.297877147323325
N/A,5.6463104338608
Utilities,1.4839620018434914
Consumer Defensive,0.22050753624033836
Energy,-8.723117512882983
Real Estate,-9.711102166849509
