Consumer Defensive,443.1479968070608
Industrials,414.9996023608417
Financial Services,112.97679388074299
Technology,20.683598477033193
Utilities,12.318827454339242
Communication Services,11.426405532768614
Basic Materials,8.700890460760817
Energy,7.076369130858708
Real Estate,6.052338410328691
Healthcare,5.224158249067212
N/A,3.595549023424852
Consumer Cyclical,1.1959958543733342
