Communication Services,13928.116729368134
Industrials,125.74501375086315
Consumer Cyclical,30.350952212287307
Technology,18.119861767007702
Financial Services,13.68980488861593
Energy,12.274920041122648
Utilities,8.484662834114951
Basic Materials,7.328317766936249
N/A,5.470007912110665
Consumer Defensive,2.81953372013798
Healthcare,1.2781831940426152
Real Estate,1.1873340344822723
