Consumer Defensive,858.5059691864785
Financial Services,46.69196315823818
Communication Services,21.589184173191963
Technology,18.922288303483537
Industrials,14.703557054847867
Healthcare,14.550811131569994
Basic Materials,13.615839514314146
Energy,10.195430686778613
Consumer Cyclical,9.543823080774686
Utilities,7.5178913323013585
N/A,5.453257082336372
Real Estate,2.2588358963323025
