Communication Services,9858.803329860395
Industrials,112.13428831421739
Consumer Cyclical,29.496659044606737
Technology,26.115458120249283
Financial Services,17.69797220859914
Energy,9.207717052095374
Utilities,9.031711952312445
N/A,7.51535245624038
Basic Materials,5.980722413922575
Consumer Defensive,5.261842793736771
Real Estate,-0.012450943165270862
Healthcare,-0.3044774942500418
