Communication Services,10.196055555854851
Basic Materials,4.612726174740614
N/A,2.4955147419161006
Industrials,1.1569838148979914
Real Estate,-0.13796189053296876
Consumer Defensive,-1.2205035222684895
Financial Services,-1.2278577529858454
Utilities,-1.2948218804000469
Healthcare,-1.9091878601010512
Technology,-3.727232663941337
Energy,-4.198660204510215
Consumer Cyclical,-5.324032515153929
