Communication Services,816.9171710634273
Real Estate,359.444134361084
Industrials,141.50864118194917
Financial Services,69.8015006916607
Technology,66.35054785624571
Healthcare,54.901597671671475
Basic Materials,43.47798453804611
Consumer Cyclical,25.787864095833005
Utilities,24.729388961771335
Energy,11.95775548520795
N/A,6.4032910270966426
Consumer Defensive,4.805693004877447
Artificial Intelligence,0.0
