Consumer Defensive,3563.367095499645
Healthcare,235.70361187142157
N/A,32.90482680864524
Communication Services,28.528929467240175
Basic Materials,20.054075059325054
Utilities,15.345038102826098
Industrials,12.768746482652098
Financial Services,8.400462841094292
Technology,1.7072684858061091
Energy,1.1600763495708672
Real Estate,-5.324421328606896
Consumer Cyclical,-8.816189684964982
