Consumer Defensive,716.5890246259988
Industrials,500.50815816363746
Consumer Cyclical,403.64705875177106
Financial Services,79.26119818976308
Technology,15.108943518268093
Utilities,11.659569230196158
Energy,9.442398431714128
Communication Services,7.027726524512184
Healthcare,7.005601172199216
Basic Materials,3.368100249508798
Real Estate,3.3494212842426667
N/A,2.36544078843902
