Financial Services,44.61505600426342
Industrials,41.46352065627837
Utilities,32.860063397845344
Technology,28.455782535289085
Basic Materials,26.71722650196736
Communication Services,18.89822411770408
Energy,13.574058614421117
Consumer Defensive,8.835097367979088
Healthcare,8.040946269389531
Real Estate,-0.7586527289416704
N/A,-7.845316335018396
Consumer Cyclical,-67.50984212252544
