Consumer Defensive,3565.191616215177
Industrials,2083.5288699357443
Consumer Cyclical,1546.447609014742
Basic Materials,58.20653508292293
Financial Services,47.950542174181415
Healthcare,40.548164521605024
Real Estate,38.94376909955073
Communication Services,23.810246539724844
Utilities,23.01752418420967
Technology,17.07181760284086
Energy,14.306400726605494
N/A,-2.1220289511550843
