Communication Services,4462.79588918
Real Estate,414.57781377001464
Industrials,135.64557460132013
Healthcare,66.86775119970736
Financial Services,62.74410192316567
Basic Materials,45.264982503181244
Technology,39.59150300506996
Utilities,34.366160476875905
N/A,30.073648094148833
Consumer Cyclical,28.31283127623229
Energy,19.866901106290417
Consumer Defensive,-4.795334052201611
