Financial Services,1.872431939368152
Basic Materials,1.4137712896858443
Energy,0.7330544503731473
Communication Services,0.3607114838734857
Industrials,-0.18788478000662637
Consumer Defensive,-0.3838473011065893
Real Estate,-2.051952003576822
N/A,-2.4693484514114936
Healthcare,-2.5630811021851123
Utilities,-2.9348112412359657
Consumer Cyclical,-2.9412678715184484
Technology,-3.4093751923592737
