Communication Services,34.01476951120236
Basic Materials,12.333215603240495
N/A,5.6370803761714745
Financial Services,1.6596174354488198
Healthcare,-1.9357754198212
Utilities,-3.331257808697083
Industrials,-3.8947267804362955
Consumer Defensive,-5.482077955647383
Real Estate,-8.679936836893281
Consumer Cyclical,-10.469055276017276
Technology,-10.676699560383694
Energy,-14.288292231441442
