Communication Services,175.69113920874065
Industrials,36.62766129743371
Real Estate,30.758350736044612
Healthcare,21.484013295605926
Basic Materials,19.53544065525003
N/A,13.761006701250276
Technology,10.606978825512343
Utilities,9.119605253527611
Consumer Cyclical,6.644043316252272
Financial Services,3.6511418108394214
Energy,3.2489719533527106
Consumer Defensive,0.6549699094261461
