Communication Services,142.99832781232993
Technology,28.019730811368294
Industrials,27.330979240110363
N/A,21.700473559497205
Real Estate,18.492311197223945
Healthcare,16.55061487209046
Financial Services,15.078556075180495
Basic Materials,12.878089092098074
Utilities,11.178327222301395
Energy,8.05357051103118
Consumer Cyclical,4.9855316765662145
Artificial Intelligence,0.0
Consumer Defensive,-0.5671294920443882
