Communication Services,2.493419682006847
Basic Materials,-0.21309383910987506
Utilities,-0.9953429424302755
Financial Services,-1.4333441349086062
Consumer Defensive,-2.1865912025558125
Real Estate,-3.2033657449762423
Healthcare,-4.686748097294782
Industrials,-6.346406365673635
N/A,-7.343246531062645
Consumer Cyclical,-8.016972959668479
Technology,-8.588358893196892
Energy,-11.340437044020724
