Financial Services,81.40646146663178
Technology,70.49209787813056
Industrials,60.98997883062254
Basic Materials,40.125185999161054
Energy,28.974216542991442
Utilities,27.278536645554993
Communication Services,14.160968452325836
Consumer Defensive,13.863402538451123
N/A,12.667883150218636
Real Estate,8.82843496240635
Consumer Cyclical,8.320809526098751
Healthcare,6.4554244159456
