Consumer Defensive,432.9463962283018
Industrials,305.7847210850648
Consumer Cyclical,249.10585853345148
Financial Services,90.30914255973168
N/A,14.693006021599698
Healthcare,10.857701909176882
Basic Materials,8.193404845879371
Utilities,7.258109021709005
Technology,6.849320382821979
Communication Services,2.542913188844647
Real Estate,2.5025620089506413
Energy,0.8431761643855761
Artificial Intelligence,-0.0035488579924474323
