Communication Services,132.65297848035215
Industrials,28.91864600599897
Real Estate,24.289086437595536
Technology,20.863436125078334
Basic Materials,15.485445600255025
N/A,14.912035327117328
Healthcare,14.253082941810138
Consumer Cyclical,9.646242051390947
Utilities,8.968344224008087
Financial Services,7.547260864685172
Energy,6.962734753985471
Consumer Defensive,-0.8823532538725394
