Communication Services,28.188164082239727
Financial Services,21.877660630790835
Technology,21.102839451679287
Industrials,18.149950341032746
Healthcare,16.02359179446263
N/A,10.104237944433793
Utilities,5.631879130037854
Real Estate,5.004424459021858
Energy,3.6642715788846494
Basic Materials,3.00239052489991
Consumer Defensive,1.109492223714211
Consumer Cyclical,-3.295860260623813
