Consumer Defensive,124.1693912566771
Technology,39.124165710087105
N/A,37.47868236054921
Communication Services,35.288597715041945
Healthcare,34.9644128229293
Real Estate,31.715173889753412
Financial Services,21.893627415111744
Consumer Cyclical,14.409680406161215
Energy,12.71135887150567
Utilities,9.562394414349844
Industrials,8.801831007717047
Basic Materials,-7.038413944556995
