Communication Services,1162.9853090389865
Industrials,45.27158542974179
Real Estate,39.061157655852014
Technology,24.99484115888941
Healthcare,22.575727529471045
Basic Materials,15.248044817233577
Utilities,12.972083407372283
Financial Services,12.226540051299823
Consumer Cyclical,9.728526779801339
Energy,5.573140993330741
N/A,4.714823034809636
Consumer Defensive,0.03309071124467423
