Communication Services,15.0330795057297
Technology,12.360543676167554
Utilities,11.87401151459593
Consumer Defensive,11.239059568498693
Financial Services,10.34496798355315
Consumer Cyclical,9.331659019108173
Healthcare,5.772723062790965
Real Estate,4.582639763998606
Industrials,3.904289298610959
Basic Materials,-1.0601829610233429
N/A,-4.680520443732183
Energy,-14.877488362367972
