Financial Services,28.11574449282178
Technology,27.073583407278914
Energy,23.780678809068842
Healthcare,20.403829548012567
Industrials,16.541075999694186
Communication Services,14.699574550248665
Real Estate,11.861163397019835
Consumer Defensive,8.298903137816419
Consumer Cyclical,7.561391051922802
N/A,5.376337511918437
Utilities,1.0797620193976776
Basic Materials,-0.4099672457692074
