Communication Services,9.278494415729277
Energy,7.416434658613204
Industrials,5.245213312989276
Financial Services,5.002287616964283
Technology,4.082611170138057
Real Estate,2.0050156295468886
Basic Materials,1.8707806414699437
N/A,1.5532587114967427
Utilities,1.504562924516966
Healthcare,1.4400775674823558
Consumer Cyclical,0.17997323891182238
Consumer Defensive,-0.7816448959202403
