Consumer Defensive,3337.031098785867
Industrials,1889.4044832489262
Consumer Cyclical,1633.52631772932
Real Estate,69.25611790770077
Healthcare,64.08493684007443
Basic Materials,59.86875345766033
Financial Services,43.17151271370175
Communication Services,36.17549939798607
Technology,31.993677108297355
Energy,6.947212638853333
Utilities,4.82913650879321
N/A,3.086156752450027
