Consumer Defensive,757.044166135167
Industrials,607.6823919774823
Consumer Cyclical,483.1813606179296
Basic Materials,20.220888867094978
Healthcare,17.53280619888019
Communication Services,11.027646456907096
Financial Services,10.024448035377267
Real Estate,9.953776862054465
Technology,7.289485186854772
N/A,5.210508199918369
Utilities,3.4446140328038073
Energy,2.839760201208896
