Communication Services,572.3187437767492
Real Estate,152.62151863088786
Industrials,83.95964239003948
Healthcare,74.21289567534401
Financial Services,65.76806591534195
Utilities,57.37178761111683
Basic Materials,54.71169655010866
Artificial Intelligence,54.02900999785941
Technology,51.89685359724494
Energy,37.45295027554487
Hardware,33.33333333333333
Consumer Cyclical,22.2854214733089
Consumer Defensive,20.346086859511086
N/A,12.35498623483607
