Communication Services,28.188164082239727
Technology,19.20043213793256
Healthcare,16.950351968673875
Financial Services,16.825799160163953
Industrials,8.142941765384519
Utilities,5.631879130037854
Real Estate,5.004424459021858
Energy,3.6642715788846494
Basic Materials,3.0023905248999094
Consumer Defensive,1.1094922237142117
N/A,-1.609485966001111
Consumer Cyclical,-3.2795272500963932
