Communication Services,3624.4161255123313
Real Estate,329.84655995141014
Industrials,134.96615906441312
Utilities,74.27427864617106
Healthcare,68.87365891861786
Financial Services,58.65761419590986
Technology,56.90526259688046
Basic Materials,40.97379532067538
Energy,36.347856787831454
Consumer Cyclical,29.60794874364963
N/A,24.95217089377915
Consumer Defensive,-2.4591139580575376
