Consumer Defensive,439.2655779476236
Industrials,419.74287830028356
Financial Services,113.6665155031
Technology,20.00935199640276
N/A,19.744464850474387
Utilities,12.318827454339242
Communication Services,11.517113438944097
Basic Materials,8.700890460760817
Energy,7.351686381380237
Real Estate,6.046491247893934
Healthcare,4.9912096902437115
Consumer Cyclical,-4.3221443417741074
