Communication Services,12.996840469760912
Utilities,12.045672925725837
Industrials,10.794737161914298
Basic Materials,6.361121126663141
Healthcare,5.368719610770985
Consumer Defensive,3.172472282239031
Financial Services,2.3750163323868825
N/A,1.0960945098953045
Technology,0.09185978797077304
Real Estate,-3.21306662154142
Consumer Cyclical,-4.204398276915225
Energy,-14.457165394070294
