Communication Services,10864.742068682717
N/A,221.07340127110504
Industrials,122.31228511998135
Consumer Cyclical,32.10084386496006
Technology,26.91300564684116
Financial Services,19.044467651412905
Utilities,9.473889855223156
Energy,9.207717052095374
Basic Materials,5.980722413922575
Consumer Defensive,4.725236641300891
Real Estate,-0.29978038298978216
Healthcare,-0.5293153591661597
