Consumer Defensive,787.8217619848219
Communication Services,45.16157448730804
Healthcare,32.149367811521365
Financial Services,31.215775425517943
Basic Materials,25.33039913636241
Technology,23.035545568985903
Industrials,20.090025272697524
N/A,17.76485957612168
Energy,14.08888330368804
Utilities,11.850767902145714
Real Estate,2.4691615531993985
Consumer Cyclical,-16.258592637016537
