Communication Services,169.22329301574288
Real Estate,52.15326963801017
Industrials,28.968970281849987
Healthcare,22.1021408606929
Technology,21.98846725699969
Financial Services,16.527258972735726
Basic Materials,14.48764954898478
Energy,12.14898767035363
Utilities,9.923980284800674
N/A,6.76186116227083
Consumer Cyclical,4.7887977798437475
Consumer Defensive,-0.27280668050858403
