Communication Services,12.733226284179947
Basic Materials,9.127754865084341
Real Estate,8.695698404094545
Financial Services,3.767302123739075
Industrials,1.7719959613959393
Healthcare,0.8656777154974471
N/A,0.5825274443366352
Utilities,0.09094823275225361
Consumer Cyclical,-0.5407833699317266
Technology,-0.7578608690319578
Consumer Defensive,-3.6632051268511128
Energy,-5.972264139699757
