Communication Services,24.13776312345827
Energy,2.2433983172368523
Consumer Defensive,2.2043434725076345
Basic Materials,-0.478639890010543
N/A,-2.3776079579911147
Real Estate,-2.6206776116260784
Utilities,-5.6424514580704646
Financial Services,-5.89923779264529
Industrials,-6.461312701462317
Healthcare,-6.655470660070626
Technology,-10.240649173058774
Consumer Cyclical,-11.395469363218414
