Consumer Defensive,783.8027621567219
Financial Services,65.33024891656079
Technology,25.786513623159077
Communication Services,25.200197931823176
Basic Materials,19.487323796440965
Industrials,19.285447549796523
Healthcare,15.616022252960308
Energy,14.212902183577976
N/A,13.856532048518003
Utilities,13.388611153201508
Consumer Cyclical,11.29208152424432
Real Estate,2.088305491469639
