Communication Services,204.39592616254362
Industrials,23.289410177103264
Real Estate,20.467412568191026
Healthcare,15.516503682257136
Technology,15.457178334405471
Basic Materials,11.129380841011514
Financial Services,10.030653776057441
Consumer Cyclical,8.226694874630345
Energy,4.17871111421165
N/A,3.1640807667012303
Utilities,3.154909856998375
Consumer Defensive,0.2676450597479567
