Financial Services,51.47594811963057
Technology,51.418442779572196
Industrials,41.97173294761268
Utilities,33.66442705091213
Consumer Defensive,28.957305090740352
N/A,24.793502642494964
Communication Services,16.398422120062484
Real Estate,16.210088845815797
Consumer Cyclical,14.121133105673932
Energy,5.890353080348186
Basic Materials,2.0231982205736436
Healthcare,1.645262275856538
