Communication Services,34.23957172690318
Real Estate,22.947918851321763
Healthcare,17.69016621416303
Basic Materials,15.438241352423303
Energy,5.947986436839564
Industrials,4.802438309653126
Financial Services,4.385317596049384
Utilities,3.604999187927686
Consumer Cyclical,2.588901677944587
Technology,2.3263845457190815
Consumer Defensive,-1.5568391525352756
N/A,-4.748028091045797
