Communication Services,658.4806929325147
Artificial Intelligence,36.01933999857294
Basic Materials,32.206692395567735
Industrials,26.647679402026018
Healthcare,18.124094023767526
Energy,11.38251569987727
Real Estate,10.529668942992481
Utilities,10.408894457007625
Technology,7.689377835604337
Financial Services,4.750091479154914
N/A,4.283189386315139
Consumer Cyclical,2.2074252331794972
Consumer Defensive,-1.6378495606294656
