Communication Services,51.65863385635622
N/A,29.720730857251816
Basic Materials,22.77567975955681
Healthcare,20.754069390320637
Industrials,17.071048063558447
Financial Services,8.949278138336965
Technology,8.759239050372411
Utilities,6.183836147818613
Consumer Cyclical,5.49843031525289
Energy,3.8850267361685953
Real Estate,3.5269170561598604
Consumer Defensive,1.3996074443578719
