Communication Services,166.20567321623014
Industrials,42.459935023663796
Real Estate,39.65437627198418
Technology,26.269291224384226
Healthcare,20.1857381482894
Basic Materials,14.486426463658937
Financial Services,14.241718189911573
Consumer Cyclical,13.472049199315842
Utilities,12.977418355646845
N/A,7.411334722226478
Energy,6.838091388000718
Consumer Defensive,0.16386466423088872
