Communication Services,47.232403719455974
Technology,41.55442441283419
Energy,27.323247162047892
Financial Services,25.143330796656045
Utilities,17.34480540870874
Healthcare,13.06727774686361
Consumer Defensive,11.252355795782114
Industrials,10.234256662653536
N/A,1.7833991624203105
Consumer Cyclical,-7.009476333291205
Basic Materials,-10.349479500086233
Real Estate,-17.705675383413944
