Communication Services,743.2689794193994
Real Estate,152.59785731101294
Industrials,86.28465346976662
Healthcare,76.48899750816642
Utilities,71.7855934179111
Financial Services,65.98749553538818
Technology,58.758185912076875
Basic Materials,54.71169655010866
Energy,34.9104107494506
Consumer Cyclical,24.804677384568244
Consumer Defensive,19.564195581680043
N/A,16.441525862847314
