Consumer Defensive,432.8800610014313
Industrials,285.84309084964383
Consumer Cyclical,229.45688379103822
Financial Services,73.48956337819367
N/A,9.629866732482467
Utilities,9.547419962292354
Healthcare,8.393057218058537
Technology,5.020309480896871
Communication Services,3.144225267076418
Real Estate,2.6644514348730075
Energy,-0.8586859481193954
Basic Materials,-1.9871332855193438
,-45.541023024205316
