Communication Services,221.40501110574453
Technology,81.11842976664904
Industrials,40.48700928956721
Real Estate,37.744013743237936
Healthcare,19.915129782027392
Financial Services,18.3122836462361
Basic Materials,15.627582700630581
Consumer Cyclical,8.349255072919114
Energy,6.223101831504856
N/A,3.991535412499525
Utilities,3.5629217302271194
Consumer Defensive,0.9284276114457255
Artificial Intelligence,0.0
