Consumer Defensive,750.7448930030049
Industrials,568.9294009390337
Consumer Cyclical,478.6097543478925
Healthcare,24.006123369467034
Real Estate,18.548654778218637
Basic Materials,15.07558409900407
Technology,10.355212111698437
Financial Services,9.319641022957578
Communication Services,9.271199547074003
Energy,8.49395908631378
N/A,8.36757669252186
Utilities,4.779029242550416
