Communication Services,170.78366232440632
Utilities,32.043017201977634
Real Estate,31.32558578582384
Technology,30.496164501868122
Energy,23.78401994070011
Basic Materials,23.048992035829183
Industrials,19.909760371927607
Consumer Cyclical,12.969556297213598
N/A,6.812666146130765
Financial Services,6.705951060268789
Healthcare,4.4582989744048085
Consumer Defensive,-2.546168716139787
