Communication Services,2044.141134229644
Industrials,25.122887712203294
Real Estate,20.891947253170464
Technology,18.948303908355996
Healthcare,15.007180221333202
Basic Materials,9.132999987668354
N/A,9.080750288241745
Energy,8.629685900080352
Financial Services,8.61814217484334
Consumer Cyclical,4.805441718322722
Utilities,1.5588379800750938
Consumer Defensive,1.4566092685823677
