Communication Services,9681.883725998368
N/A,1309.6533423617277
Industrials,122.31228511998135
Consumer Cyclical,31.669783759027805
Technology,24.8510340692746
Financial Services,19.358761941216212
Energy,9.207717052095374
Utilities,8.400310091794674
Basic Materials,5.277733237153013
Consumer Defensive,4.95637333659005
Real Estate,-0.012450943165270867
Healthcare,-0.356323051892684
