Communication Services,356.13859136543505
N/A,21.797449776910668
Industrials,20.38975005223873
Real Estate,16.338426691254348
Technology,15.475792932044087
Healthcare,14.179717099932581
Basic Materials,9.423792214222601
Financial Services,8.53645378999161
Energy,6.909458245046364
Consumer Defensive,5.2422380565526785
Consumer Cyclical,5.162827468132983
Utilities,1.431773293059044
