Communication Services,1304.237043047983
Industrials,29.28896030190665
Real Estate,23.608865929997897
Technology,21.421093636723974
Basic Materials,15.309267546156917
Healthcare,14.156196603576225
Utilities,8.995202330101725
Financial Services,7.493910676374
Energy,7.388335290097283
Consumer Cyclical,6.905863077740659
N/A,5.520504936565856
Consumer Defensive,-1.161508062498617
