Communication Services,26.443856334525112
Basic Materials,18.110307418603778
Healthcare,16.140038050912935
N/A,10.847983853531698
Consumer Cyclical,4.412789814125735
Utilities,4.283290175683856
Real Estate,4.035749063247976
Industrials,3.8557848422327727
Financial Services,3.76518251943992
Energy,3.6520947959365477
Technology,3.6115317637182622
Consumer Defensive,1.5041984631094119
