Communication Services,696.9466426005906
Basic Materials,65.53480923207876
Real Estate,20.061022455291898
Utilities,17.854964538249973
Technology,17.214985618634717
Industrials,15.906866578253892
Healthcare,15.678300821593156
Financial Services,11.750122034362105
Energy,8.338172735948469
Consumer Defensive,1.4015762520968427
Consumer Cyclical,1.1909293448959417
N/A,-0.4100962787233936
