Communication Services,163.27383380203133
Real Estate,49.3900025850401
Industrials,39.40079718148127
Healthcare,22.651527012941614
Technology,20.892552949793778
Financial Services,15.07687861150955
Basic Materials,11.588851548332775
Utilities,10.488871290774156
Consumer Cyclical,7.614139944721314
Energy,5.535906839773087
N/A,2.9273969868630645
Consumer Defensive,1.5855079198442654
