Communication Services,1075.7032188198925
Industrials,41.26344119255246
Real Estate,37.93948694554019
Technology,23.135541622849594
Healthcare,22.63220435133323
N/A,14.747375146527286
Basic Materials,14.612693000101807
Utilities,12.830187073548215
Financial Services,12.295449465644992
Consumer Cyclical,9.5671188281624
Energy,5.573140993330741
Consumer Defensive,-0.24637524260709479
