Communication Services,4558.961818333534
Technology,1202.847329396045
Basic Materials,159.46575162555035
Industrials,144.946515763039
Real Estate,125.78015184076664
Utilities,88.9587648217912
Energy,67.66945193131359
Healthcare,53.652440345549174
Financial Services,44.89042252543155
N/A,13.72022908937971
Consumer Cyclical,13.472871034714322
Consumer Defensive,-13.666266216348875
