Artificial Intelligence,19.69876900392362
Basic Materials,6.951958342481596
Industrials,5.902619572618936
Utilities,4.6955899102010985
Energy,4.644515832802192
Consumer Defensive,4.12957637484838
Consumer Cyclical,1.5117702079002893
Healthcare,0.8564105689108177
N/A,-2.450727788122354
Real Estate,-2.6832906477873153
Technology,-3.145558094706502
Financial Services,-3.353915199184295
Communication Services,-8.024982284635646
