Financial Services,52.01436974464365
Utilities,34.72185736642675
Technology,34.14155915404478
Healthcare,33.05818101997752
Industrials,26.916058421340672
Consumer Defensive,24.604245439839367
Consumer Cyclical,23.34968997051983
Communication Services,18.66829130689263
N/A,6.29078469026661
Basic Materials,2.7750856557052113
Energy,0.5672776861926061
Government and Military,0.0
Real Estate,-4.457591452681348
