Communication Services,48.13940040210039
Basic Materials,23.83719004023681
Healthcare,20.393941138423774
Industrials,17.894609146302496
Financial Services,8.71440780990634
N/A,7.889376210100364
Technology,7.842193587414809
Energy,6.2252474542519725
Utilities,6.183836147818613
Consumer Cyclical,5.621330594428911
Real Estate,3.4684875035872853
Consumer Defensive,2.437337058779173
