Consumer Defensive,752.6026529288241
Industrials,359.1743050555521
Financial Services,103.44708765105669
Technology,24.871282884300907
N/A,22.578282012565285
Utilities,16.050414269434736
Energy,12.520554451759937
Communication Services,12.191598370830066
Basic Materials,11.966013842519276
Healthcare,5.58498653172055
Real Estate,5.019348443261371
Consumer Cyclical,-15.658367701957545
