Communication Services,26.57100770475939
Basic Materials,6.67489068364965
Real Estate,1.3360476111997492
Healthcare,-0.5176092969110323
Utilities,-0.9036861879381181
Financial Services,-1.374900891209129
Consumer Defensive,-1.7580639499419453
Industrials,-3.9755384049000315
Energy,-4.437087820350885
N/A,-4.626990997815889
Technology,-7.451435633702681
Consumer Cyclical,-8.835651236932815
