Communication Services,34.167229765642276
Basic Materials,13.933790588092746
Healthcare,-0.8742499316362162
Consumer Defensive,-3.7767442904887196
N/A,-8.758811590015027
Financial Services,-8.82625315125221
Real Estate,-10.661905697317058
Utilities,-11.900117523426813
Technology,-13.410004395548548
Energy,-14.850223464789096
Industrials,-16.438432868908354
Consumer Cyclical,-19.729508606350272
