Artificial Intelligence,115.77038100241151
Healthcare,23.46061191285172
Financial Services,17.533455086133205
Technology,17.12569470976612
Utilities,15.512061301330466
Energy,9.901973306743649
Consumer Defensive,9.648482833494894
Industrials,8.471535505954215
Consumer Cyclical,7.90946358889192
Communication Services,7.279749061656511
Basic Materials,4.276054815371716
Real Estate,3.5294082997992935
N/A,-5.945722532760367
