Consumer Defensive,3570.310056724272
Financial Services,79.89879958372816
Communication Services,25.345939301437163
Healthcare,21.42355901672334
Industrials,16.332457866394904
Technology,12.072310390460531
Basic Materials,11.612911225378152
Real Estate,5.56506271676347
Consumer Cyclical,5.478055713963081
N/A,4.583958008460211
Energy,4.208105935001354
Utilities,3.872989078110364
