Communication Services,51.49185600456788
Energy,31.69480896439704
Basic Materials,6.005333999572387
Industrials,2.690879019362118
Consumer Defensive,2.3334749400889825
N/A,-2.726580078710387
Financial Services,-4.119745131663892
Healthcare,-5.758730339042049
Real Estate,-8.341271322537137
Utilities,-14.334476303660002
Technology,-16.752535910282496
Consumer Cyclical,-17.643590314526172
