Financial Services,2.77006461827087
Industrials,2.4903119062524603
Real Estate,2.3971670291694283
Consumer Defensive,1.2387030084639752
Communication Services,0.5991428862602852
Energy,0.2640238660681056
Technology,0.17283238589371994
Utilities,-0.21348368921584301
Consumer Cyclical,-2.12896554171331
N/A,-4.198551166658653
Healthcare,-4.6275049659451675
Basic Materials,-5.168031530747317
