Communication Services,16.234570929776552
Industrials,6.569840649971693
Financial Services,4.9751916105139244
Basic Materials,4.825280791892436
Healthcare,4.400299605118663
Technology,4.1792321419361365
Utilities,2.8083303828205244
Energy,1.7632698654251682
N/A,0.5118910679321828
Consumer Defensive,-0.14923355856509984
Consumer Cyclical,-0.36931202797729434
Real Estate,-0.48643782495835636
