Communication Services,59.58254956903805
Basic Materials,9.814345943590894
Technology,5.4277653347824275
Healthcare,5.056127071541339
Financial Services,1.3205722517800862
N/A,0.41846471027586285
Energy,-1.382356228590011
Utilities,-1.500686972526386
Consumer Defensive,-4.176836996320257
Consumer Cyclical,-4.520955864320033
Industrials,-6.034972219913047
Real Estate,-7.674538501444965
