Communication Services,20.71244116187402
Healthcare,5.7860447216124555
Consumer Defensive,5.41238913637478
N/A,5.28517100250078
Real Estate,1.8650079340470618
Consumer Cyclical,1.5847537740790805
Financial Services,1.2391452076818958
Technology,1.087551030787356
Utilities,-0.8928087636942572
Industrials,-2.643302262075775
Energy,-4.305225880576029
Basic Materials,-8.448697530378844
