Communication Services,162.5951455049658
Real Estate,49.3900022848501
Industrials,39.40079718148127
Healthcare,22.43308233717944
Technology,20.918253222758615
Financial Services,15.07687861150955
Basic Materials,11.588851548332775
Utilities,10.488871290774156
Consumer Cyclical,7.050018102520039
Energy,5.535906839773087
N/A,2.9273969868630645
Consumer Defensive,1.5855079198442654
