Financial Services,40.41979537598867
Utilities,29.918432756703755
Industrials,28.683845113870976
Basic Materials,24.830244189037675
Technology,23.46697132000577
Consumer Defensive,21.433800285019956
Energy,13.129671152481475
N/A,5.399225016487217
Communication Services,2.6473544875922355
Healthcare,-4.892482056349858
Real Estate,-12.247462715165945
Consumer Cyclical,-29.89639288698196
