Consumer Defensive,92.32214861023868
Technology,55.94027509997851
Financial Services,47.916665141917775
Industrials,38.328161452911274
Utilities,33.57852762788041
Communication Services,23.174326353077063
Consumer Cyclical,13.938531556002683
Real Estate,10.389675794148243
Energy,8.068176759317021
Healthcare,5.3872743470984945
Basic Materials,0.303980869276423
N/A,-1.7088903210829676
