Consumer Defensive,3570.310056724272
Financial Services,70.0453119576121
Healthcare,27.284642314161218
Communication Services,25.939568296810315
Industrials,17.153293530900626
Technology,12.143165370904416
Basic Materials,11.165870727458172
Real Estate,6.814282588053601
Consumer Cyclical,4.837559068739216
Energy,4.264450287153543
Utilities,3.872989078110364
N/A,3.1351823402261836
