Communication Services,519.3951472850055
Real Estate,261.61193878507714
Industrials,138.1523076980291
Healthcare,64.50476948105042
Financial Services,61.08860215345881
Technology,50.07240476216236
Utilities,42.77615620844153
Basic Materials,37.07387600693849
Consumer Cyclical,19.974779923106755
Energy,16.34663588116118
Consumer Defensive,6.272819478344288
N/A,5.119552713518193
