Communication Services,27.34245865379591
Basic Materials,18.912197658712845
Industrials,17.17513132008663
Healthcare,15.680165026530096
N/A,5.81815527843335
Energy,5.221701992911694
Consumer Cyclical,4.552063281364513
Financial Services,4.371712017002647
Utilities,3.4945962298428563
Real Estate,3.3020005465706985
Consumer Defensive,2.9729711356602353
Technology,2.1998285691128863
