Communication Services,15.32400993483982
Consumer Defensive,12.169044331538165
Technology,11.731574495110934
Financial Services,10.684663597853833
Consumer Cyclical,9.577102706358158
Utilities,9.472117024935365
Healthcare,7.60734842114488
Real Estate,4.582639763998606
N/A,-0.3272795770419267
Basic Materials,-1.0724706264225323
Industrials,-1.471961883693233
Energy,-12.089850171606363
