Consumer Defensive,700.226872070503
Industrials,565.2447123960133
Consumer Cyclical,391.1002553638365
Financial Services,78.43390229323609
Basic Materials,15.61105028076469
Healthcare,12.512476923133725
Technology,12.207207299298489
N/A,10.857001550283158
Utilities,9.856663624829325
Communication Services,9.780213419901827
Energy,5.870337913076906
Real Estate,1.1551792622998878
