Consumer Defensive,2.607592997745425
N/A,0.5705295800528665
Real Estate,-0.8551707515244317
Financial Services,-1.8455377008553289
Communication Services,-3.1310715788369827
Utilities,-3.3191777486567164
Energy,-4.07537484682685
Basic Materials,-4.36498988873285
Healthcare,-4.816903646289342
Technology,-6.84681715290332
Consumer Cyclical,-7.656162757509502
Industrials,-9.790080764105372
