Communication Services,365.69611763610294
N/A,45.35015402526236
Real Estate,34.71626931419081
Financial Services,19.8996012585548
Basic Materials,15.25428681236698
Technology,13.790072488973967
Healthcare,10.760111302961926
Consumer Defensive,10.447701513233621
Energy,8.633829955838815
Consumer Cyclical,7.956123171920495
Industrials,6.280646283063899
Utilities,0.4953449086602494
