Communication Services,137.1501284363264
Industrials,43.19653496149607
Basic Materials,32.304715059694
Real Estate,30.67690498669769
Healthcare,25.694610867017236
Technology,15.625477891635088
Utilities,13.719466165539437
Financial Services,7.693994653122909
N/A,6.593638273365706
Consumer Cyclical,5.717419941779303
Energy,5.243446154483104
Consumer Defensive,0.2083531046384318
