Communication Services,3710.150280561818
Real Estate,203.50387230421387
Industrials,133.62346799042405
Financial Services,89.1310920368881
Technology,72.00907411555333
Consumer Cyclical,68.09926652935567
Healthcare,63.98400797372924
Utilities,63.34652359076252
Basic Materials,43.140246856625026
Energy,29.18076475692056
N/A,24.91783029034902
Consumer Defensive,0.884217310583125
