Consumer Defensive,804.9357268863416
Industrials,497.71236424596424
Consumer Cyclical,396.93267589737206
Financial Services,70.52442144351208
Technology,9.072274061156234
Utilities,8.808820522012434
Healthcare,6.47445654759443
N/A,5.57580961412193
Communication Services,4.784512834225604
Energy,3.482617305212529
Real Estate,1.9770257736019148
Basic Materials,-0.3325983875541412
,-45.11153520387999
