Communication Services,45.273261919080454
Healthcare,34.39254066846765
Technology,34.08248852891693
Financial Services,29.754787997715557
Industrials,21.913203188173323
Utilities,16.19062751391271
Consumer Cyclical,12.938745461894909
Energy,7.750147942142539
Real Estate,5.844876261206235
N/A,2.55467839268765
Consumer Defensive,2.439146253747315
Basic Materials,0.11312874985881145
