Communication Services,11.367736050049128
Energy,8.169310594124491
Financial Services,3.1534468113232736
Real Estate,0.922789593343991
Industrials,0.5269827408762989
N/A,0.3183395260948306
Utilities,0.11522267503657481
Technology,-0.29405663808817634
Healthcare,-0.7297347745001912
Basic Materials,-0.8226055664252259
Consumer Defensive,-1.0899497731329308
Consumer Cyclical,-3.478054264735556
