Communication Services,216.21995226799973
Utilities,34.80258061958578
Consumer Cyclical,34.237784648977595
Technology,25.371912059228208
Industrials,19.44355979257114
Energy,18.79868071837503
Financial Services,17.018397637732175
Basic Materials,14.578621401439053
Consumer Defensive,13.475620113360732
Real Estate,11.245125877932947
Healthcare,8.8065200358142
N/A,7.308333063008919
