Financial Services,69.67851319975195
Healthcare,27.86323035591991
Industrials,13.227724208758167
Technology,12.952232385842052
Communication Services,9.646100961838108
Basic Materials,8.644687009145187
Real Estate,7.9137061257839765
Energy,5.892919204108393
Consumer Defensive,5.433215934428668
N/A,3.5293688504700023
Consumer Cyclical,2.908163702936603
Utilities,2.427700870585527
