Communication Services,13.751134706067038
Utilities,11.874011514595932
Technology,11.235571510199696
Financial Services,10.329130895273336
Consumer Cyclical,9.245171683985893
Consumer Defensive,9.154799827532255
Healthcare,8.362555967186662
Real Estate,4.582639763998606
Industrials,0.7046351035891142
Basic Materials,-1.0601829610233429
N/A,-2.9863029221108817
Energy,-12.55972054286392
