Communication Services,27.645090337925815
Basic Materials,20.898386754450854
Financial Services,4.418988881145468
N/A,3.402938698520983
Consumer Defensive,-0.47006863390873477
Technology,-1.972100752990442
Real Estate,-2.6394298348015672
Healthcare,-2.994730172335722
Utilities,-3.7517724914740014
Industrials,-5.534298216801606
Consumer Cyclical,-6.492749529821675
Energy,-13.766667370791998
