Consumer Defensive,748.4631586098752
Industrials,477.89401066401183
Consumer Cyclical,423.193003137248
Financial Services,86.57638956854622
Healthcare,12.948504935012087
Basic Materials,12.222666121445556
Technology,11.723606844705465
Utilities,6.500002713990917
Communication Services,5.320542959887617
Energy,4.144647843762271
N/A,3.736410724018324
Real Estate,3.245994703094742
