Communication Services,13.81253001308734
Energy,5.739066678744135
N/A,2.5992616377477535
Utilities,0.028198451329723893
Technology,-0.14589941562611597
Healthcare,-1.542003397230539
Consumer Defensive,-4.18168547656383
Industrials,-6.090189401501372
Consumer Cyclical,-10.548080850816719
Basic Materials,-14.727827657048444
Financial Services,-15.69611282564851
Real Estate,-32.56589125616209
