Communication Services,180.3415827847929
Real Estate,47.05165976493218
Industrials,38.60470626423276
Healthcare,20.623293272690514
Technology,20.316345239917545
Financial Services,15.198929189575836
Basic Materials,10.997257888939188
Consumer Cyclical,7.684643202311322
N/A,4.727133797487834
Energy,4.409957781312722
Utilities,4.325375541473078
Consumer Defensive,1.7543142955499713
