Communication Services,171.14855759182504
Real Estate,24.00147115272447
Industrials,22.120052909063112
Technology,19.93259258602008
Financial Services,9.681713288724003
Healthcare,9.504456315718164
Basic Materials,9.500822470052427
Energy,5.732061844146905
N/A,4.129915162258451
Consumer Cyclical,2.753853948322669
Consumer Defensive,1.7024445877357908
Utilities,1.6331289243292482
