Communication Services,15.814628841615924
Technology,10.313343616257423
Industrials,8.980303218975022
Healthcare,7.851900688923859
Consumer Cyclical,7.068570345379213
Financial Services,3.539868977061913
Basic Materials,2.5076088165393506
Utilities,2.2774796470464875
Real Estate,0.03629010981908428
Consumer Defensive,-1.8540735352788542
Energy,-5.229778767962116
N/A,-5.33622750591132
