Communication Services,157.609032931052
Real Estate,53.26912303806586
Industrials,29.532450954310466
Technology,23.809276796464726
Healthcare,22.5222214371074
Financial Services,17.39843742780822
Basic Materials,14.153470976493265
Energy,11.209656994410867
Utilities,9.771298840825205
N/A,5.466055558328667
Consumer Cyclical,3.6953677464174683
Consumer Defensive,-0.3522684698581529
