Consumer Defensive,787.9732343674367
Industrials,363.81321910445564
Financial Services,100.58241775051214
Technology,25.897962032696448
Utilities,16.050414269434736
Communication Services,15.145835391372048
Energy,13.016242784866733
Basic Materials,9.369508156258052
N/A,8.561153453627929
Real Estate,4.9108356522619925
Healthcare,4.766582147401614
Consumer Cyclical,-15.873454782335322
