Communication Services,126.646311704168
Real Estate,75.4587262627744
Technology,38.44246253329314
Healthcare,19.010629295272704
Industrials,16.73606934905393
Basic Materials,15.284724677789882
Utilities,8.97260122709907
Energy,7.730967356239449
Financial Services,6.675124714576735
N/A,6.160780115427816
Consumer Cyclical,4.632627851648378
Consumer Defensive,0.8891838765837565
