Communication Services,49.47268709518884
Industrials,26.33346161959685
Basic Materials,25.981524649399454
Healthcare,14.178646413521781
Energy,7.997550152648803
Technology,6.749233971571993
N/A,5.848257887837526
Financial Services,0.5475106919621205
Consumer Defensive,-0.31287468670489466
Utilities,-1.6665417079727967
Consumer Cyclical,-3.1195690006541095
Real Estate,-18.54391104940489
