Communication Services,442.2268880187235
Industrials,33.9759241617045
Real Estate,23.79252560322549
Healthcare,19.345612089753775
Technology,18.607312183718417
Financial Services,11.356357815613627
N/A,10.071408738089326
Basic Materials,9.2216647187036
Energy,7.3552275456427765
Consumer Defensive,6.367900269473988
Utilities,4.2849864311062
Consumer Cyclical,4.2582340072360845
