Communication Services,588.7064099875918
Real Estate,211.69924752351298
Technology,116.31152482499367
Industrials,80.28286261991673
Utilities,68.10230240082383
Healthcare,62.86968089543982
Basic Materials,49.33170268758865
Energy,35.203171781290095
Financial Services,31.296443579862167
Consumer Cyclical,27.195457775012216
Consumer Defensive,10.848634174302688
N/A,10.702383205936641
