Communication Services,35.50303794726857
Basic Materials,30.35650027127642
Industrials,20.101584496907478
Financial Services,13.304241874502997
Healthcare,12.423046996631046
Technology,10.014326407818903
Consumer Defensive,9.190049662615293
Consumer Cyclical,4.814432402343183
Utilities,2.1194112648615486
N/A,0.7359386000299118
,0.0
Energy,-3.9442700473556034
Real Estate,-8.050702766257938
