Communication Services,512.9120098568443
Real Estate,329.84655995141014
Industrials,154.10493002894907
Utilities,72.26810747877333
Financial Services,62.89662303398323
Healthcare,59.76773206078345
Technology,57.564732725361274
Basic Materials,41.686985774676785
Consumer Cyclical,39.15901476636946
Energy,18.72112604463201
N/A,18.291804630748054
Consumer Defensive,-3.2833846015684487
