Communication Services,132.83468791465265
Real Estate,27.835833424853742
Basic Materials,19.390286870890794
Healthcare,17.97633244340151
Industrials,15.841995631706572
Technology,12.012193421948131
Utilities,8.106611822293456
N/A,6.181769635903273
Consumer Cyclical,4.499059489359467
Financial Services,4.212924207596267
Energy,3.368589039040283
Consumer Defensive,-1.6526782567604203
