Consumer Defensive,3128.585878339164
Industrials,1637.5648139194645
Consumer Cyclical,1311.44051131225
Financial Services,409.7429728563172
Utilities,45.46863390224816
Healthcare,34.65023848797872
Basic Materials,31.431554912031906
Technology,25.675318502251535
Communication Services,24.59391788141275
Energy,21.529798484704763
N/A,19.298262978148244
Real Estate,17.831520224094344
