Consumer Defensive,817.9934964138403
Industrials,497.29282459228506
Consumer Cyclical,464.74763676264854
Basic Materials,23.5594778614212
Healthcare,23.309117363685726
Communication Services,18.76667313021543
Real Estate,17.481236891656568
N/A,12.870480702616257
Technology,11.356501755283942
Financial Services,9.148766423443606
Energy,8.967821223040797
Utilities,2.5232209026521617
