Financial Services,9.823441607429936
Consumer Defensive,8.540654204555603
Healthcare,6.685367797467498
Basic Materials,6.530487833969732
Real Estate,4.435414925517046
N/A,3.2672994624267804
Utilities,1.160869965140409
Consumer Cyclical,1.0673234231750992
Technology,1.0043075049459604
Industrials,-1.979281762633937
Communication Services,-5.6723846555732935
Energy,-12.762491936927555
