Communication Services,171.14857206569457
Real Estate,24.0014712697984
Industrials,21.982658917356016
Technology,20.37489200685953
Healthcare,11.467402410787058
Hardware,11.29855421572033
Financial Services,9.672903747572565
Basic Materials,9.501944672325836
Energy,5.732391456251382
N/A,3.882202025203023
Consumer Cyclical,2.753274544541563
Consumer Defensive,1.7024445877357908
Utilities,1.6331289243292482
