Communication Services,191.75787569001287
Real Estate,102.99207595341747
Healthcare,28.136498412276588
Artificial Intelligence,27.014504998929706
Industrials,23.63633956829118
Basic Materials,20.78787714787709
Technology,19.86470507170746
Hardware,16.386989377249687
Financial Services,13.919119485110476
Energy,12.830903439833193
Utilities,12.374281718198347
Consumer Defensive,7.926985623256181
N/A,7.37372550807369
Consumer Cyclical,6.188419424367044
