Consumer Defensive,811.5399238230735
Industrials,591.249434783276
Consumer Cyclical,501.3769424985214
Healthcare,25.507886088857376
Real Estate,19.406269423089775
Basic Materials,15.975116963902117
N/A,15.743814774106987
Financial Services,10.144925096522451
Technology,9.987733940323281
Energy,9.179659177757543
Communication Services,8.897423125748212
Utilities,4.720503400987948
