Financial Services,85.57985945154778
Communication Services,12.69769534454666
Consumer Cyclical,11.904516420849724
Industrials,11.03259324659593
Technology,8.926581469559526
Healthcare,8.099620927380826
Energy,6.756038458934727
Basic Materials,4.82772833911275
Real Estate,4.226489735472399
N/A,2.1240632539926523
Consumer Defensive,1.5818740443450434
Utilities,-1.6078644160704336
