Communication Services,1262.6991374986305
Industrials,44.1033418745064
Real Estate,41.98580458146035
Healthcare,21.731231828887775
Technology,16.80013186009432
Basic Materials,14.975657925462412
N/A,14.895144778239432
Financial Services,12.079119229694836
Consumer Cyclical,9.511575439918209
Utilities,5.724998679712712
Energy,5.574272603920021
Consumer Defensive,-0.3334035015204367
