Communication Services,14397.16169284148
Industrials,127.5999562023294
Consumer Cyclical,32.527873965657285
Technology,19.41137785697971
N/A,18.04283109477472
Financial Services,16.377401720448926
Energy,11.519185220487758
Utilities,9.237843739986856
Basic Materials,7.328317766936249
Consumer Defensive,2.8597154823210897
Real Estate,1.1873340344822725
Healthcare,1.1708132639099873
