Artificial Intelligence,19.69876900392362
Basic Materials,10.2448817566022
Industrials,6.475615555544331
Healthcare,4.581595689336873
Consumer Defensive,3.5067752227904037
Consumer Cyclical,2.4976192714738548
Energy,2.3154147223701194
Communication Services,0.26665372779382335
Utilities,0.2198666071213118
Technology,-0.3533300345661272
N/A,-1.7410497253002166
Real Estate,-2.1582782524199464
Financial Services,-2.432536141300725
