Communication Services,39.50577424984858
Energy,28.986714560689947
Healthcare,23.818822772396143
Technology,22.498133798811104
Utilities,8.276266997838698
Consumer Defensive,7.162696562499064
Industrials,0.8431394386101034
N/A,0.6347458816274268
Consumer Cyclical,-6.6584029744608815
Financial Services,-8.391418687815023
Basic Materials,-9.017180241717643
Real Estate,-24.150992916801666
