Communication Services,724.1533943641572
Real Estate,182.78987525704167
Technology,114.25254646473331
Industrials,63.89045035494918
Utilities,61.56220032248535
Healthcare,58.20404371690677
Basic Materials,52.886482398312594
Consumer Cyclical,25.19787211133655
Financial Services,17.07114668566869
Consumer Defensive,11.296783595830103
N/A,11.051074313669986
Energy,-0.10766112051927124
