Communication Services,13076.73726270132
Industrials,133.97183025062074
Consumer Cyclical,30.225174855019237
Technology,18.612983002452612
Financial Services,13.197435457237255
Energy,12.274920041122648
N/A,8.812243297521347
Utilities,8.777885320939177
Basic Materials,7.328317766936249
Consumer Defensive,2.8195337201379806
Real Estate,1.1873340344822725
Healthcare,1.1691714291624056
