Communication Services,254.94008295980734
Industrials,36.50670672301142
Real Estate,25.651300020220415
Healthcare,21.47679094490702
Technology,19.276256698777097
Financial Services,12.971937122819007
Basic Materials,11.040995566073876
Consumer Cyclical,7.586632662123944
Utilities,5.990390778977268
N/A,3.2326627769401273
Energy,3.0161849204579085
Consumer Defensive,1.2013637305259006
