Communication Services,188.95773387768378
Real Estate,30.087598773528427
Healthcare,24.068843998288347
Basic Materials,23.73943247772491
Industrials,22.019603918142675
Technology,11.461052603080851
Utilities,8.369114654135357
Consumer Cyclical,7.538561409625896
N/A,7.45833938752443
Financial Services,5.513106372231245
Energy,3.365508194956429
Consumer Defensive,0.08065806242735465
