Communication Services,196.05021398744344
Real Estate,34.25187508178073
Utilities,31.08508175495257
Basic Materials,29.964629054014384
Energy,24.295917783298194
Technology,23.783597769198007
Industrials,22.048547126108772
Consumer Cyclical,13.11474629896066
N/A,7.13185842005042
Healthcare,5.476420663859415
Financial Services,4.091870909465643
Consumer Defensive,2.295945966559539
