Communication Services,8.784292552926157
Energy,5.456730868126287
Financial Services,5.093397845135876
Industrials,5.060589578015231
Technology,4.273299078352871
Healthcare,2.4106133155916645
Real Estate,1.9549704098527863
Basic Materials,1.8707806414699437
Utilities,1.5874584626963293
N/A,0.6112470355791331
Consumer Cyclical,-0.18398435085880768
Consumer Defensive,-0.5087711870601337
