Communication Services,15.24890975628753
Technology,13.449854168163148
Industrials,8.744884645935256
Consumer Cyclical,6.699126314252044
Healthcare,6.373119893406348
Financial Services,3.5398691545861922
Basic Materials,2.492372607475865
Utilities,2.2774796470464875
Real Estate,-0.09925400110360987
Consumer Defensive,-1.8570248008572512
N/A,-3.935038190176377
Energy,-6.416707575464075
