Financial Services,35.13143797371829
Technology,25.955766371282905
Utilities,19.704405584519286
Communication Services,16.039560125348697
Industrials,11.404582144769778
Basic Materials,7.33357753937393
Energy,6.946879642880852
Healthcare,5.976843314675428
Consumer Defensive,5.525514403938797
Consumer Cyclical,1.902706887126518
N/A,-1.5893805137362156
Real Estate,-7.10183805317103
