Artificial Intelligence,9.14989795669163
N/A,7.232186112821926
Energy,6.673729459629154
Technology,5.795751093423431
Communication Services,2.26891960673948
Healthcare,1.6997089489534216
Industrials,0.6411767554569443
Consumer Defensive,-0.300365476300157
Real Estate,-1.3324668203803216
Financial Services,-1.6999781979237536
Basic Materials,-3.32893626153039
Utilities,-3.707149023063966
Consumer Cyclical,-5.430411224840388
