Communication Services,219.81285555316947
Real Estate,39.962672315924856
Industrials,35.35003086160249
Technology,24.66514041284193
Healthcare,19.219833995500213
Hardware,16.854166984558105
Financial Services,14.479593798203652
Basic Materials,10.82917207303537
Energy,4.478117269139874
N/A,3.6640825935948858
Consumer Defensive,3.569861438654705
Consumer Cyclical,3.356351239666237
Utilities,2.9453260208066854
