Communication Services,185.89646983105584
Utilities,36.97784172013318
Financial Services,31.208799210893932
Technology,23.63879531142753
Industrials,19.60580290172919
Basic Materials,17.117464203019555
Energy,17.08841579336175
Consumer Defensive,15.534343832729864
Real Estate,14.21144690827977
Consumer Cyclical,11.513436807058943
Healthcare,8.19297263839995
N/A,6.846027804082561
