Communication Services,692.3581165043246
Real Estate,152.59785645801747
Industrials,86.58614667904739
Healthcare,77.47099114739537
Utilities,71.7855934179111
Technology,58.88289960817006
Financial Services,54.806347524370544
Basic Materials,53.85656688169738
Energy,34.9104107494506
Consumer Cyclical,22.982660289967935
Consumer Defensive,20.346086859511086
N/A,19.47507736625064
