Consumer Defensive,729.8584417358335
Industrials,367.3915064966331
Financial Services,185.48183454395578
Technology,17.066664779667793
Communication Services,13.4093878362358
Basic Materials,12.874348591645903
N/A,10.199129149349298
Utilities,9.29933131985145
Energy,8.678900532933781
Healthcare,4.547108777916907
Real Estate,2.8633711952305325
Consumer Cyclical,-4.9358276004017005
