Consumer Defensive,780.8235991351381
Industrials,402.40058478265115
N/A,14.644689137284544
Healthcare,14.007170620299139
Technology,13.350120054540826
Financial Services,12.991432329548212
Basic Materials,11.34656432610034
Energy,9.173733212345828
Communication Services,8.731865277605257
Utilities,4.353400562542734
Consumer Cyclical,2.164749453106075
Real Estate,1.6147127167944892
