Consumer Defensive,787.9289883395659
Financial Services,60.222602756489906
Technology,25.869720248044352
Communication Services,25.50637729724308
Basic Materials,19.517368577588226
Industrials,19.337077080201862
N/A,16.146525896570004
Healthcare,16.142462370261367
Energy,14.212902183577977
Utilities,12.53086915666684
Consumer Cyclical,9.037642279501013
Real Estate,2.3149957667139742
