Communication Services,10.8139278501281
Financial Services,9.400389257659533
Healthcare,8.999757734482014
Utilities,6.804222170232781
Consumer Cyclical,6.332331177185792
Real Estate,1.9487610977430485
Consumer Defensive,0.813505239760422
N/A,-0.8781823517356246
Technology,-0.9181923741773016
Energy,-8.119315690070055
Industrials,-8.476944419939691
Basic Materials,-9.881059487603803
