Communication Services,702.9217942807392
Real Estate,275.54464401921683
Industrials,102.50308990188816
Utilities,79.48030100902122
Financial Services,64.30997479123307
Healthcare,64.0952990925864
Basic Materials,49.08094418500235
Energy,36.04556555676724
Technology,34.37098096172031
Consumer Cyclical,23.836968327157358
N/A,15.911662551452272
Consumer Defensive,-0.3484466963476922
