Communication Services,193.45383243216037
Real Estate,101.15122564880835
Healthcare,27.766788494851927
Industrials,23.376865773985763
Technology,20.285185032236004
Basic Materials,19.836092057086187
Energy,12.850497303863218
Utilities,12.374281718198347
Financial Services,11.953547853272404
N/A,9.715617250530629
Consumer Defensive,7.342493169577107
Consumer Cyclical,6.0841567446565845
