Communication Services,19.032100518142723
Industrials,11.605761424259184
Financial Services,0.7361649247446066
N/A,-0.9122474052386469
Technology,-3.7085779967185686
Basic Materials,-3.829007001397772
Consumer Defensive,-5.490546488529843
Utilities,-7.689159226958922
Healthcare,-7.876229850242857
Consumer Cyclical,-13.429674582066646
Energy,-16.253266492817616
Real Estate,-19.87483136688216
