Consumer Defensive,48.64265485693272
Healthcare,8.29229678164384
Financial Services,4.374382088984722
Technology,3.7673520740483446
Communication Services,3.13244599273807
Energy,3.128002765330943
Utilities,2.971879418343344
Consumer Cyclical,0.6979773574427581
Real Estate,-0.06810332936614127
N/A,-0.9495852111377069
Industrials,-2.061758890208467
Basic Materials,-5.154978881002138
