Communication Services,743.2689794193996
Real Estate,168.77192418502005
Industrials,85.18199869010286
Healthcare,76.65747327887526
Utilities,64.09469626943768
Financial Services,63.87707616219333
Technology,56.99253095242671
Basic Materials,54.71169655010866
Energy,34.9104107494506
Hardware,33.33333333333333
Consumer Cyclical,21.041528394715993
Consumer Defensive,20.346086859511086
N/A,16.36431792997896
