Consumer Defensive,683.7343167401718
Industrials,349.70730753682386
Healthcare,18.15990583542236
Technology,17.40809257394453
N/A,16.564287286750897
Basic Materials,13.169132260356424
Financial Services,12.533383632451168
Energy,12.115275862289632
Utilities,8.25889016817886
Communication Services,7.6348903221758695
Real Estate,3.7605737851382597
Consumer Cyclical,-6.799569518131603
