Consumer Defensive,786.7070065752707
Industrials,400.8799485698928
N/A,14.875745129590149
Healthcare,14.075285768616485
Technology,13.168128821249917
Financial Services,13.080741398483672
Basic Materials,11.041866070723437
Energy,8.883234861011411
Communication Services,7.428363904772431
Utilities,4.434010552230092
Real Estate,2.205094333797184
Consumer Cyclical,2.0062874414221614
