Communication Services,15.299726607076169
Basic Materials,14.958724425050933
Financial Services,5.014021727726101
Healthcare,4.790530903253444
Technology,4.663877748030399
Consumer Cyclical,1.9270205148219457
Industrials,1.6117325236509459
Utilities,1.3056172953573375
Consumer Defensive,1.1285175594249668
Real Estate,0.6203862274360213
Energy,0.12458998738080394
N/A,-1.8864502856730312
