Communication Services,21.370052612458913
Healthcare,9.14334817254383
Consumer Defensive,7.557075280848245
Technology,4.474198759711232
Real Estate,3.2814969425186593
Financial Services,1.417025143472466
Consumer Cyclical,1.2729073450366242
Utilities,-0.8410901188855967
Energy,-0.8440039652399488
Industrials,-2.2670353948049633
N/A,-5.0697703317520855
Basic Materials,-10.97143810239212
