Consumer Defensive,2801.447954868845
Industrials,1813.2166275961217
Financial Services,267.344314932841
Utilities,56.73414128593828
Technology,44.23482692138524
Energy,41.87233396165441
Basic Materials,37.43853980547121
Healthcare,32.362716243380476
N/A,29.335971514054428
Real Estate,26.288925030961124
Communication Services,17.730539792593326
Consumer Cyclical,-45.03165541393969
