Communication Services,8.897858817784753
Consumer Defensive,5.339033831553095
Technology,2.6215292371189656
Healthcare,2.6150831705610007
Consumer Cyclical,-0.12871607120825768
Financial Services,-1.0338998014431071
N/A,-2.7414165333242995
Real Estate,-4.40816292170687
Basic Materials,-6.167371477227262
Utilities,-7.899979530252627
Energy,-8.72780798333412
Industrials,-13.723105162245412
