Artificial Intelligence,12.660021442923613
Energy,7.65537952595164
N/A,7.461844348002478
Communication Services,4.489960416445692
Technology,4.104721524807635
Healthcare,3.458001216458
Industrials,2.3087785438872785
Consumer Defensive,-0.5092879744072814
Financial Services,-1.9923040682639128
Utilities,-2.3893877372497454
Consumer Cyclical,-3.8559810860730575
Basic Materials,-3.9991649141359025
Real Estate,-4.370550697808467
