Consumer Defensive,897.1118775483648
Financial Services,45.51238786547653
Communication Services,20.23484989289629
Technology,18.424501465633433
Industrials,15.649338204721843
Basic Materials,15.363021523865946
Healthcare,14.435771167539308
Energy,9.703121945879774
N/A,8.012227635356476
Consumer Cyclical,7.840426127224131
Utilities,7.5178913323013585
Real Estate,2.6937132309907095
