Communication Services,15075.110476930773
N/A,187.16944095043112
Industrials,134.00369250674427
Consumer Cyclical,32.15303448098863
Technology,18.634386636311962
Financial Services,14.996257719080207
Energy,12.17997056324809
Utilities,8.320014958036495
Basic Materials,7.171196001012057
Consumer Defensive,2.4838338288067536
Healthcare,1.3520951467550262
Real Estate,1.1571453067433053
