Financial Services,93.95401512770378
Industrials,60.410241735422886
Technology,54.908498796609074
Communication Services,47.23671383404807
Energy,28.23873998603108
Basic Materials,23.31352705371468
Utilities,19.047402201288037
Consumer Defensive,14.119855856939006
Healthcare,10.775419382473691
Consumer Cyclical,9.869665261775925
N/A,4.561438187088044
Real Estate,-12.493083417550242
