Communication Services,2939.2033694424977
Healthcare,34.060722180471544
Basic Materials,31.375493018016265
Technology,29.026140203302838
Real Estate,27.018586072190978
Energy,23.332053015696186
Industrials,16.89786325421131
Utilities,14.700246661869135
Financial Services,13.383224132408486
Consumer Defensive,8.184511528535246
N/A,6.867829190210436
Consumer Cyclical,6.277703045965126
