Communication Services,6.323806618914346
Technology,4.543077610107502
Industrials,4.119918512163468
N/A,2.7081354930731694
Financial Services,1.5846035416871092
Consumer Defensive,0.6690434281126469
Utilities,0.4215211807307247
Healthcare,0.28160052635174576
Energy,-0.97571283058147
Real Estate,-1.1316557018569884
Consumer Cyclical,-2.0248494535646553
Basic Materials,-6.878310129046958
