Financial Services,3.017297958027248
Industrials,1.9828429999928388
Basic Materials,1.8772235286915042
Healthcare,1.7908176858239975
Real Estate,-0.4617532394971223
Energy,-0.47986092598171454
Communication Services,-1.0715061877530423
Utilities,-1.1458415240526905
Consumer Defensive,-1.527719174333201
Technology,-3.481997932007399
N/A,-5.837970225165988
Consumer Cyclical,-5.9098289197819325
