Consumer Defensive,37.49026047528225
Industrials,34.76587514157576
Basic Materials,34.7475934845137
Utilities,32.279715095905324
Technology,28.94916535536223
Energy,25.202705376436523
Financial Services,21.4527157610859
Communication Services,12.296555988912047
Real Estate,4.250597388066005
Healthcare,0.4418143662006753
N/A,-1.1725031372446604
Consumer Cyclical,-72.63834531981041
