Communication Services,13780.384192890755
N/A,464.1364688658305
Industrials,134.5141318475699
Consumer Cyclical,31.703764990795428
Technology,17.26240869256617
Financial Services,14.926558018695523
Energy,12.274920041122648
Utilities,8.101142746754988
Basic Materials,7.328317766936249
Consumer Defensive,2.3835174868193594
Healthcare,1.359643534605081
Real Estate,0.9766385676173196
