Consumer Defensive,4.905595634012649
Communication Services,4.772785066302963
Healthcare,4.132787805511757
Technology,2.069838115730752
Real Estate,-0.3613948909065859
Financial Services,-2.997978933997052
Consumer Cyclical,-4.370546542658321
Basic Materials,-5.605391942210075
Energy,-6.186023384034618
Utilities,-6.520913641650294
N/A,-12.264411696267949
Industrials,-13.8906113932458
