Communication Services,46.62515610068073
Basic Materials,11.0597476078057
N/A,-6.97986238184043
Healthcare,-7.468133014076676
Real Estate,-11.012302323330276
Consumer Defensive,-11.729924175991508
Financial Services,-18.879682023542824
Industrials,-20.51095738241819
Technology,-22.57641496643705
Utilities,-22.733674566008258
Energy,-25.19892701650021
Consumer Cyclical,-28.750374725209667
