Communication Services,226.8316625374805
Real Estate,27.004180773138387
Technology,22.56798692005534
Basic Materials,14.955874594330842
Industrials,12.581628172231019
Energy,10.510546839284942
Financial Services,7.158802073071607
Utilities,6.94067517784845
N/A,4.142320856053597
Consumer Cyclical,3.158165334796184
Consumer Defensive,0.9343682169324912
Hardware,0.18732867804477882
Healthcare,-0.16767903535509432
