Communication Services,28.421861678093467
Real Estate,24.61341604543637
Healthcare,14.396093234890166
Basic Materials,6.121975953733625
Energy,3.2803935993835207
Industrials,1.3678751121324297
Consumer Cyclical,0.73690154546511
Technology,-0.10635446376292908
Financial Services,-0.33918799634251645
Utilities,-1.0619120374281645
Consumer Defensive,-2.1176779970743045
N/A,-2.6921740432429053
