Communication Services,4.824655626930912
N/A,3.106781697732707
Technology,1.9720943992056887
Consumer Defensive,1.571431419441296
Financial Services,0.3606737784471272
Utilities,0.3587906159340365
Real Estate,0.26266573157633144
Healthcare,-0.6340540064255914
Industrials,-0.6907655681167757
Consumer Cyclical,-1.7422648175373767
Energy,-2.757445632631145
Basic Materials,-6.577627599747428
