Communication Services,1292.3449536422029
Real Estate,33.40531050848502
Industrials,32.194547730094435
Technology,28.062582763941958
Healthcare,23.916292990807946
Utilities,15.847680770171424
Financial Services,14.226244832678448
Basic Materials,13.000749833156148
Energy,9.491460881691568
Consumer Cyclical,4.974293449442407
N/A,4.727430644074034
Consumer Defensive,3.5433316474037864
