Consumer Defensive,67.37868982402922
Healthcare,21.32672565381832
Consumer Cyclical,11.632657111234089
Real Estate,8.968111126524834
Communication Services,2.6985980581990874
Industrials,-0.4466740784498888
N/A,-0.5926501841373945
Financial Services,-2.0646448594975833
Utilities,-3.212034434034775
Technology,-4.37417952314732
Basic Materials,-8.709443832476891
Energy,-9.801992177178562
