Financial Services,29.2195738932682
Basic Materials,19.75195940880684
Real Estate,11.965043489744437
Utilities,11.363772567699074
Healthcare,9.788714737095347
Industrials,8.676184647204913
Consumer Defensive,2.70209074579823
Consumer Cyclical,2.401075350266627
Technology,2.383943857583763
N/A,0.09263952603981619
Communication Services,-0.8233244649232837
Energy,-10.696381476091084
