Communication Services,44.43400430038964
Utilities,41.25337324493433
Energy,28.575473746615682
Technology,28.089293968885894
Healthcare,20.314211914810727
Industrials,10.432411911367351
N/A,9.131346447970575
Financial Services,3.5986391766691277
Basic Materials,0.6355875124040005
Consumer Defensive,-7.802632254177247
Consumer Cyclical,-9.292711459671409
Real Estate,-23.100487217912587
