Financial Services,18.96041862564262
Industrials,12.64480145448104
Basic Materials,4.886947962199208
Real Estate,1.0334748803569866
Technology,-2.87400914361027
Communication Services,-3.9697976637950276
Healthcare,-4.549763785416832
Energy,-4.616983474676099
Consumer Defensive,-4.744953090576737
N/A,-6.217110819992736
Utilities,-6.955681072421729
Consumer Cyclical,-13.846938581330361
