Communication Services,9.006309269059095
Energy,7.8562937869764955
Industrials,5.10034350608923
Technology,4.410713300418983
Financial Services,2.6106460900854254
Real Estate,2.0757215582115527
Basic Materials,1.8707806414699437
Healthcare,1.752817787381396
Utilities,1.5874584626963293
Consumer Cyclical,-0.17734927737494333
N/A,-0.20378752975069245
Consumer Defensive,-0.841505457715891
