Communication Services,5.53021391340301
Consumer Defensive,5.3339453481478065
Real Estate,4.787382859897475
Healthcare,4.033648048646824
Technology,1.975772904153699
Consumer Cyclical,-2.534354514714779
Basic Materials,-2.9740175448423214
Financial Services,-3.342869150297411
Energy,-4.974866137103684
Utilities,-6.520913641650294
Industrials,-14.012902323591252
N/A,-14.817288591557908
