Communication Services,644.2666823320404
Real Estate,139.86156676289676
Industrials,80.27282202211609
Healthcare,72.89525755027283
Utilities,64.09469626943766
Technology,54.70520196404832
Financial Services,54.509768072276195
Basic Materials,53.969521434810865
Energy,35.38774338119397
N/A,21.70089251531004
Consumer Cyclical,20.909694339703172
Consumer Defensive,14.445404314395798
