Communication Services,174.4033224294123
Industrials,41.49960161291746
Real Estate,39.65437627198418
Technology,25.390087264860558
Healthcare,19.65600109392227
Basic Materials,14.486426463658939
Consumer Cyclical,13.62612487970162
Utilities,12.977418355646847
Financial Services,11.879464499953952
Energy,6.838091388000718
N/A,4.154489739515805
Consumer Defensive,0.1439472252751954
