Financial Services,350.7022232492374
Industrials,107.47011245707601
Healthcare,23.668449014076018
Basic Materials,19.411257750261573
Real Estate,18.375040009021596
Utilities,17.203159120021194
Consumer Cyclical,11.635867246617988
N/A,8.31407929303238
Technology,2.229268298176027
Communication Services,1.3014545459375082
Energy,-2.0843257550109833
Consumer Defensive,-9.087132991921857
