Communication Services,548.1788713974604
Real Estate,329.84655995141014
Industrials,147.52674532962263
Utilities,74.27427864617106
Financial Services,72.71366127135475
Technology,61.83174137052011
Healthcare,60.87657427600792
Consumer Cyclical,42.279453404672424
Basic Materials,41.686985774676785
Energy,25.966660976611053
N/A,14.955369495694546
Consumer Defensive,-3.283384601568448
