Communication Services,201.5665899965708
Real Estate,106.98224953388932
Healthcare,27.841885814285135
Artificial Intelligence,27.014504998929706
Industrials,24.213023782568573
Technology,20.209807754430265
Basic Materials,19.505409118289286
Energy,13.100354861712882
Financial Services,11.971260643422605
Utilities,11.698134345102781
N/A,9.236755995772464
Consumer Defensive,7.661162116051313
Consumer Cyclical,6.03281182063576
