Communication Services,634.0427199230332
Industrials,26.921740264941043
Basic Materials,19.033722207982535
Healthcare,18.124094023767526
Energy,12.44449530447189
Real Estate,10.587378310326722
Utilities,10.389736038187216
Technology,7.34424977590555
Financial Services,5.197283741053307
N/A,1.887897924581959
Consumer Cyclical,-0.8598564462524613
Consumer Defensive,-1.5827080851927553
