Financial Services,32.39977084262316
Technology,25.277773559897437
Energy,23.780678809068842
Healthcare,19.166548552672605
Industrials,14.731154897280105
Consumer Defensive,7.965852509464861
Consumer Cyclical,7.798873587645956
Real Estate,6.601745600395125
Utilities,4.45147698886099
N/A,1.639985356136164
Communication Services,0.7655746565564266
Basic Materials,-0.40996724576920784
