Communication Services,171.58675774827645
Real Estate,35.352465499019516
Utilities,32.61865252476693
Basic Materials,29.550939906994113
Technology,22.67369127019553
Energy,22.090198661130312
Industrials,21.342874064004413
Consumer Cyclical,11.164897097960697
Healthcare,4.890302311269007
N/A,3.2934366822625116
Financial Services,3.002933838431116
Consumer Defensive,2.2663926996447463
