Communication Services,12.842217037610675
Technology,12.321529020638822
Utilities,8.190036387527247
Healthcare,7.39884130907996
Energy,4.765461550377412
N/A,3.407686232238411
Industrials,2.6689565157371358
Real Estate,2.2261771074778895
Financial Services,0.9769175566831746
Basic Materials,0.7297862809634451
Consumer Defensive,0.16778878407235873
Consumer Cyclical,-4.318013893947295
