Communication Services,46814.79020138949
Industrials,375.63602764949763
Consumer Cyclical,67.09122549922323
Utilities,18.35696981760667
Financial Services,17.52133437343219
Energy,16.157620777673774
Basic Materials,13.665312728178401
Real Estate,12.054054431576086
Consumer Defensive,8.906718321550255
Technology,8.163891425364584
Healthcare,2.8118132298153533
N/A,0.9164642343954792
