Communication Services,36.9493039393006
Basic Materials,15.658031785693197
Financial Services,2.1174346414966636
Utilities,0.312904440585879
N/A,-0.6599816911802177
Industrials,-1.863155083005251
Consumer Defensive,-5.88026053391206
Real Estate,-7.305901005008866
Healthcare,-7.820297719073805
Technology,-9.840969120607564
Energy,-10.287399259433608
Consumer Cyclical,-12.755712547702325
