Consumer Defensive,4.807838317989541
N/A,-4.086598672491176
Basic Materials,-4.327721403521051
Financial Services,-5.282149243140108
Communication Services,-8.591584681786754
Real Estate,-9.288046921112056
Healthcare,-11.301643115934642
Consumer Cyclical,-12.027365252476777
Industrials,-13.53207130724015
Technology,-16.959528207342935
Energy,-17.472211234575084
Utilities,-20.724545919522456
