Consumer Defensive,3129.370404579251
Industrials,1703.9268978026457
Consumer Cyclical,1415.5821659916976
Financial Services,412.37681690630274
Utilities,53.5092218226107
Basic Materials,40.60488662606722
Healthcare,37.83537273176271
Technology,32.99798315275832
Communication Services,28.072185286672486
Real Estate,26.884704854128305
Energy,14.095645864750919
N/A,8.28437130130201
Artificial Intelligence,-0.010646573977342297
