Communication Services,193.87769280037284
Real Estate,35.352465499019516
Utilities,31.101925915452195
Basic Materials,29.321431777370357
Energy,25.80740618053771
Technology,22.620852781360604
Industrials,20.552229637506645
Consumer Cyclical,10.784347881128587
Healthcare,5.513103617360458
N/A,4.816237418594843
Financial Services,3.2399868858744947
Consumer Defensive,2.9894359172829454
