Communication Services,49.208004657505526
Basic Materials,22.714753348013218
Healthcare,20.7746172108276
Technology,9.800335973623916
Financial Services,7.953309333597884
Utilities,7.516209157024649
Industrials,7.177102170885489
Energy,6.2252474542519725
Consumer Cyclical,5.32819028383613
Real Estate,4.525024990834528
Consumer Defensive,2.0423788845698323
N/A,-2.640727536344785
