Consumer Defensive,55.93078297049013
Technology,24.484793008648836
Financial Services,11.626523938919432
Industrials,10.611176350391935
Utilities,7.56263092430563
Communication Services,6.6912988803770865
Energy,5.342779754853412
Consumer Cyclical,5.1049684452102575
Healthcare,4.948130562598919
Real Estate,2.644961334022074
N/A,-0.16055950900554394
Basic Materials,-0.24380233270809223
