Consumer Defensive,1127.086348103815
N/A,77.37194905730749
Healthcare,48.82679085315681
Real Estate,41.49169668217729
Communication Services,15.16613038844355
Industrials,6.989182612396734
Technology,5.820987236505151
Basic Materials,5.078778046618098
Utilities,4.097257049931896
Financial Services,2.2751372475575673
Energy,2.238529326863321
Consumer Cyclical,0.7120761903773623
