Communication Services,1112.1680017731915
Basic Materials,37.17196991337053
Industrials,35.19880163825335
Artificial Intelligence,27.014504998929706
Healthcare,23.180250736818337
Real Estate,18.267923724938587
Energy,12.65266245487897
Utilities,11.98763112446432
Technology,9.161173723389197
Consumer Cyclical,7.7883146098713665
Financial Services,6.925493380553043
N/A,5.293847905934519
Consumer Defensive,-0.622222915903865
