Communication Services,35.735235162392016
Healthcare,31.07645444488205
Technology,28.128277626704854
Industrials,20.668135996953417
Financial Services,14.290201253535798
Consumer Cyclical,12.590802516565324
Utilities,12.191359997007378
Energy,6.5790528517250815
Real Estate,4.9129942488216365
Basic Materials,2.787207450459253
Consumer Defensive,-1.577188356186233
N/A,-3.083224154812792
