Communication Services,630.6467698759274
Real Estate,429.9621719729876
Industrials,122.71597415245756
Financial Services,61.078849094357516
Technology,55.45188705976358
Healthcare,50.934296813097184
Basic Materials,37.574622364611514
Consumer Cyclical,32.91662435938122
Utilities,31.796012732895345
Energy,14.836160249651941
N/A,7.02086160969421
Consumer Defensive,4.4330694855939035
