Financial Services,71.16011321795101
Technology,69.60453045403966
Industrials,60.17514672646793
Utilities,33.27767632188009
Communication Services,22.32251554524823
Consumer Cyclical,20.094161942414303
Consumer Defensive,18.063207850042893
Energy,7.206656599689806
Healthcare,6.2977789612779045
Basic Materials,6.046458308495642
N/A,3.2193399399385605
Real Estate,-0.6135521425026971
