Communication Services,14.28373944675718
Technology,11.708403876766925
Utilities,11.165331753783631
Consumer Defensive,10.991418650434749
Financial Services,10.303281939765489
Consumer Cyclical,9.449273568314673
Healthcare,8.724839730405224
Real Estate,4.582639763998607
Industrials,0.1601752247744449
Basic Materials,-1.0724706264225325
N/A,-4.744515116437155
Energy,-13.18723013810343
