Communication Services,323.9638867798582
Real Estate,75.53302691606
Basic Materials,20.01135903403361
Consumer Cyclical,15.785694777986356
Financial Services,15.660846267773989
Technology,13.028131003067484
Industrials,10.273368587637705
Healthcare,10.116847006626015
Utilities,5.63596719998775
Consumer Defensive,4.852923619634325
Energy,3.419766827992082
N/A,3.005297684668188
