Financial Services,79.26827599034455
Technology,71.67376892996346
Industrials,60.97209642481133
Basic Materials,40.125185999161054
Utilities,29.239706273385757
Energy,28.974216542991442
Communication Services,14.462189462859481
Consumer Defensive,13.864323135694804
N/A,12.90215519330432
Real Estate,8.82843496240635
Consumer Cyclical,8.322069796913883
Healthcare,7.922301107266934
