Communication Services,47.966967605508486
N/A,34.979752643356846
Basic Materials,23.17311354179939
Healthcare,20.487099874765295
Industrials,18.01882280328299
Financial Services,9.194060836578767
Technology,7.904652387856855
Utilities,6.183836147818613
Consumer Cyclical,5.366726990003352
Energy,5.267101690608756
Real Estate,3.4684875035872853
Consumer Defensive,2.2387751720961666
