Communication Services,149.97079756534453
Real Estate,83.26399061887396
Healthcare,20.37174078493918
Technology,18.710186260126914
Industrials,15.990761540183545
Basic Materials,15.231596227566243
Energy,12.903930748692218
Financial Services,9.557353586599852
Utilities,9.013009642813575
N/A,7.215094662168988
Consumer Defensive,5.670872278734211
Consumer Cyclical,4.385530197190578
