Communication Services,46818.57373849466
N/A,1004.9897330275962
Industrials,439.43712415081416
Consumer Cyclical,74.25623613123439
Financial Services,19.567131947731237
Utilities,17.1499360354223
Energy,16.157620777673774
Basic Materials,13.285708283838009
Real Estate,10.510590856410246
Technology,7.239569162179036
Consumer Defensive,6.418254958077299
Healthcare,2.9638538291493086
