Consumer Defensive,-6.98381911723165
Utilities,-7.364731989537245
Technology,-7.869436599146065
Healthcare,-9.063769211606648
N/A,-10.046095171631471
Real Estate,-10.181456046674537
Basic Materials,-11.913482453923086
Financial Services,-12.174891689911526
Industrials,-12.792368438842713
Consumer Cyclical,-13.64752952892
Communication Services,-14.05303767402738
Energy,-17.02201712659576
