Communication Services,42.555410608630204
Technology,4.921904828082708
Financial Services,4.140189427392335
Industrials,2.560977348398331
Energy,1.8700696171985838
Basic Materials,1.6056406157170184
Utilities,0.5151200649614006
Real Estate,-0.6573700317692206
N/A,-0.9909121000833192
Consumer Defensive,-1.1344054647745794
Healthcare,-1.4385658044909027
Consumer Cyclical,-3.2052012305191773
