Consumer Defensive,3142.357282811357
Financial Services,84.44241495756842
Communication Services,26.194231492156298
Healthcare,22.20765091490886
Industrials,12.857148345171629
Technology,12.851972603948925
Basic Materials,8.318056192717695
Consumer Cyclical,5.021739070855832
Real Estate,4.611670140257743
Energy,4.581577718283612
Utilities,3.872989078110364
N/A,1.202475546019281
