Communication Services,46.92133748890779
N/A,31.278026759997363
Basic Materials,8.482612792295217
Utilities,-9.562149255009343
Financial Services,-9.679620248373825
Consumer Defensive,-10.42441030658053
Healthcare,-11.451723922208812
Technology,-13.735711670435728
Industrials,-17.907214727676298
Energy,-19.540057527588196
Consumer Cyclical,-23.474895938744574
Real Estate,-25.509244743439137
