Communication Services,779.8271347692197
Real Estate,134.96632717808347
Industrials,82.9502482243509
Basic Materials,59.46151264408687
Healthcare,53.04637764397192
Utilities,34.919920975128534
Technology,29.44280951077402
Consumer Cyclical,20.720297590351414
Energy,19.94650350558758
Financial Services,15.95744861550071
N/A,12.109742878147774
Consumer Defensive,-0.24764794361753825
