Communication Services,31.84491189708727
Basic Materials,23.107602156511085
Healthcare,-1.0135111928760732
N/A,-3.520780744219512
Consumer Defensive,-4.5917808182662005
Financial Services,-9.477971602002636
Utilities,-11.900117523426813
Technology,-13.053319963705771
Real Estate,-13.402748476916344
Industrials,-16.144852703673628
Energy,-16.846913534024893
Consumer Cyclical,-18.75072444265177
