Communication Services,129.1412993726172
Real Estate,36.61338624779157
Industrials,23.27482770953357
Technology,15.518556782466982
Healthcare,14.72543666736292
Basic Materials,9.572587334217792
Financial Services,9.494265110872721
Energy,6.128852643817164
Utilities,5.990286867920627
Consumer Cyclical,5.713959691514611
N/A,2.8870244766476416
Consumer Defensive,0.03059183883679898
