Financial Services,769237.8543492883
Industrials,12.938983247370334
Communication Services,12.280273716097495
Technology,12.067383243949168
Basic Materials,11.3908235239959
Healthcare,6.934747101661312
N/A,3.522364610979456
Consumer Cyclical,2.8986546065483565
Consumer Defensive,2.493554144157743
Energy,1.1120823032355798
Real Estate,-0.19051236780119474
Utilities,-1.908889494206253
