Communication Services,15206.044307941565
N/A,1127.269503062983
Industrials,458.9235978315369
Technology,58.73738856629158
Financial Services,53.352153031229044
Consumer Cyclical,39.10757821886855
Energy,31.141502025582565
Utilities,22.24656468482838
Consumer Defensive,10.65458366343502
Basic Materials,3.1489712769084064
Healthcare,0.8379285356698745
Real Estate,-26.074888885661995
