Communication Services,31.39160503987384
Basic Materials,16.44232922410581
Utilities,-1.5453870247347374
Industrials,-2.064135395294907
Financial Services,-2.5320418090060492
N/A,-3.493937212698261
Healthcare,-3.769468755484448
Consumer Defensive,-6.2468973778798
Real Estate,-7.305901005008866
Energy,-9.95025205830466
Consumer Cyclical,-10.963125580506615
Technology,-11.490332282236482
