Communication Services,14.758287767855021
Basic Materials,10.20414977151322
Real Estate,1.8482194177990756
Healthcare,1.6820481068102624
Utilities,-0.2323530443551138
Financial Services,-0.5732421393386034
Consumer Defensive,-2.0427174661659278
N/A,-2.8076018211640883
Energy,-4.904977606434317
Industrials,-4.948128376737053
Technology,-7.690819517802179
Consumer Cyclical,-8.050200569686897
