Financial Services,4.630893285081695
Industrials,4.442834355674856
Healthcare,3.063297691061325
Communication Services,2.30728111107013
Basic Materials,2.0570883323572455
N/A,0.6684921782701047
Energy,0.18967656281842193
Utilities,-0.8970925020051239
Real Estate,-0.9788089762634401
Consumer Defensive,-1.145149888757097
Technology,-1.800923245322441
Consumer Cyclical,-4.789883228728365
