Communication Services,23.546001449255435
Basic Materials,7.657265463873155
Real Estate,1.3221467271111185
Healthcare,1.2544625280925774
Utilities,-0.9070042762487207
Consumer Defensive,-1.6379724431349478
Financial Services,-2.301935956863583
N/A,-3.9869693502786934
Industrials,-4.1822045447433585
Energy,-4.437087820350885
Technology,-8.6767900994665
Consumer Cyclical,-8.87942044353771
