Communication Services,10.816632163033017
Healthcare,2.4218138340310142
Basic Materials,1.1280505497702045
Utilities,1.0068572000809923
Industrials,0.4304882915421444
Consumer Defensive,-0.14480789933244378
Financial Services,-0.352485404108199
Real Estate,-1.0564015733406253
Energy,-1.0564267538973653
Technology,-1.664768568293889
N/A,-1.8071141579708954
Consumer Cyclical,-4.473140156825247
