Communication Services,595.9461081607027
Real Estate,230.49576254159786
Technology,70.00304907070677
Healthcare,51.66614318577743
Basic Materials,46.39253380891525
Financial Services,42.616724461100674
Industrials,29.385010432790626
Utilities,23.503832722266694
Consumer Cyclical,20.00537867245886
Consumer Defensive,11.536262746581647
Energy,5.133251824756524
N/A,5.0058795810346135
