Communication Services,39.71844260402402
Technology,26.688449413806563
Industrials,12.99286474094014
Financial Services,8.264886854860588
Utilities,6.566161588821223
Consumer Defensive,2.972151344661702
Energy,2.6244881514862946
Consumer Cyclical,2.2769214346807978
N/A,1.8176121666572065
Real Estate,0.47864278065794374
Basic Materials,-1.4098398899407951
Healthcare,-2.020307615627157
