Communication Services,77.04033150610591
Technology,26.856075639616417
Healthcare,15.582832792345501
Consumer Defensive,6.218501546500559
N/A,4.527558398764757
Industrials,3.331227235185584
Real Estate,1.400694868308572
Financial Services,0.6526987410066781
Consumer Cyclical,0.6315004306746763
Utilities,-2.5667167902133476
Energy,-4.140513153710805
Basic Materials,-16.166200125459202
