Consumer Defensive,693.4650322483499
Industrials,355.9041007159318
Technology,18.594701256333355
Healthcare,17.958292298267214
Energy,14.018570827814385
Financial Services,13.108013859563334
N/A,10.487432025508772
Basic Materials,9.922548381982075
Utilities,8.199743434007873
Communication Services,7.768404819355862
Real Estate,3.5541904818101795
Consumer Cyclical,-3.728852616776731
