Artificial Intelligence,36.01933999857294
Basic Materials,32.206692395567735
Industrials,27.94111731431622
Healthcare,18.124094023767526
Energy,11.38251569987727
Real Estate,10.529669023373119
Utilities,10.408894457007625
Technology,7.988467104989003
N/A,5.581272879905471
Financial Services,4.135657003619242
Consumer Cyclical,2.2074252331794977
Communication Services,1.9798974979720396
Consumer Defensive,-1.6378495606294656
