Consumer Defensive,3571.062422060767
Industrials,1699.3368606398565
Consumer Cyclical,1249.1339371437878
Financial Services,299.7294995332379
Utilities,47.02476928445943
Energy,33.980735440209216
Technology,31.932378058232015
Healthcare,25.95021829433696
Real Estate,23.422015749487013
Communication Services,22.848359542345186
N/A,19.582053622816737
Basic Materials,13.924392400028195
