Consumer Cyclical,72.2939621630021
Industrials,21.301036536294934
Real Estate,18.672436006291967
Communication Services,16.767921095714954
Healthcare,15.778122293790203
Technology,14.776126564363228
Basic Materials,10.150074011013263
Financial Services,6.265314043842911
N/A,3.703522042759722
Utilities,0.4535200781213283
Consumer Defensive,0.386385264646818
Energy,0.17459304880352067
