Communication Services,59.95479642847075
Industrials,25.244817153530022
Basic Materials,25.04574749130959
Healthcare,15.39023899981768
Energy,6.605417769005456
N/A,6.40847403790172
Utilities,5.659178637971302
Technology,3.0800199196336195
Consumer Defensive,-0.8211794024134973
Financial Services,-0.866483867962812
Consumer Cyclical,-3.6900376537979764
Real Estate,-19.305168807921614
