Financial Services,4.869656318306835
Consumer Defensive,4.239111272074147
Technology,-5.855221559816114
Real Estate,-6.597001473523162
Basic Materials,-9.384553790403626
N/A,-11.257896669725776
Communication Services,-11.424571281713703
Healthcare,-11.667367581513792
Energy,-11.814348542377541
Utilities,-13.197303859627988
Industrials,-13.253142388288165
Consumer Cyclical,-16.279569197496276
