Financial Services,93.41642408061732
N/A,87.80772962055376
Industrials,59.24807743320705
Technology,49.70054699274436
Communication Services,29.84450662827987
Utilities,23.77263503501687
Healthcare,23.291410074893182
Consumer Defensive,17.796411587304473
Energy,15.143950266291347
Consumer Cyclical,5.813169946401323
Basic Materials,-6.504747344050323
Real Estate,-13.833459093455065
