Communication Services,459.07783490341785
Industrials,35.464476300888236
Real Estate,25.758889558422574
Healthcare,24.32852657498585
Technology,18.497455358965684
Financial Services,13.748908724707658
N/A,10.603772942948234
Basic Materials,8.638969472166808
Energy,6.432003864948086
Consumer Cyclical,5.377595803324409
Consumer Defensive,4.763056277022182
Utilities,3.653285598841732
