Financial Services,53.40651298020232
Technology,36.780501467405436
Utilities,34.72185736642675
Healthcare,33.140452501338
Industrials,28.132547590541634
Consumer Defensive,24.604245439839367
Consumer Cyclical,19.35332194782607
Communication Services,14.20637542115519
N/A,12.428641950992775
Energy,2.9994392585745024
Basic Materials,2.004798197920611
Real Estate,-4.51296362111682
