Communication Services,182.7933690794608
Utilities,31.101925915452192
Basic Materials,29.996571782620403
Real Estate,28.413033272097028
Technology,26.597304758130296
Energy,24.295917783298194
Industrials,21.105935120147098
Consumer Cyclical,13.125352362450844
N/A,5.1835723196953145
Healthcare,4.573888918897686
Financial Services,3.084810462582133
Consumer Defensive,2.3327838869498345
