Financial Services,8.782160271459556
Technology,8.165313272871442
Healthcare,8.098398503664173
Consumer Cyclical,5.638986396781192
Industrials,4.239738281050081
N/A,4.0285033952944955
Basic Materials,3.5032419098652143
Consumer Defensive,3.314325852037983
Communication Services,3.086273856609298
Real Estate,2.9840644504791825
Energy,2.9560149573678465
Utilities,1.8536265753498722
