Consumer Defensive,43.58080054164695
Technology,17.745760955518506
Financial Services,7.474986700856876
Communication Services,6.741922913180167
Utilities,4.642435100596352
Industrials,4.427118909520608
Healthcare,3.4859957214324147
Consumer Cyclical,2.4541827622078753
Real Estate,2.2716888882611834
Energy,1.6801993205964825
Basic Materials,-0.0770961463182987
N/A,-1.5533523892921197
