Communication Services,40.99362398268889
Industrials,25.47658122151967
Technology,12.64821105077137
Financial Services,5.2668947987084485
N/A,-2.6607484120367118
Consumer Defensive,-4.107148283463838
Real Estate,-6.268058606036786
Energy,-10.195622831325693
Utilities,-10.651285939142806
Consumer Cyclical,-12.865085703587713
Healthcare,-13.41138541033411
Basic Materials,-16.522922557114466
