Consumer Defensive,6.729243418159113
Basic Materials,-0.5959859225361742
Utilities,-0.9953429424302755
Healthcare,-1.8411567837546279
Financial Services,-2.552765367477215
Communication Services,-2.60063656202643
Real Estate,-3.179254906141199
Industrials,-5.742519823048151
N/A,-5.900906438858529
Technology,-8.034459062077667
Consumer Cyclical,-8.82742050052623
Energy,-11.340437044020724
