Communication Services,5.783404715415647
Energy,0.7455319769526692
Financial Services,-1.0401008377262844
Consumer Defensive,-1.4404979618930793
Real Estate,-2.2099296286743386
N/A,-4.212027827624877
Technology,-4.8296734860179384
Utilities,-6.826408705055221
Healthcare,-7.318800598310546
Industrials,-7.532538313558266
Basic Materials,-9.707403521624718
Consumer Cyclical,-13.006878120718174
