Communication Services,10.233756190312132
Real Estate,2.1051910109859073
Basic Materials,1.1496931165662063
Energy,0.594709957506005
Consumer Defensive,-3.921902715006556
N/A,-4.022034773068133
Healthcare,-4.643536379493678
Financial Services,-5.268594620076594
Utilities,-5.651587229085301
Technology,-9.253645522545483
Industrials,-9.547513720135289
Consumer Cyclical,-11.657766051888332
