Consumer Defensive,432.9463962283018
Industrials,313.35734593481976
Consumer Cyclical,243.0575390936655
Financial Services,85.46256180087732
N/A,11.282998217785025
Healthcare,10.932289241318708
Basic Materials,8.193404845879371
Utilities,7.258109021709005
Technology,6.555693562453688
Real Estate,2.499257806433599
Communication Services,2.0542096413173887
Energy,0.8431761643855761
