Communication Services,55.50832202104346
Basic Materials,51.701828584043156
Energy,40.057682645834795
Industrials,32.66835432310578
Utilities,23.966522954541063
Real Estate,21.662066788347797
Healthcare,20.912393513052344
Financial Services,19.575776399356698
N/A,19.46935078356835
Technology,18.683340712357904
Consumer Defensive,14.451461363967281
Consumer Cyclical,10.202440851336883
