Consumer Defensive,36.02293138844362
Healthcare,11.265394968153963
Consumer Cyclical,10.827291954674093
Financial Services,4.8152838379642
Utilities,2.922473824426865
Real Estate,-1.4910983045032769
Technology,-4.565149010884403
N/A,-6.625466815155612
Industrials,-6.795103340499982
Energy,-8.219042163258463
Basic Materials,-8.37750409722963
Communication Services,-9.666296151596084
