Financial Services,337.0747959461983
Industrials,112.09989648508778
Communication Services,84.78066059545198
Utilities,22.07334887422075
Healthcare,21.055224249006457
Basic Materials,13.70315384108917
Energy,8.266659654506066
Technology,4.479827756942611
Consumer Cyclical,3.0396295050856295
N/A,2.023786259541746
Consumer Defensive,1.1659760591649078
Real Estate,-3.2832446735991776
