Consumer Defensive,2770.855813271368
Real Estate,232.29853747076197
Healthcare,226.72398778581538
Communication Services,31.462337581932427
N/A,22.976757767676617
Basic Materials,17.054237618418643
Utilities,15.345038102826098
Industrials,11.228397873992158
Financial Services,6.548086930602095
Technology,1.6535720551709787
Energy,-1.667349680081111
Consumer Cyclical,-9.768489183665547
