Consumer Defensive,80.7013098167858
Healthcare,16.876291430033273
Technology,16.470669860600296
Industrials,10.16412349546765
Consumer Cyclical,6.878585407655753
Communication Services,6.217430514104298
Utilities,4.144936359739054
Financial Services,2.6765690316410935
Real Estate,2.2723909794266937
N/A,1.9901252460660024
Energy,1.703895144436342
Basic Materials,-1.9085545343458112
