Artificial Intelligence,57.885190501205756
Technology,20.513292268143655
Healthcare,12.058199198752481
Industrials,7.963664158311905
Communication Services,7.338397835504142
Utilities,3.484165411104306
Financial Services,3.2579621609164833
Consumer Cyclical,1.547820896792516
Basic Materials,1.1882357683378075
N/A,0.5496927666498643
Consumer Defensive,-1.9719204031528923
Energy,-2.74840403435838
Real Estate,-6.28893128053621
