Communication Services,4566.83998834098
Technology,1249.1599783616039
Industrials,143.7041085479917
Utilities,110.43322628349543
Basic Materials,96.41961122821803
Real Estate,80.77773295494269
Financial Services,63.50040588964552
Healthcare,58.039715257635415
Energy,50.09423261622896
Consumer Defensive,33.38913622243794
Consumer Cyclical,17.777438930685218
N/A,1.6662466088051167
