Communication Services,132.35601187911143
Real Estate,24.813700770055846
Industrials,16.919499333949496
Healthcare,16.000142593531315
Technology,13.035573838032837
Basic Materials,12.971772181950442
Energy,10.29796770219605
Utilities,9.937411583645396
Financial Services,7.931314208727795
N/A,6.361284279091236
Consumer Cyclical,3.348442802535588
Consumer Defensive,2.6196375884394767
