Consumer Defensive,5.637402304552903
Real Estate,4.046014359284405
Technology,3.1848009678427625
Communication Services,2.055291758439889
Utilities,1.044788651266164
Healthcare,-0.6030942977617351
Financial Services,-3.012561009257434
Industrials,-3.6283587346386263
Energy,-5.508723361927256
Basic Materials,-5.893728604904152
N/A,-6.607032883548148
Consumer Cyclical,-7.39881675736858
