Financial Services,16.11835615938181
Real Estate,6.7161107579859545
Consumer Defensive,5.680159371673842
Industrials,1.7907158266321013
Healthcare,1.4105974394010583
N/A,1.0462098192064098
Communication Services,0.5698830599807444
Basic Materials,-0.07741082255494562
Consumer Cyclical,-0.9222102959024809
Technology,-2.3148176065960433
Utilities,-4.353475276932753
Energy,-7.303018586857154
