Communication Services,30.501680436340262
Financial Services,5.010976415759971
Basic Materials,0.1068593244842784
Consumer Cyclical,-0.5689492872158829
Utilities,-1.0003546521820414
N/A,-1.2932891399522666
Consumer Defensive,-2.4749461657458904
Technology,-2.962158816361804
Energy,-4.614163152474158
Industrials,-6.440786826105288
Healthcare,-7.204212402690887
Real Estate,-9.033696340639937
