Consumer Defensive,3596.271917987801
Communication Services,139.99976361365336
Financial Services,128.35525941531736
Healthcare,92.3822778081596
Basic Materials,68.25870971680027
Industrials,65.8236861094901
Utilities,65.57820487103483
Energy,58.48430474153485
Technology,55.97665259959748
Real Estate,18.517437437766823
N/A,14.576247975498445
Consumer Cyclical,-61.66699805670662
