Consumer Defensive,706.3338636196936
Industrials,538.9098310363967
Financial Services,67.23371664021202
Healthcare,18.94342277187352
N/A,17.36358303795273
Technology,17.048569461524398
Basic Materials,14.234929058672607
Energy,11.635145769740346
Utilities,11.419639497996476
Communication Services,8.609649633224963
Real Estate,7.06496009108302
Consumer Cyclical,-11.862777254158422
