Consumer Defensive,5.825073673764069
Basic Materials,0.27373610527764636
Industrials,-0.8317741096843168
Communication Services,-1.9128372974279026
Real Estate,-2.1160493654109334
N/A,-3.084587753056029
Financial Services,-3.4828308969497903
Utilities,-4.826023188431092
Healthcare,-5.7458468877834505
Technology,-6.308124209365326
Consumer Cyclical,-8.673468709766752
Energy,-10.9933139922509
