Artificial Intelligence,13.132512669282413
Basic Materials,7.650262438467337
Energy,6.970306101416967
Consumer Defensive,5.031405972262831
Industrials,4.894820729619129
Utilities,4.272751720683526
Healthcare,4.1319376508855274
Consumer Cyclical,2.312427256516902
Real Estate,0.4906437555729253
Communication Services,-0.999277945295959
Technology,-3.267396307541829
Financial Services,-4.32906014425627
N/A,-5.616142120858705
