Consumer Defensive,769.0555090520223
Industrials,595.5709629467564
Consumer Cyclical,479.0829837856169
Healthcare,22.035520226385046
Communication Services,12.118753031838972
Basic Materials,11.247071985936218
Real Estate,10.521978807252905
Financial Services,8.621781564856667
Technology,6.134669233462458
Utilities,3.5125480762712225
N/A,2.0829427357400854
Energy,1.7608001640767466
