Communication Services,145.72442443113871
Healthcare,44.99380601528703
Basic Materials,41.47085456390814
Energy,28.830748285213122
Industrials,24.130572987524282
Utilities,19.03904940350545
Financial Services,13.8680391098633
N/A,12.465124832258832
Technology,10.267980980420619
Real Estate,9.174979852163565
Consumer Cyclical,1.7691095866849609
Consumer Defensive,-5.855787050636632
