Communication Services,3.454838004503326
Financial Services,3.082348870461945
Industrials,2.934123563354783
Real Estate,2.4085310840201632
Consumer Defensive,1.2487697022843958
Technology,1.1229757509746183
Energy,0.47489878354299897
Utilities,-0.5443269523111409
Consumer Cyclical,-2.1265246827176445
Healthcare,-3.1368791161900784
N/A,-4.110466907388599
Basic Materials,-4.9159108059555106
