Financial Services,58.43390137019739
Utilities,40.3332322164844
Healthcare,35.952840651826676
Technology,35.058368841912134
Industrials,30.76625293068215
Consumer Defensive,22.617732695933388
Communication Services,21.9015935111339
Consumer Cyclical,19.14399318205479
Energy,11.219748189375192
N/A,1.3156106434698966
Basic Materials,-0.19547665162691993
Real Estate,-3.2629568487632015
