Consumer Defensive,3354.337363348002
Financial Services,143.3819334800447
Communication Services,68.35668238668403
Industrials,65.53374716311123
Utilities,61.26248199907184
Technology,60.92308417254276
Basic Materials,60.43798971644882
Energy,54.60064874396492
Healthcare,34.50875740436861
Consumer Cyclical,22.658868736515988
N/A,17.513502727082074
Real Estate,2.9503692845324383
