Financial Services,75.28029152893642
N/A,32.66577485003887
Healthcare,32.10945418634252
Communication Services,15.015851886042286
Technology,9.37409497121956
Industrials,9.096376728761616
Basic Materials,7.273418108564788
Consumer Defensive,3.727585475292808
Energy,1.6542126156304042
Consumer Cyclical,1.1642833339010694
Utilities,0.07281570803451766
Real Estate,-1.9959874293717152
