Communication Services,9.377763719278738
Energy,8.432771912738959
Financial Services,5.114699989071047
Industrials,5.10034350608923
Technology,4.392592992487103
Healthcare,2.2410695807598375
Basic Materials,2.0451224390969758
Real Estate,1.8727715405330054
Utilities,1.5874584626963293
N/A,-0.001727358695482297
Consumer Defensive,-0.14364876327071865
Consumer Cyclical,-0.35587317878749486
