Communication Services,31.733246914006365
Basic Materials,20.174942040864465
N/A,2.4337534147852105
Consumer Defensive,-4.251243909741052
Financial Services,-4.613811980709434
Industrials,-5.627677328970973
Utilities,-5.835832497282363
Healthcare,-7.382988885670406
Real Estate,-8.906515493789058
Energy,-11.744029329410768
Consumer Cyclical,-13.3177526069541
Technology,-14.313013086326759
