Consumer Defensive,2390.519181814493
Industrials,1254.837645393819
Financial Services,40.042229984788136
Consumer Cyclical,25.38026168671273
Healthcare,20.396713074942323
N/A,16.743239037438926
Communication Services,12.168440797611009
Technology,10.394781153681581
Basic Materials,9.113860962318007
Energy,5.805549665024306
Real Estate,0.27715644630548314
Utilities,-3.1796291642336683
