Consumer Defensive,3.014168922683175
Basic Materials,1.8140545842935156
N/A,0.5784287646338288
Real Estate,-1.3378635212205052
Energy,-1.6651351857847327
Utilities,-2.010499222045399
Financial Services,-2.3351043939368332
Industrials,-2.8764154262241326
Communication Services,-4.642317434591611
Healthcare,-4.67384028997203
Technology,-6.734185257518369
Consumer Cyclical,-7.609448234262862
