Communication Services,26.789382827543054
Basic Materials,7.657265463873155
Real Estate,1.4720215229593312
Healthcare,-0.5562210754862985
Utilities,-0.9036861879381178
Financial Services,-1.2317855279991943
Consumer Defensive,-1.4702581033611606
Industrials,-3.9455217418500808
Energy,-4.437087820350885
N/A,-6.792245128946233
Technology,-7.199439066966937
Consumer Cyclical,-8.87942044353771
