Financial Services,338.4707047894349
Real Estate,39.18915052459984
Healthcare,30.452817225083702
Utilities,24.472120155977564
Industrials,10.77950859681874
Basic Materials,10.001393271964409
Consumer Cyclical,8.214813980001386
Communication Services,6.662161133081804
Technology,6.530309111801566
Energy,3.9030190664740063
N/A,1.0153207631883
Consumer Defensive,-5.2377198367944215
