Consumer Defensive,759.6431150494004
Industrials,512.7003921675375
Consumer Cyclical,419.81133475102496
Financial Services,87.74625950924676
N/A,15.074713883663172
Healthcare,12.797450545984656
Basic Materials,12.647146636835751
Technology,11.096175301405646
Utilities,6.500002713990917
Communication Services,5.844234212988164
Real Estate,3.1191029392179606
Energy,2.393640301830982
