Consumer Defensive,2.398840788428568
Basic Materials,2.3198431503357746
N/A,0.7357182718120093
Energy,-0.4296744604237433
Utilities,-1.9637466109931982
Real Estate,-1.973789939333232
Financial Services,-2.127012987937117
Communication Services,-2.2927721985176897
Healthcare,-2.3228920196027487
Technology,-4.695607202794858
Consumer Cyclical,-7.538233623063745
Industrials,-7.927288499179422
