Communication Services,47.145035324300025
Basic Materials,6.706841198738568
Healthcare,-7.064754418123468
N/A,-10.122986796073883
Real Estate,-14.62415466808432
Financial Services,-15.799535951532272
Consumer Defensive,-15.814001477388821
Industrials,-19.752486707040763
Technology,-22.733322214427883
Utilities,-22.733674566008258
Energy,-25.83744528974555
Consumer Cyclical,-28.0653141714412
