Communication Services,38.61013644767031
Basic Materials,16.442329224105805
Financial Services,2.5067021717453746
Utilities,-1.532497168962199
Industrials,-1.7256961585131392
N/A,-4.2439031643577865
Consumer Defensive,-5.227442494443392
Real Estate,-5.610811515237169
Healthcare,-7.96379067639551
Technology,-9.594150204718586
Energy,-9.950252058304658
Consumer Cyclical,-10.963125580506615
