Consumer Defensive,786.6840477456972
Industrials,403.8788234759401
N/A,20.274328834997593
Healthcare,13.96321957642967
Financial Services,13.937269400714431
Technology,13.517984026281548
Energy,9.649927951432161
Basic Materials,9.45961656636593
Communication Services,7.898302955572766
Utilities,4.353400562542734
Real Estate,2.0316812938749247
Consumer Cyclical,2.0167087314724106
