Communication Services,3736.3275976501864
Financial Services,29.160009921393588
Utilities,27.691075562429567
Technology,23.580617241274695
N/A,23.254565091921897
Energy,19.445736921841043
Basic Materials,18.672441715142977
Industrials,18.403699058896578
Real Estate,11.426316183244738
Healthcare,11.148933100002328
Consumer Defensive,10.43452249643019
Consumer Cyclical,4.073907217273399
Artificial Intelligence,0.0
