Consumer Defensive,-5.626072796818165
Basic Materials,-7.809269126400062
Real Estate,-8.576939704206822
Utilities,-9.525455657773897
N/A,-9.763622162600347
Consumer Cyclical,-9.855921198035771
Financial Services,-11.833514583602174
Communication Services,-12.73457940296822
Healthcare,-14.162974708880295
Industrials,-14.36501709615937
Technology,-19.002395610410026
Energy,-21.676496303100024
