Consumer Defensive,443.1479968070608
Industrials,420.12568361418465
Financial Services,115.19169713348082
N/A,36.482844156726536
Technology,20.661095832005078
Utilities,12.318827454339242
Basic Materials,11.714597913672309
Communication Services,11.426405532768614
Energy,7.264205953585761
Real Estate,6.216930977562451
Healthcare,5.205559630053122
Consumer Cyclical,1.1850924837813366
