Communication Services,651.3285586697032
Real Estate,153.1209374278121
Industrials,82.38082303250853
Healthcare,74.21289567534401
Financial Services,66.11244377468137
Utilities,64.09469626943768
Basic Materials,56.76719974848231
Artificial Intelligence,54.02900999785941
Technology,53.67316228221986
Hardware,33.33333333333333
Energy,33.264089893321994
Consumer Cyclical,21.270145318130762
Consumer Defensive,17.70776880056938
N/A,16.21772221817458
