Consumer Defensive,3327.718856368832
Industrials,2080.716909766647
Consumer Cyclical,1546.0987858924464
Basic Materials,58.20653508292293
Financial Services,47.95054217418142
Real Estate,43.12737482801264
Healthcare,36.570911096737504
Utilities,23.017524184209666
Communication Services,22.395740250187757
Technology,17.07181760284086
Energy,12.150438364978614
N/A,2.8526308870870967
