Consumer Defensive,748.4631586098752
Industrials,492.7440500871094
Consumer Cyclical,416.5079079654134
Financial Services,87.34749574957169
Basic Materials,14.90995947908181
Healthcare,13.495117893120701
Technology,12.717186318316298
Utilities,6.500002713990917
Communication Services,6.130694380521126
N/A,4.392665765926146
Real Estate,3.245994703094742
Energy,2.3936403018309824
Artificial Intelligence,-0.005323286988671148
