Communication Services,67.01756321309784
Real Estate,42.954825227330026
Healthcare,23.79905279073777
Basic Materials,18.380503491742026
Industrials,12.723885664133267
Financial Services,9.106820205238005
Energy,8.717583947281657
Technology,7.97300776802786
Utilities,7.871486089525526
Consumer Cyclical,5.668605016667032
Consumer Defensive,-1.537046300202868
N/A,-2.869551430900365
