Artificial Intelligence,115.77038100241151
Technology,33.94968386933985
Communication Services,30.33864101724609
Utilities,23.32739435536575
Energy,21.51377047417459
Financial Services,18.165577913755207
Healthcare,12.969060948443763
Industrials,10.188727797260205
Consumer Defensive,7.497526782593809
N/A,-0.12488080360800335
Consumer Cyclical,-6.981554671639787
Basic Materials,-8.552812112499598
Real Estate,-15.36734913511301
