Communication Services,175.7093487806713
Utilities,28.989611547403076
Energy,22.784616610635517
Technology,22.383386681700802
Basic Materials,20.67637674672719
Real Estate,20.544858266938036
Consumer Defensive,18.20917507908275
Healthcare,14.016868191087546
Industrials,10.276278972943974
N/A,7.308983843888094
Financial Services,5.9825969791296565
Consumer Cyclical,5.522920110200079
