Communication Services,10.83625642606993
Technology,9.410502722373291
Healthcare,9.043565482799359
Utilities,8.708052570336191
Energy,5.888229715483507
N/A,5.075092484577694
Industrials,3.023833135001381
Basic Materials,0.5978662971134014
Financial Services,-0.1042205638368659
Real Estate,-1.8113336271862763
Consumer Defensive,-3.5042977501058554
Consumer Cyclical,-5.565379621350909
