Communication Services,141.98961244996008
Real Estate,73.14671836964574
Industrials,19.50053195188169
Healthcare,16.66614608270662
Basic Materials,12.42800867227223
Technology,7.939460879273152
Utilities,5.532478722205153
Consumer Cyclical,4.482172178386482
N/A,4.14282543335835
Financial Services,3.6855929981097115
Energy,1.7732662169575437
Consumer Defensive,1.4128286213494965
