Communication Services,20.287422655883383
Basic Materials,5.886353808239403
Financial Services,5.541916269506485
Utilities,-0.7216041528122038
Consumer Defensive,-0.913606966142374
Real Estate,-1.1760486417261957
Healthcare,-1.6624464298312462
N/A,-3.190867329311812
Industrials,-4.41824063449848
Energy,-6.343288565328582
Consumer Cyclical,-8.404523116593149
Technology,-9.363635847026492
