Communication Services,5.7818815121435945
Financial Services,4.229683113847032
Basic Materials,3.3253669974192213
Industrials,2.8549000243825016
Energy,2.508454765825342
Technology,1.9824521820716088
Utilities,1.1139359259799642
Real Estate,1.0212583733064173
N/A,-0.12150679173835689
Consumer Defensive,-1.2448500970633414
Healthcare,-2.008977673107749
Consumer Cyclical,-3.3005290530569193
