Communication Services,129.9994305454149
Industrials,29.55808447491575
Real Estate,24.06012624516543
Technology,20.764722024687813
Basic Materials,15.309267546156917
N/A,13.684331186434196
Healthcare,12.828488753700066
Consumer Cyclical,9.707876189283471
Utilities,8.968344224008087
Financial Services,7.339179779797171
Energy,6.962734753985471
Consumer Defensive,-0.8994210435493514
