Consumer Defensive,786.8090194577517
Industrials,605.6077485270057
Financial Services,94.91514923393382
Real Estate,20.671130189619902
Technology,20.104289476315653
Utilities,17.09791751920023
Basic Materials,15.306344956283391
Communication Services,10.015393832546106
Healthcare,9.402907362376574
Energy,6.688943465105232
N/A,4.770715825935365
Software,0.013159148580493876
Consumer Cyclical,-14.470932237057385
