Consumer Defensive,47.61014857213814
Consumer Cyclical,33.267122453475565
Healthcare,9.146967451419057
Financial Services,4.430082710282896
Technology,3.834591993059086
Energy,3.128002765330943
Utilities,2.971879418343344
Communication Services,1.6837861405007835
Real Estate,-0.06810332936614125
N/A,-1.6193219667138123
Industrials,-2.5487437954068985
Basic Materials,-5.154978881002138
