Consumer Defensive,748.3119332753412
Industrials,481.28697680155227
Consumer Cyclical,416.38292467356035
Financial Services,88.17533456959916
Healthcare,12.851488569282349
Technology,12.418801314681692
Basic Materials,12.222666121445556
N/A,9.042589032625292
Utilities,6.500002713990917
Communication Services,5.320542959887617
Energy,4.115204925276084
Real Estate,3.1116618061450736
Artificial Intelligence,-0.005323286988671148
