Communication Services,49935.353342022274
Industrials,428.32403849638035
Consumer Cyclical,76.49189778613697
N/A,32.91587647228546
Financial Services,21.04930215686994
Utilities,16.87458409098158
Energy,15.418705887242748
Basic Materials,12.972384535690438
Real Estate,9.05293771054795
Technology,8.546840124075981
Consumer Defensive,6.80985775993009
Healthcare,3.1747767941382006
