Communication Services,36.66297651089864
Energy,17.4572208167507
Technology,14.875532539842352
Healthcare,10.391162772463126
Utilities,4.034410349640417
Consumer Defensive,3.0142494669878843
N/A,-0.275826295367207
Financial Services,-2.6790223917424805
Basic Materials,-4.413935127990734
Industrials,-4.785260753653037
Consumer Cyclical,-12.762216044756538
Real Estate,-27.173620107126304
