Communication Services,161.79712135792255
Real Estate,49.3900025850401
Industrials,39.09394080708821
Healthcare,22.180917817710366
Technology,21.277549559328932
Financial Services,15.536779406198162
Basic Materials,11.579541629713763
Consumer Cyclical,6.72288467262871
Utilities,6.482428545053289
Energy,5.510786631388598
N/A,3.1680051052062224
Consumer Defensive,0.8332339010608727
