Consumer Defensive,775.7993358075036
Industrials,365.28044410598187
Financial Services,102.42627385166904
Technology,24.88991168361871
N/A,18.381083839697
Utilities,16.050414269434736
Energy,13.029573369498959
Communication Services,12.940971755911507
Basic Materials,9.369508156258052
Healthcare,5.104442986317735
Real Estate,5.095728594958343
Consumer Cyclical,-15.270749877025565
