Communication Services,167.3884697192462
Technology,57.66096000751379
Industrials,25.1212642356646
Real Estate,22.460137818799783
Basic Materials,13.180276173893771
Healthcare,13.09264903475232
Financial Services,12.706757658037038
Energy,7.874143505354388
Consumer Cyclical,6.503415459357432
N/A,4.065946631329665
Utilities,1.8922580315141018
Artificial Intelligence,0.0
Consumer Defensive,-0.293066773212301
