Communication Services,227.32484099639422
Real Estate,102.54090242012248
Basic Materials,13.831828898212201
Technology,13.05710317725113
Energy,11.524107256964353
Consumer Cyclical,8.090558954496103
Healthcare,7.435416537969004
Financial Services,5.99701441487333
Industrials,5.432142346631769
Consumer Defensive,2.9027582318890586
N/A,2.5364319369117374
Utilities,-0.4415994438106618
