Consumer Defensive,71.37680001941925
Healthcare,13.314502052160732
Technology,8.13235058864431
Consumer Cyclical,4.054926870795969
Financial Services,3.5784466799962154
Real Estate,3.1270554583365135
Utilities,2.6570602143431534
Basic Materials,1.9603570575643336
Industrials,1.051840614346395
Communication Services,0.5430789480062386
N/A,-6.628899851228433
Energy,-12.234578804424709
