Consumer Defensive,811.5399238230735
Industrials,572.0140612225347
Consumer Cyclical,497.8550263136874
Healthcare,24.159042346095237
Real Estate,18.12067015258025
Basic Materials,15.975117279698281
N/A,11.731601443824456
Technology,10.078642409633247
Financial Services,9.25832816252276
Energy,8.892997675003635
Communication Services,8.889612898269469
Utilities,4.811385917414539
