Communication Services,746.5896854290927
Real Estate,204.68210788473158
Industrials,151.54123552619745
Utilities,84.34035386040439
Technology,76.4991857265914
Financial Services,70.70057443050285
Healthcare,62.99376026979564
Basic Materials,41.76941403537588
Energy,30.144018013351186
Consumer Cyclical,26.72395581100924
N/A,7.873220378001275
Consumer Defensive,2.1598361762935476
