Artificial Intelligence,62.90294501668359
Consumer Cyclical,34.51593794104115
Utilities,32.76939519660618
Basic Materials,23.19240706269574
Technology,21.973112519811757
Energy,21.657665064599225
Real Estate,9.554850943266974
Consumer Defensive,6.837217186761978
Industrials,6.340393164142992
Financial Services,5.22693728342452
Space,3.9227490553411197
Communication Services,-1.7462235133010071
N/A,-7.062110496178627
Healthcare,-8.330231318339898
