Communication Services,712.6863414915056
Real Estate,325.5877919672793
Industrials,130.128594520442
Financial Services,60.91164386988718
Technology,58.412390865960994
Healthcare,56.4121230249988
Basic Materials,36.044725096412435
Hardware,33.70833396911621
Utilities,24.667438583752315
Consumer Defensive,17.829915054938233
Consumer Cyclical,13.812679633086358
Energy,8.273518875380354
N/A,5.57108669758583
