Communication Services,1113.4384630839063
Real Estate,44.10086959434553
Industrials,30.316434617643765
Technology,25.14744565762315
Financial Services,23.82741496027909
Healthcare,19.564188944056344
Utilities,18.252727623933826
Basic Materials,15.359760769454747
Energy,7.366521686861727
N/A,5.405198777153546
Consumer Cyclical,4.306034507745245
Consumer Defensive,-1.6881868982397048
