Consumer Cyclical,5.76738619824192
Technology,5.6385682317043555
Financial Services,3.8761371006025374
Healthcare,3.389041943317375
Communication Services,2.067533153035184
Industrials,1.917219013505987
Basic Materials,1.7450013711492633
Energy,0.23022361979025377
Real Estate,-0.04123765117603671
Utilities,-0.6031823471201638
Consumer Defensive,-2.4230093429397996
N/A,-2.766112150663318
