Consumer Defensive,740.0244125598877
Industrials,619.836291335644
Financial Services,75.15506799098169
Healthcare,17.52800105570309
Technology,15.006233223779581
Energy,13.766195018673718
Basic Materials,12.205223860582176
Utilities,11.86035694237984
Real Estate,9.563565868717893
Communication Services,8.490292948995277
N/A,2.8373155717323195
,0.0
Consumer Cyclical,-16.920326467026857
