Financial Services,5.710428294759599
N/A,3.504100004710022
Basic Materials,2.670740043985415
Communication Services,0.7776219580209004
Consumer Defensive,0.1359050486460394
Energy,-0.6193230518690896
Industrials,-0.9227611741574866
Healthcare,-2.281540945349251
Real Estate,-2.41068059510322
Technology,-3.468377041714868
Consumer Cyclical,-3.5915654475311363
Utilities,-4.03451127587795
