Consumer Defensive,704.6094635461232
Industrials,575.7056611636735
Consumer Cyclical,502.8414693187108
Healthcare,17.78497544627331
Basic Materials,9.310863903664021
Real Estate,9.038555098695252
Financial Services,8.686786370453598
Communication Services,8.154480068289395
Technology,7.124851436008821
Utilities,4.4149197220090475
Energy,3.9981693326433656
N/A,2.4391201656979637
