Financial Services,49.48581542919562
Utilities,34.72185736642675
Technology,33.13391304800749
Healthcare,32.035132573010934
Industrials,26.76204947429449
Consumer Defensive,24.604245439839367
N/A,24.410734548887632
Consumer Cyclical,21.981958775214448
Communication Services,15.47348415974529
Basic Materials,2.7750856557052113
Energy,1.143401475612433
Real Estate,-4.51296362111682
