Communication Services,33.82237212581751
Basic Materials,16.442329224105805
Financial Services,2.709105175177581
Utilities,-1.532497168962199
Industrials,-2.0020720332173396
N/A,-4.204394506451815
Consumer Defensive,-4.902601794598737
Healthcare,-6.915916815956487
Real Estate,-7.305901005008866
Technology,-9.514429488229
Energy,-9.859441352347094
Consumer Cyclical,-11.027269587007295
