Artificial Intelligence,77.18025400160768
Technology,18.048695963839233
Healthcare,12.617071069975829
Industrials,8.27134519666174
Financial Services,6.685549083074392
Consumer Cyclical,4.799404748010451
Utilities,4.022764614680262
Communication Services,2.5044375234915006
Basic Materials,1.9499061533010273
Consumer Defensive,-1.172842586899942
N/A,-1.6577825219524776
Real Estate,-3.445030649831524
Energy,-6.13859191309945
