Communication Services,1138.3746207513298
Artificial Intelligence,36.01933999857294
Healthcare,34.990338532392364
Industrials,30.10504544171035
Basic Materials,30.036957729723806
Technology,25.76162448528011
Real Estate,18.068565758739915
Financial Services,10.88092480058033
Utilities,10.540246152120096
Energy,8.10203673903486
N/A,6.700424594119253
Consumer Cyclical,2.8295215586166766
Consumer Defensive,1.1321810442643763
