Financial Services,49.7255664620257
Utilities,34.72185736642675
Technology,33.381298505816694
Healthcare,32.52498455191337
Industrials,26.76204947429449
Consumer Defensive,24.60424543983937
Communication Services,24.45428411313062
Consumer Cyclical,23.664852562988745
N/A,12.682641709180903
Basic Materials,2.7750856557052113
Energy,0.5672776861926061
Government and Military,0.0
Real Estate,-4.879049102299347
