Communication Services,8.523129148527266
Technology,5.075650254356505
Industrials,3.882031675000476
N/A,2.9283592005975567
Financial Services,0.7882272523276868
Healthcare,0.630398588778404
Utilities,0.42944945131791384
Consumer Defensive,0.21052649226883183
Real Estate,0.18316475220405848
Energy,-1.1516534419959263
Consumer Cyclical,-2.751645291815483
Basic Materials,-6.309981729809393
