Financial Services,47.47731953432062
Utilities,35.85672686388688
Technology,31.852925639007847
Industrials,25.2323056999703
Healthcare,21.299314298784154
Consumer Cyclical,20.409020747855767
Communication Services,18.8577804372645
Consumer Defensive,10.449562207899431
Real Estate,7.367671130958897
Energy,6.750277846679804
Basic Materials,4.22110809247413
N/A,-6.344461981337054
