Communication Services,167.33294188284003
Industrials,43.65944174068234
Real Estate,40.68476216870561
Technology,24.470086238985484
Healthcare,22.97952774877952
N/A,18.6112415752171
Basic Materials,15.409988491890463
Utilities,12.830187073548215
Consumer Cyclical,12.350783087269086
Financial Services,12.295449465644992
Energy,5.010552333852578
Consumer Defensive,0.402726748163769
