Consumer Defensive,42.16660085952193
Industrials,18.396477232767936
Technology,16.734260998421874
Energy,10.65431235252535
Financial Services,7.585261734025356
Basic Materials,6.491132347534522
Healthcare,5.135982227679333
Utilities,0.9654420508222884
Communication Services,-0.403890344183261
Consumer Cyclical,-1.5128371584611853
N/A,-4.867377749594668
Real Estate,-12.274949306631974
