Communication Services,17368.470919016578
Industrials,472.5209556215028
N/A,443.58942394558767
Technology,64.18102609500495
Financial Services,57.9991796263882
Consumer Cyclical,41.301499948500215
Energy,31.141502025582565
Utilities,27.729461530866793
Consumer Defensive,12.383303925231816
Basic Materials,4.416165898688134
Healthcare,-0.6329057576604735
Real Estate,-26.074888885661995
