Communication Services,3233.9236739750236
Real Estate,341.59676800814367
Healthcare,283.5444850032088
Financial Services,83.92326789540398
Technology,60.22218891122207
Basic Materials,53.00130340004009
Industrials,35.95021256247868
Utilities,32.056857140856714
Consumer Cyclical,26.48000393237285
Energy,16.008720948451376
N/A,8.431771137901986
Consumer Defensive,8.038549612716874
