Consumer Defensive,-6.288661600639459
Basic Materials,-7.370889488032048
Real Estate,-8.57693953378515
Utilities,-9.525455657773897
Consumer Cyclical,-10.615620589204536
Financial Services,-11.927969985469568
Communication Services,-13.05708687416766
Healthcare,-14.273598167420435
Industrials,-14.36501709615937
N/A,-14.653129843308111
Technology,-18.686655545454013
Energy,-21.676496303100024
