Communication Services,199.0440520530509
Real Estate,111.45809234141002
Healthcare,27.334476172349802
Industrials,24.08474627729
Technology,20.329663265986607
Basic Materials,19.370564324494513
Energy,12.88078651205386
Financial Services,12.250585341566076
Utilities,12.006827981800303
Consumer Defensive,7.950048459039691
Consumer Cyclical,5.799779421871302
N/A,3.0904063836224624
