Consumer Defensive,2632.337799192617
Real Estate,214.467324929934
N/A,94.1595393638906
Communication Services,43.613056644319016
Healthcare,34.25554979803685
Utilities,30.438900808904137
Industrials,22.624503681694488
Technology,20.263766344543054
Energy,11.934436909982436
Financial Services,10.296673251421876
Consumer Cyclical,8.609803889357982
Basic Materials,5.54697072711881
