Communication Services,759.5664250046495
Real Estate,296.83696553973823
Industrials,134.8170474968561
Technology,78.01339038459729
Financial Services,58.34522148252561
Healthcare,53.10292678104122
Basic Materials,37.77825891799729
Utilities,24.79506684245509
Consumer Cyclical,17.847140261816566
Consumer Defensive,10.961645175831686
Energy,8.87048108543914
N/A,3.665451612586237
