Consumer Defensive,4.840015934316891
Basic Materials,2.8199570795758753
Industrials,1.1228862583974621
Real Estate,0.5488711790059858
Utilities,-0.7001517522424784
Financial Services,-1.313459265090689
N/A,-3.024505491474249
Technology,-3.485993747032922
Communication Services,-3.49188830023808
Healthcare,-3.933131461903911
Consumer Cyclical,-5.3405869005194
Energy,-5.70410961018597
