Consumer Defensive,702.6095067532309
Industrials,353.77152771931793
N/A,24.671204323363657
Technology,18.042083726486833
Healthcare,17.485740500512303
Energy,14.018570827814385
Financial Services,12.456299329813813
Basic Materials,9.916520654849174
Communication Services,9.375323278567528
Utilities,8.199743434007873
Real Estate,3.5541904818101795
Consumer Cyclical,1.8200288405180478
