Consumer Defensive,3575.068872659617
Industrials,1699.5121583154169
Consumer Cyclical,1355.8325858026476
Financial Services,323.4514107382397
Utilities,54.52666328030247
Technology,36.78990088775163
Healthcare,28.47201103469961
Real Estate,25.08336988754215
Energy,25.06772878119006
Communication Services,23.96090424093747
Basic Materials,13.924392400028193
N/A,10.419860471684729
,-93.299999833107
