Communication Services,3095.310345309295
Real Estate,29.477291616373666
Utilities,26.834970756897377
Energy,24.295917783298194
Technology,21.036522382285515
Basic Materials,20.48152828133051
Industrials,19.36562197654222
Consumer Cyclical,6.646325862271064
N/A,6.463086430736565
Healthcare,4.387443347283929
Consumer Defensive,4.150965740894649
Financial Services,3.0748443417953184
