Consumer Defensive,2782.789555107817
Industrials,1928.5421643466705
Consumer Cyclical,1647.9598702391618
Real Estate,80.44099970411078
Healthcare,68.79218499284958
Basic Materials,43.627934669891175
Financial Services,34.1190798595373
Communication Services,29.79606709459126
Technology,25.547526804476888
N/A,23.346022939660635
Energy,23.338766379305866
Utilities,21.878842385982452
