Communication Services,515.8047779817196
Real Estate,177.3311003684335
Industrials,128.22940069121051
Healthcare,65.62907293646792
Basic Materials,60.90800978266168
Artificial Intelligence,54.02900999785941
Utilities,30.41634465824856
Technology,29.64944971517231
Financial Services,23.041930353018085
Energy,18.266199368304054
N/A,16.350084145532264
Consumer Cyclical,14.884511803189136
Consumer Defensive,-0.06355009427937593
