Consumer Defensive,780.7163103963427
Industrials,485.09656197610946
Consumer Cyclical,397.02977219048637
Financial Services,69.162204266277
Technology,10.449791696512927
Utilities,8.808820522012432
Healthcare,7.6631541069212155
N/A,7.2017491486164396
Communication Services,4.78036903974372
Real Estate,1.9770257736019148
Basic Materials,1.5706453633507387
Energy,0.9163805665457326
,-45.11153520387999
