Consumer Defensive,748.3119332753412
Industrials,505.95368903331456
Consumer Cyclical,413.3092046782183
Financial Services,88.82110839589397
N/A,15.055723852995591
Healthcare,12.880262913463085
Basic Materials,12.418802318392512
Technology,11.399537587607993
Communication Services,6.83127860239122
Utilities,6.421338132289469
Energy,4.217351193447183
Real Estate,3.111661958647983
Artificial Intelligence,-0.005323286988671148
