Communication Services,142.01997217330637
Healthcare,45.136659010901084
N/A,39.38312538764183
Basic Materials,39.299635260017325
Utilities,25.52091253016377
Real Estate,19.79361197579046
Technology,14.936134400851948
Industrials,14.48762341109475
Energy,10.637587862681631
Financial Services,9.422648011847587
Consumer Cyclical,0.47474945859236145
Consumer Defensive,-7.340434603441761
