Consumer Defensive,2786.388401750843
Industrials,1927.690184565551
Consumer Cyclical,1507.3342120802151
Real Estate,90.94613445897471
Healthcare,43.99995149425651
Basic Materials,43.981962828123336
Communication Services,34.022186497260236
Financial Services,26.327859641713776
Technology,23.282855991646112
N/A,21.706824761989473
Utilities,18.886785598357978
Energy,9.637710238786276
