Artificial Intelligence,31.451472508341794
Energy,11.401767793177576
Technology,6.740349843198588
Consumer Cyclical,4.359186770915079
Basic Materials,3.980165942815291
Financial Services,3.3180144234238806
Utilities,2.3912692173609846
Space,1.9147333182998891
Consumer Defensive,1.7587969080352757
Industrials,1.138118610109395
Real Estate,0.47098331816887473
N/A,-1.8966911958143815
Communication Services,-2.602258322462388
Healthcare,-3.2755037396068727
