Communication Services,64.8564862774678
Basic Materials,8.787630162030505
N/A,-5.2920654103939135
Real Estate,-8.388302218759398
Energy,-9.749873912432676
Technology,-12.062999129476227
Consumer Defensive,-13.14709183744209
Healthcare,-15.082659054479421
Financial Services,-22.455966866115638
Industrials,-23.201214350861566
Consumer Cyclical,-28.302435572862873
Utilities,-31.37172372895719
