Consumer Defensive,82.0519848551008
Technology,10.484149672740344
Industrials,4.308937822071498
Consumer Cyclical,3.3552711533069046
Real Estate,3.1270554583365135
Healthcare,2.692152127645205
Utilities,2.6624106029382415
N/A,1.9175060065081353
Communication Services,1.583948325682485
Financial Services,1.4680259637707869
Basic Materials,-0.03743955452701537
Energy,-11.433326438891989
