Communication Services,16.94690508368824
Technology,15.346881170830018
Industrials,8.468377171969177
Healthcare,5.666483580909932
Consumer Cyclical,3.612017585060412
Financial Services,2.5517146628256087
Basic Materials,2.230470578972429
Utilities,1.8089634078646974
Real Estate,-1.113719118122268
N/A,-2.9210283701301685
Consumer Defensive,-3.579120518057895
Energy,-3.6255527485728187
