Communication Services,33.31537437310354
Basic Materials,16.44232922410581
Financial Services,2.550624000421778
Industrials,-1.7751816373897475
Utilities,-2.4070430134752896
Consumer Defensive,-2.7570424963628275
N/A,-4.576599524204398
Healthcare,-6.457549788803549
Real Estate,-7.305901005008866
Technology,-9.739933211121619
Energy,-9.950252058304658
Consumer Cyclical,-11.305187262386093
