Consumer Defensive,-4.102615660376485
N/A,-6.333504434500976
Basic Materials,-10.270321285515324
Healthcare,-10.433901939570921
Consumer Cyclical,-10.872055332179404
Real Estate,-13.919624777016736
Financial Services,-14.873994028776302
Communication Services,-15.70041916600007
Technology,-17.839632369904184
Energy,-18.099425260183914
Industrials,-20.253960221616033
Utilities,-22.349216746543327
