Consumer Defensive,-2.827373508984761
N/A,-5.816810557958383
Healthcare,-8.446497428120102
Basic Materials,-9.897531392774166
Consumer Cyclical,-13.215273147863403
Financial Services,-13.44712024330884
Real Estate,-13.801987027746838
Energy,-16.29400517929592
Communication Services,-16.97952440540472
Industrials,-18.855863271819224
Technology,-19.357358806176695
Utilities,-24.051942899762057
