Communication Services,255.46460175589553
Energy,23.02138708162558
Technology,22.322186264318255
Real Estate,18.948519525962475
Basic Materials,18.184871146124937
Industrials,18.179147430255146
Utilities,11.031651103098488
Healthcare,10.471907807841307
Consumer Cyclical,9.88776669919256
Financial Services,8.38733212556379
Consumer Defensive,5.165128049159961
N/A,4.844386598819433
