Communication Services,-2.501322249731547
Real Estate,-4.105046194933038
Basic Materials,-5.15251119959583
Consumer Defensive,-7.389629183759895
N/A,-7.963753475777639
Financial Services,-10.644609520046153
Consumer Cyclical,-11.981126243905406
Healthcare,-12.277537557441674
Energy,-13.633484573680008
Technology,-16.48339415137772
Industrials,-18.100538570958147
Utilities,-21.27901317535097
