Communication Services,12.839747933183483
Industrials,5.694152987614989
Technology,4.399897338382617
Financial Services,3.155813506456144
Basic Materials,2.653459281743966
Utilities,2.423503139732447
N/A,0.7307944513950853
Energy,0.5303523459175483
Healthcare,0.2795232905358392
Real Estate,-0.9181786339624489
Consumer Defensive,-1.582537506649282
Consumer Cyclical,-1.6828697058253548
