Consumer Defensive,897.1118775483648
Financial Services,44.47442723323085
Communication Services,19.078144594485845
Technology,18.305005698530394
Industrials,15.774084280065384
Basic Materials,15.053363276370488
Healthcare,14.430100159849916
Energy,9.903366711530136
Utilities,7.5178913323013585
Consumer Cyclical,7.500117466717226
N/A,5.657934182636737
Real Estate,3.195737272456494
