Artificial Intelligence,11.44252368585415
Energy,8.92010200425425
Basic Materials,6.122167915886655
Utilities,6.040007043149812
Consumer Defensive,4.8977833518879335
Industrials,4.799123429299743
Consumer Cyclical,0.6003107424448929
Healthcare,-0.16738383997297507
Real Estate,-1.1732113277336926
Financial Services,-4.064679383644365
Technology,-4.281799306342772
N/A,-4.867236029817583
Communication Services,-9.189728174885714
