Artificial Intelligence,39.39753800784724
Basic Materials,31.68541405996345
Industrials,25.541226235380115
Energy,20.39954525528959
Consumer Defensive,10.661102110899101
Healthcare,10.556470528205729
Consumer Cyclical,-0.02253323435721817
N/A,-6.828096571908005
Utilities,-7.688535746567735
Technology,-8.351037669846823
Financial Services,-12.303178357099286
Communication Services,-13.12209269127966
Real Estate,-40.53755915266299
