Consumer Defensive,404.444233498374
Industrials,343.446962521652
Consumer Cyclical,231.9962258410297
Financial Services,82.42460893157293
N/A,12.189922566746807
Basic Materials,11.292485537017608
Healthcare,10.405685779476048
Utilities,9.954830283608723
Technology,7.247150118034033
Communication Services,5.962782806544069
Energy,1.3606817803190798
Real Estate,-0.09464003079474352
