Communication Services,136.99721407217825
Real Estate,34.460698381099164
Industrials,24.14331637045075
Technology,15.980830031754943
Healthcare,14.786173716488609
Financial Services,10.624901985420957
Basic Materials,10.038241661755016
Consumer Cyclical,9.674099988330243
N/A,5.817666871104931
Energy,5.408309075127614
Utilities,1.9048764106009153
Consumer Defensive,0.4706085510865007
