Consumer Defensive,2.085666530610339
Communication Services,-0.963270316054837
Industrials,-1.4702359057575778
Healthcare,-2.961683059684047
Basic Materials,-3.004967107062866
Real Estate,-3.859544155939402
Financial Services,-3.8728794583027004
Utilities,-3.932956779782301
Technology,-6.042407651639978
Energy,-6.223518802067622
Consumer Cyclical,-6.370857125014761
N/A,-8.940553044921083
