Communication Services,780.5403545257992
Real Estate,193.356739537561
Industrials,129.1139174194893
Healthcare,63.454409310739244
Financial Services,52.24006677863907
Technology,42.79182668544646
Basic Materials,30.57950503898173
Utilities,29.889102971056595
Consumer Cyclical,18.251682294901336
N/A,14.355655392550018
Energy,7.866437633789255
Consumer Defensive,2.9279156002749236
