Communication Services,11.168129438918049
Basic Materials,6.785214809535793
Utilities,-0.5418889856301706
Real Estate,-0.9269583993241898
Consumer Defensive,-1.601760263272657
N/A,-1.9566191517310778
Healthcare,-2.0284705717640272
Financial Services,-2.5705021495675777
Industrials,-5.287615055713931
Energy,-7.167287396959138
Consumer Cyclical,-8.47405096649593
Technology,-9.309953983916946
