Consumer Defensive,2510.205013392809
Industrials,1285.7409471635667
Financial Services,33.04804058194529
Consumer Cyclical,24.39043206619722
Healthcare,19.086016036205397
Communication Services,12.4098545704973
Technology,10.464607497369009
N/A,9.020042725548235
Basic Materials,6.505100868463796
Energy,5.672853872692228
Real Estate,0.44783790056118417
Utilities,-3.179629164233668
