Communication Services,30.902513125925413
Basic Materials,17.880114692047574
Industrials,16.62006716293754
Healthcare,15.925580253046995
N/A,7.986660416294772
Consumer Cyclical,4.591399955351004
Utilities,4.283290175683856
Real Estate,4.092062844251532
Energy,4.0080199385125495
Financial Services,3.8676603811190975
Technology,3.577469707478911
Consumer Defensive,1.6245069662197864
