Communication Services,195.36050895909955
Real Estate,27.124378659830256
Industrials,26.479178819479678
Healthcare,22.73733655485238
Basic Materials,20.834496527951767
Technology,12.107999288541441
Utilities,9.184645520990056
N/A,9.148577022181966
Consumer Cyclical,6.065265941692449
Energy,4.123317750718101
Financial Services,3.3701603931535185
Consumer Defensive,0.9415112265618949
