Financial Services,5.793509994538641
Basic Materials,3.4267780845467968
Communication Services,0.32471067552481453
Energy,-0.6193230518690896
Industrials,-0.8610054554454889
Consumer Defensive,-1.2294918013419134
N/A,-1.3841997337368828
Healthcare,-1.9780605192832286
Real Estate,-2.387533117349683
Technology,-3.3867644658419027
Utilities,-4.03451127587795
Consumer Cyclical,-4.1755879827570395
