Communication Services,37.12101344835879
Technology,20.78824964862193
N/A,14.653944564470116
Industrials,14.622472594148313
Basic Materials,12.928852942097734
Financial Services,9.425834710311817
Healthcare,8.747930411093789
Real Estate,7.407400139656377
Energy,3.032162405500088
Consumer Cyclical,1.2234960815592637
Consumer Defensive,1.0988187371431577
Utilities,0.908507077679826
