Communication Services,33.741484115341734
Real Estate,27.701826365775855
Healthcare,16.90503539610957
Basic Materials,13.777876278561441
Energy,6.896347763261316
Industrials,4.623042516206077
Financial Services,4.0921093873069045
Utilities,3.3519079179320426
Consumer Cyclical,2.950846397055378
Technology,1.4003438628878904
Consumer Defensive,-2.54957075409448
N/A,-3.897198127169247
