Consumer Defensive,118.1927227843788
Consumer Cyclical,68.35489929896424
Real Estate,31.343608777373216
Healthcare,27.747826753782867
Technology,27.000570953896347
Communication Services,15.87045862264091
Energy,15.262238166405044
Financial Services,15.234073355019413
Utilities,7.222320670817915
N/A,-2.361215750880775
Industrials,-3.9284394348450515
Basic Materials,-15.939016615425922
