Communication Services,34.844621623165885
Basic Materials,15.686282249482051
Financial Services,2.812869396924304
N/A,0.4192694936173335
Utilities,-1.532497168962199
Industrials,-2.073864508765243
Consumer Defensive,-3.7334290534464123
Real Estate,-5.610811515237169
Healthcare,-7.751919115722074
Technology,-9.707937485761867
Energy,-10.441706452063382
Consumer Cyclical,-11.624381541684956
