Communication Services,196.56198031284774
Utilities,36.16960963905466
Technology,28.095112527875607
Energy,22.397428272733354
Industrials,21.541089347997197
Financial Services,18.42744063366881
Basic Materials,16.301239670778795
Consumer Defensive,12.609263361429468
Real Estate,12.088877941632521
Consumer Cyclical,11.844964664764372
Healthcare,8.043132703654148
N/A,7.088012125622281
