Communication Services,18.642251251064984
Basic Materials,16.998562418559928
Financial Services,13.222060551758666
Real Estate,3.878977267950468
Technology,3.3968125276325614
Utilities,3.100184235890619
Healthcare,3.080713497121646
Energy,1.5818886545596473
Consumer Defensive,1.5473042575714606
Industrials,-0.012080229401272357
N/A,-0.5076191115543895
Consumer Cyclical,-2.8144022429721987
