Communication Services,165.96387461646563
Real Estate,53.37680135903013
Industrials,28.620035460285514
Technology,23.778872668200048
Healthcare,20.41347135556395
Financial Services,17.86026168206048
Basic Materials,14.256718303281588
Energy,10.965352628070269
Utilities,9.808738360555788
Consumer Cyclical,5.245119374005508
N/A,3.6953657938315883
Consumer Defensive,-1.2820603737060021
