Artificial Intelligence,36.01933999857294
Industrials,31.183147191153303
Basic Materials,30.036957729723806
Healthcare,24.061876418969337
Technology,21.70395456820809
Real Estate,20.37811335705463
Utilities,14.61026667583276
Financial Services,10.618368968308728
Consumer Cyclical,7.851161565285788
Energy,6.490121110865961
N/A,4.985941938916412
Communication Services,4.434898059749486
Consumer Defensive,-1.747464168038603
