Consumer Defensive,419.7599409088452
Industrials,368.78192600209076
Consumer Cyclical,303.85200950159543
Healthcare,18.704631399509402
Basic Materials,7.923664828119708
Technology,7.277728541973044
Communication Services,7.237202919661406
Financial Services,6.808113429358952
Real Estate,6.0774589698584585
Utilities,2.879675299101262
N/A,0.8381214149698818
Energy,-1.9491331361654947
