Communication Services,14.549151867340104
Basic Materials,14.386947079750454
Healthcare,11.909973022055262
Financial Services,6.720711308906585
Industrials,6.219109565329438
Technology,3.625342141507389
Consumer Cyclical,0.5856445286489318
Consumer Defensive,0.5524347233346545
,0.0
Real Estate,-0.2962752833251859
Utilities,-0.5472879415810876
N/A,-1.3727550542577414
Energy,-2.4836178427520643
