Communication Services,1237.974322914508
Real Estate,26.700332749076047
Technology,21.719772332226015
Industrials,19.25917129342672
Financial Services,17.921451450783234
Healthcare,13.965101287486215
Utilities,13.898755349779277
Basic Materials,12.302473500022726
Energy,7.642090578738871
N/A,6.040409172361443
Consumer Cyclical,2.229088613817286
Consumer Defensive,-2.7453996550733626
