Consumer Cyclical,247.082774417269
Financial Services,10.801726955379754
Energy,8.173373219309196
Industrials,6.52815090522452
Basic Materials,6.3962704377958675
Technology,4.240347810739542
Healthcare,3.699922574372417
Consumer Defensive,2.4983313545468873
Real Estate,1.698368451410159
Communication Services,1.3023473543239856
Utilities,0.32028548710036947
N/A,-0.17518457552758604
