Communication Services,29.038210522095707
Basic Materials,18.034353435492466
Industrials,17.311094281903447
Healthcare,15.54043255382939
N/A,9.116701770830318
Energy,5.221701992911694
Financial Services,4.371712053263971
Consumer Defensive,4.187063692703261
Consumer Cyclical,4.139522009229304
Utilities,3.3053869526206285
Real Estate,3.3020005465706985
Technology,2.567860498925401
