Communication Services,168.29362738009982
Industrials,45.817250476071735
Real Estate,39.07446654471178
Technology,27.204800251376092
Healthcare,22.795354283234335
Basic Materials,15.248044817233577
Utilities,12.977418355646847
Consumer Cyclical,12.55451268228679
Financial Services,12.461665821517128
Energy,5.573140993330741
N/A,3.3959427371714117
Consumer Defensive,0.035866576512383626
