Consumer Defensive,7.749549593308191
Real Estate,5.781560754337268
Healthcare,5.3512499040045025
Communication Services,4.710049088037888
Consumer Cyclical,2.887574558100474
N/A,0.762361368935432
Energy,-2.520616268853991
Technology,-5.5352356593701195
Utilities,-7.404783963933964
Financial Services,-7.4268981933506195
Basic Materials,-13.936946572150113
Industrials,-17.44058983443655
