Communication Services,23.626306021639472
Consumer Defensive,11.873439275252254
Technology,11.020807503263573
Healthcare,8.016233096573904
Real Estate,2.3961254672661223
Consumer Cyclical,2.355217313617293
Financial Services,0.6751824884183774
Utilities,-0.8928087636942572
Energy,-2.575998448312887
Industrials,-2.607900892494403
N/A,-8.316567248857849
Basic Materials,-8.766293639358347
