Consumer Defensive,17.79624117327264
Healthcare,17.71953475151852
Basic Materials,17.179403519450567
Communication Services,8.73112507605413
Real Estate,7.511559768813641
Consumer Cyclical,3.862588355688958
Energy,-2.0714783884871726
Industrials,-3.7801962888473226
Technology,-7.76724783531333
Utilities,-8.389397303286751
N/A,-8.556385577091183
Financial Services,-12.998834960842034
