Communication Services,211.3699431744324
Industrials,34.9375511507575
Real Estate,31.74906681880692
Technology,27.954951949771942
Healthcare,21.92269497785992
Consumer Cyclical,17.46311642034466
Utilities,15.847680770171424
Financial Services,14.578362759182589
Basic Materials,12.628329646600168
Energy,9.990972973015017
N/A,4.410244920103243
Consumer Defensive,3.4985109148018005
