Communication Services,19.154499131052
Technology,18.815812134034573
Industrials,15.525072414872245
Real Estate,14.522521914372287
Healthcare,11.290659445587119
Financial Services,8.773482304924427
Energy,8.59815984656284
Consumer Defensive,4.265938084230507
Utilities,3.1012754442828796
Basic Materials,1.2823456154198267
N/A,-1.1801735929572499
Consumer Cyclical,-1.5621578141050831
