Consumer Defensive,51.42574877683936
Healthcare,14.244650923610612
Industrials,7.806718612330689
Technology,6.720584606166702
Consumer Cyclical,6.021158248730987
Utilities,5.557906057683981
Real Estate,3.461090003445332
Financial Services,3.4416718728944886
Communication Services,2.089641755013138
N/A,1.708794966562379
Energy,-0.9363790507027344
Basic Materials,-3.9753899618598276
