Communication Services,9.230079919121037
N/A,8.469425554678473
Technology,6.198727703684523
Real Estate,3.7355152012574764
Industrials,3.705948452844406
Energy,2.5643347144142616
Financial Services,1.6380190705450974
Basic Materials,1.2548172135484725
Utilities,0.9785287573792633
Healthcare,0.9325794939935772
Consumer Defensive,0.3099340698220276
Consumer Cyclical,-1.6586387597937
