Communication Services,16207.666750481505
Industrials,410.2167054176205
Technology,68.09295646234672
Financial Services,62.457448380650604
N/A,57.137955556371
Consumer Cyclical,42.94797133802314
Utilities,29.817136133213666
Energy,23.402909919785753
Consumer Defensive,15.930370234071686
Basic Materials,4.416165898688134
Healthcare,-0.5941622611353105
Real Estate,-28.491363335056302
