Communication Services,12.104678398840582
Technology,11.925929846678926
Healthcare,4.775840233823562
Energy,2.061814863749608
Industrials,0.7316161290460165
Financial Services,0.18153602905167374
Basic Materials,-0.11687973898677141
Consumer Defensive,-0.489490981495232
Utilities,-0.6762267479888386
Consumer Cyclical,-1.4100243779236759
N/A,-1.5732790355131059
Real Estate,-1.6516695330521605
