Communication Services,159.56789652856062
Real Estate,97.385616116754
Basic Materials,24.7511457439133
Industrials,22.536129128074915
Technology,21.385612028214965
Utilities,20.517720868919557
Healthcare,12.94414845287495
Energy,9.45952526396587
N/A,7.807589867900903
Financial Services,5.807415058231181
Consumer Cyclical,4.1203734672496015
Consumer Defensive,-5.289486252920603
