Communication Services,710.9312759778576
Real Estate,161.2209324769981
Basic Materials,70.6500893401136
Industrials,69.59274773101643
Healthcare,59.240197105396376
Utilities,31.685012826378163
Technology,28.935298920269638
Financial Services,23.091728894509405
Consumer Cyclical,22.962996166298424
Energy,19.606413254891716
N/A,10.38915492613707
Consumer Defensive,-1.2432444331625325
