Consumer Defensive,36.60362574228097
Healthcare,11.692224976419508
Real Estate,10.77263856809963
Financial Services,7.0932751077445975
N/A,6.149416468963869
Communication Services,5.9339365454610045
Consumer Cyclical,4.723071571950824
Technology,4.151514717512623
Industrials,3.594496673708093
Utilities,0.20395793637164758
Energy,-3.802243643079131
Basic Materials,-6.151104275909057
