Communication Services,34.26087873687297
Basic Materials,13.933790588092746
Healthcare,-1.060277309315313
Consumer Defensive,-4.445415483499863
Financial Services,-7.3902564143113665
Utilities,-11.592380079649995
Technology,-12.725224301207588
Energy,-13.24623105032611
N/A,-13.337895308154595
Real Estate,-13.402748476916347
Industrials,-16.279313239180155
Consumer Cyclical,-18.544025165955336
