Financial Services,33.23128420816492
Industrials,28.083259594231535
Technology,19.49016082849318
Energy,7.5524317203898095
Basic Materials,6.756663655117338
Healthcare,4.990098814718342
Consumer Defensive,4.153863816295691
Communication Services,1.89486260279263
Utilities,0.5013305653702822
N/A,-2.108586241235061
Consumer Cyclical,-3.5864248763246755
Real Estate,-6.015658164070447
