Consumer Defensive,5.972360875880692
Industrials,2.713060221013967
Basic Materials,2.287682795356265
Communication Services,-1.3555113735805426
Financial Services,-1.7273747213800699
Technology,-2.2439046856404357
N/A,-2.5405930343980274
Real Estate,-3.507453355911987
Healthcare,-5.145402600827036
Utilities,-6.136420034034039
Consumer Cyclical,-9.090130415358905
Energy,-12.78811696541945
