Consumer Defensive,683.6948275533053
Industrials,354.1928105577074
N/A,21.970494572561286
Healthcare,18.02106622459858
Technology,17.87004846433363
Energy,14.06861207445019
Financial Services,13.621036728914214
Basic Materials,11.4501419936765
Communication Services,9.113944598794001
Utilities,8.199743434007873
Real Estate,3.5426725240610972
Consumer Cyclical,-6.711899404477974
