Communication Services,142.90445973059326
N/A,69.66509132581216
Healthcare,45.01595048623369
Basic Materials,39.875903983763024
Industrials,24.355449846194816
Utilities,19.03904940350545
Energy,18.434449676457053
Financial Services,15.312635064360055
Technology,10.561049411498924
Real Estate,9.174979852163565
Consumer Cyclical,1.1263408349928885
Consumer Defensive,-5.108382125127362
