Artificial Intelligence,39.39753800784724
Basic Materials,31.68541405996345
Industrials,25.447591104848215
Consumer Defensive,9.366698743903756
Healthcare,9.098014287820902
Energy,4.890272422256643
Consumer Cyclical,1.6988093796057415
N/A,-4.12299618447364
Technology,-8.046217295536513
Utilities,-11.108124980928782
Communication Services,-12.19778267361539
Financial Services,-13.110491868332124
Real Estate,-51.004491713027306
