Communication Services,33.37609641634709
Financial Services,15.327104204220602
Industrials,11.39274682159925
Basic Materials,2.344490752173962
Healthcare,-3.130115421568271
Utilities,-3.383322859318241
Technology,-4.432657038005541
N/A,-7.8883112772815265
Consumer Defensive,-8.795153293014094
Energy,-8.917960586466913
Real Estate,-14.05255335117002
Consumer Cyclical,-20.646679388474347
