Communication Services,151.52058503172833
Industrials,43.84619433448596
Real Estate,42.50555764497326
Technology,28.700407250399028
Healthcare,17.89211784967602
Basic Materials,15.725663453728332
Financial Services,15.052872733923833
Utilities,12.991565298885396
Consumer Cyclical,12.936186555445902
N/A,4.592143867240462
Energy,4.2092963082091295
Consumer Defensive,1.520849696473397
