Financial Services,46.44042458535282
Healthcare,28.805769418212318
Technology,16.32437773645012
Communication Services,12.785401142573134
Industrials,12.445178424696628
Basic Materials,11.620065565828149
Energy,8.42641740960294
Consumer Cyclical,8.26335880514143
Utilities,6.038977123285455
N/A,5.762419722069023
Consumer Defensive,5.118654325484737
Real Estate,2.628069579517331
