Consumer Cyclical,86.0591971692399
Real Estate,29.884302019830677
Utilities,27.5683672021233
Healthcare,22.235220779501848
Industrials,6.357742470387661
N/A,6.080391270794717
Communication Services,2.1268358917727404
Technology,0.1264751394972596
Basic Materials,-1.6694517644288556
Financial Services,-3.687555695043944
Energy,-4.583804053676673
Consumer Defensive,-4.927259636906075
