Consumer Defensive,428.2149838690866
Industrials,406.32398213447516
Financial Services,114.30569934928118
N/A,29.98754312632225
Technology,20.065828452388043
Communication Services,13.186626732603225
Utilities,12.318827454339242
Basic Materials,9.019409080036189
Energy,8.659473206611551
Real Estate,5.6896983061274495
Healthcare,4.873478822093456
Consumer Cyclical,-4.795532769012024
