Communication Services,17365.927311114057
Industrials,432.39847089872444
Financial Services,77.63867614041065
Technology,66.79055040114162
N/A,53.944707425220116
Consumer Cyclical,42.92613480573694
Utilities,27.729461530866793
Energy,19.973278776845348
Consumer Defensive,15.930370234071686
Basic Materials,4.416165898688135
Healthcare,-0.5941622611353102
Real Estate,-28.491363335056302
