Communication Services,4.927774967859845
Basic Materials,3.5341813691757347
Financial Services,-5.654963221457917
N/A,-13.324911348639768
Healthcare,-13.404330526461006
Real Estate,-13.417739302149855
Consumer Defensive,-19.53635302458508
Utilities,-19.977639130912618
Consumer Cyclical,-21.128749827312532
Technology,-21.144762659987187
Industrials,-22.223579399409605
Energy,-32.6809289520982
