Communication Services,7.5752206695843505
Real Estate,1.8877343162736722
Industrials,1.7574812818230157
Financial Services,0.5929363788972241
Consumer Defensive,0.01660303094203274
Technology,-0.2815271607738513
Utilities,-1.0902881682232695
Energy,-1.8610080235242428
N/A,-3.20556195748861
Consumer Cyclical,-4.0244892085156465
Healthcare,-5.366261266656909
Basic Materials,-5.659997559575157
