Communication Services,164.49965924065492
Industrials,43.83572989972026
Real Estate,40.0144142917922
Technology,24.445132484119444
Healthcare,20.432232177844533
N/A,16.122355659891785
Basic Materials,15.248044817233577
Utilities,12.830187073548215
Consumer Cyclical,12.399832030114856
Financial Services,11.934078926528729
Energy,5.010552333852578
Consumer Defensive,0.4761601407593267
