Consumer Defensive,2800.706481008854
Industrials,1265.4901407860011
Financial Services,422.8998100508829
Utilities,76.91200794217492
Technology,62.52569179013193
Energy,56.90453956262668
Communication Services,52.54898231660497
N/A,46.4094853479276
Basic Materials,32.55898964294283
Real Estate,13.938463227176204
Healthcare,13.639623968392213
Consumer Cyclical,-61.44370715204994
