Communication Services,143.4252203387956
Real Estate,76.56772958395699
Industrials,19.156876038977387
Healthcare,16.661789571303423
Basic Materials,12.3745875512403
Utilities,8.986190959272685
Technology,7.492665694727034
Consumer Cyclical,4.614922303632394
N/A,4.246741963309594
Financial Services,3.99618915007886
Energy,1.773266216957544
Consumer Defensive,1.552020734398929
