Communication Services,14.127155342500243
Healthcare,-1.5278527702820481
Basic Materials,-2.383720794068478
Consumer Defensive,-6.0483496703393556
N/A,-6.612427221331162
Real Estate,-9.309911173101456
Energy,-10.374758335777063
Technology,-12.069958173266926
Financial Services,-12.842876132626904
Consumer Cyclical,-12.844911653093797
Industrials,-15.466179627955977
Utilities,-17.39151820533193
