Financial Services,13.42940321462889
Healthcare,10.7464760667162
Consumer Cyclical,5.705390743539261
Utilities,2.083066810678542
Technology,0.5574967961220006
Communication Services,-0.6376029105628058
Consumer Defensive,-3.3985611514169687
Industrials,-4.781537112723029
Energy,-4.8524069502820755
N/A,-5.178127813476019
Basic Materials,-7.591879233657816
Real Estate,-7.942880320330637
