Consumer Defensive,0.959063404439355
Real Estate,-3.3106565498613025
Healthcare,-3.4074504901101608
Utilities,-3.5210605992696995
N/A,-3.6774964816492477
Industrials,-5.051747424060332
Financial Services,-5.793022491824305
Energy,-5.8625673393584465
Basic Materials,-5.9967664136013346
Consumer Cyclical,-7.941452284753226
Communication Services,-8.793073886531761
Technology,-9.891437388939083
