Communication Services,9.377763719278738
Energy,8.123569117483846
Financial Services,5.114699989071047
Industrials,5.10034350608923
Technology,4.268204691244478
Real Estate,2.1261435024021105
Basic Materials,1.8707806414699437
Utilities,1.5874584626963295
Healthcare,1.4851841724630697
Consumer Cyclical,-0.13601733927732898
N/A,-0.5741883300647566
Consumer Defensive,-0.661985505714565
