Consumer Defensive,800.5758845674259
Financial Services,57.60696547712857
Technology,24.03571985747841
Communication Services,23.83490052117912
Basic Materials,20.64983691943974
Industrials,20.48498001691773
Healthcare,18.370839683987402
Energy,13.081900665165907
Utilities,12.53086915666684
N/A,9.020168166295816
Consumer Cyclical,8.99118725113206
Real Estate,3.551502869382564
