Communication Services,41.75750728211597
Technology,4.608609987545398
Industrials,4.507731386240716
Financial Services,4.396425238879495
Basic Materials,1.6056406157170187
Energy,1.2056984566827125
Utilities,0.5151200649614005
N/A,-0.2916658747272612
Real Estate,-0.6573700317692206
Healthcare,-0.6953732589198143
Consumer Defensive,-1.307288869865616
Consumer Cyclical,-3.255176207591
