Communication Services,191.05242761463032
Industrials,44.269267158395756
Real Estate,36.67528046537538
Technology,30.17837970008478
Financial Services,23.370711502680983
Healthcare,23.258674459975378
Utilities,17.867457735311245
Basic Materials,14.419071748035641
Consumer Cyclical,9.004866048689452
Energy,8.884402945526192
N/A,5.191152745210997
Consumer Defensive,3.566398160550725
