Communication Services,38.39392191067375
Basic Materials,15.686282249482051
Financial Services,2.8128693969243037
N/A,0.3457628488818463
Utilities,-1.532497168962199
Industrials,-2.0738645087652436
Consumer Defensive,-3.7334290534464123
Real Estate,-5.610811515237169
Healthcare,-8.215734527725548
Technology,-9.707937485761867
Energy,-10.158844778747433
Consumer Cyclical,-11.864618802974046
