Consumer Defensive,739.6620497958897
Industrials,565.0574032236616
Consumer Cyclical,489.83731330805887
Healthcare,24.125956769437234
Real Estate,18.389709431720835
Basic Materials,15.075584402654231
N/A,13.18669934006917
Technology,9.834393369728227
Communication Services,9.378158812977633
Energy,9.332174966152206
Financial Services,9.319640942911898
Utilities,4.779029242550416
