Financial Services,17.71290312248266
Healthcare,16.521922320201305
Technology,16.49700021839982
Industrials,11.871490554959676
,10.911235765509929
Basic Materials,8.911425371706123
Consumer Cyclical,7.727056288995686
Communication Services,4.696729847765779
N/A,3.6703301918920808
Utilities,0.1837459528181853
Consumer Defensive,0.15153205539122333
Real Estate,-6.972518852393101
Energy,-7.718019046549658
