Communication Services,98.00511220100162
Basic Materials,48.83053750009154
Artificial Intelligence,36.01933999857294
Industrials,29.61471851167141
Real Estate,27.502908826798194
Healthcare,19.223543786298706
Technology,14.223557009993437
Utilities,10.008953006335512
Financial Services,5.922631693026314
N/A,5.300375094369826
Energy,3.641309467729772
Consumer Cyclical,2.332494211101019
Consumer Defensive,-0.985497232467863
