Communication Services,17.491869489482383
Basic Materials,16.811368788687023
Financial Services,4.281704799670872
N/A,-4.791652571167784
Technology,-6.23804238198841
Real Estate,-12.021716508217413
Healthcare,-13.095611967539673
Utilities,-18.660212136894625
Consumer Cyclical,-19.310832293780305
Consumer Defensive,-20.17320008441494
Energy,-26.465936833696183
Industrials,-26.490135271282956
