Communication Services,1024.8973478174703
Healthcare,101.91228763758464
Real Estate,41.35562170132067
Technology,26.921521724049974
Basic Materials,18.309305621348166
Financial Services,17.371203394321835
Industrials,14.958501678364756
Consumer Cyclical,9.645451891354849
Utilities,4.801351111146477
N/A,4.589314036271174
Energy,3.743375350979821
Consumer Defensive,3.243149257190517
