Artificial Intelligence,0.0
Basic Materials,-0.6974773356311786
Energy,-1.7784862217270547
Healthcare,-2.2088646484070042
Real Estate,-2.2655746713025544
Financial Services,-2.4057310637463147
Utilities,-2.47731061875198
Consumer Defensive,-2.990995153114943
Industrials,-3.192267587046169
Communication Services,-4.359443763405372
Technology,-5.109923156509746
Consumer Cyclical,-8.546370398180523
N/A,-11.916313245696987
