Communication Services,3288.3929902952736
Real Estate,35.352465499019516
Utilities,31.101925915452195
Energy,25.80740618053771
Technology,23.82812213506572
Basic Materials,19.606960670813837
Industrials,17.83907683822934
N/A,10.825306990624133
Consumer Cyclical,6.465654199876396
Healthcare,4.38512418474176
Consumer Defensive,4.345312795346886
Financial Services,3.443298479440951
