Communication Services,528.8794235500752
N/A,45.18641560883354
Real Estate,33.723371348463324
Financial Services,18.566588399571938
Basic Materials,16.024995526786643
Technology,15.360055312755001
Healthcare,10.89449999607615
Consumer Defensive,10.643403576962992
Consumer Cyclical,7.40295285146622
Energy,4.774537640492193
Industrials,4.4210722398017674
Utilities,-2.9190631641059084
