Communication Services,11.29086441679426
Healthcare,2.549172470160611
Basic Materials,1.1280505497702045
Utilities,1.0062002417961624
Financial Services,0.5704999477800525
Industrials,-0.0010117561048722757
Consumer Defensive,-0.14480789933244378
Real Estate,-0.16468186496255297
Energy,-1.0564267538973655
Technology,-1.7006289923540177
N/A,-1.8668722990101885
Consumer Cyclical,-4.063045059309782
