Consumer Defensive,3129.370404579251
Industrials,1598.9400121779736
Consumer Cyclical,1454.8874510018984
Financial Services,398.98915458772717
Utilities,53.5092218226107
Healthcare,37.16830231898793
Basic Materials,31.431554912031906
Technology,30.329160201701026
Real Estate,26.884704854128305
Communication Services,25.057270910723876
Energy,23.357601403819245
N/A,7.537154406661392
