Communication Services,30.685913244311354
Energy,28.175754669446206
Technology,26.82385948986029
Industrials,16.075038715683135
Healthcare,12.589247040314087
Utilities,12.13877521235226
Financial Services,6.2370999068126425
Consumer Defensive,5.7240310594539014
N/A,1.4398355774910399
Consumer Cyclical,-1.8599198490261133
Basic Materials,-12.129740136503575
Real Estate,-15.334951743027618
