Consumer Defensive,45.02804834940558
Technology,20.831807396266402
Industrials,13.332363113666615
Consumer Cyclical,9.212896431174817
Financial Services,7.5560087701412835
Utilities,7.535156975534765
Communication Services,5.620592741696925
Healthcare,5.336051242015199
N/A,3.108082307482159
Energy,1.6349089993834987
Basic Materials,0.657560929601635
Real Estate,-0.1509491878145563
