Communication Services,64.64678138495421
Consumer Defensive,33.92230784420896
Healthcare,20.934027413872922
Real Estate,7.42002738824132
Consumer Cyclical,3.7401516777410233
Technology,-0.48253744809426086
Financial Services,-4.193142447949809
Utilities,-6.736805324369283
Industrials,-9.175247575443638
Energy,-9.270836453565243
N/A,-11.982852991876024
Basic Materials,-14.635376161300163
