Consumer Defensive,3120.021823993348
Industrials,2298.3462327357124
Consumer Cyclical,1601.413142738594
Basic Materials,58.20653508292293
Financial Services,47.848068494161126
Real Estate,43.12737482801264
Healthcare,37.955092657812
Communication Services,28.18841465865243
Utilities,26.62706938718794
Technology,16.46293813821453
Energy,14.306400726605494
N/A,9.158879012453525
