Communication Services,138.56333639512283
Real Estate,77.56632633848484
Technology,27.360008847904602
Healthcare,17.47080470438288
Industrials,14.368499595473395
Basic Materials,12.322178759613017
Utilities,9.049927582844393
N/A,5.861121942646305
Consumer Cyclical,5.07048760507621
Financial Services,3.2909481620612038
Consumer Defensive,1.9178538358748793
Energy,1.0193417747617386
