Communication Services,119.9502364211382
Real Estate,25.79324385594264
Financial Services,21.551297510524613
Technology,20.640828004082163
Industrials,20.51775017912683
Basic Materials,18.02970522099603
Healthcare,15.377629269670065
Utilities,13.413934259012006
Energy,8.744675468499588
N/A,6.178746086188105
Consumer Cyclical,4.785104235800305
Consumer Defensive,-1.8694679442358628
