Communication Services,476.37571674777536
Real Estate,277.79004635457187
Industrials,97.47738539519167
Financial Services,70.23195078561471
Healthcare,62.56804521744559
Technology,55.058006563206696
Utilities,40.61579948958917
Basic Materials,35.319227806458244
Energy,30.037372744879956
Consumer Cyclical,12.694483421864767
N/A,7.849407947726752
Consumer Defensive,1.2219814897717247
