Communication Services,159.5067866237656
Real Estate,42.18370543581093
Industrials,31.549430139140394
Financial Services,28.222841944477725
Technology,23.89675532155721
Basic Materials,22.375899289193278
Healthcare,22.11449997940724
Utilities,17.481367180813994
Energy,8.229054798765612
Consumer Cyclical,7.048585706468066
N/A,5.660697252808079
Consumer Defensive,-0.39280720491083876
