Communication Services,200.0653642924238
N/A,46.35434314556969
Healthcare,43.674201549278365
Basic Materials,39.284085079938784
Energy,28.830748285213122
Utilities,25.520912530163773
Real Estate,24.77488265249188
Technology,19.98230063583412
Industrials,13.72369257022506
Financial Services,10.149130131691258
Consumer Cyclical,1.3456281931412502
Consumer Defensive,-12.726424180908916
