Financial Services,60.7791599558295
Basic Materials,38.0745324725911
Industrials,36.10730201909518
Technology,35.24858607811175
Consumer Defensive,21.918754484838278
N/A,18.12555891378567
Energy,18.072259507848997
Utilities,15.810253950762975
Healthcare,1.9442436032340877
Communication Services,-3.557142717948873
Real Estate,-13.362747752322761
Consumer Cyclical,-56.4399084566651
