Communication Services,16.21949179039505
Technology,13.557105168028876
Utilities,11.874011514595932
Consumer Defensive,11.64512532461598
Financial Services,10.814244591872177
Consumer Cyclical,8.575007668607377
Healthcare,5.895041840042873
Real Estate,3.8955563137627864
N/A,0.9140589470428259
Industrials,0.6208179253779738
Basic Materials,-0.7463462918342639
Energy,-14.012856610102551
