Consumer Defensive,8.343046473486174
Financial Services,7.682292144385246
Basic Materials,6.380470146351815
Real Estate,6.347134544721574
Consumer Cyclical,5.075538612082697
Utilities,3.5324247202477306
Technology,2.01032842119225
Industrials,1.0307078891658277
Communication Services,0.12056153481680477
Healthcare,-0.19119375629330565
N/A,-5.908338060836086
Energy,-13.308370541788957
