Communication Services,10647.513398872105
N/A,267.5408356097061
Industrials,120.00870654582465
Consumer Cyclical,31.515701338236067
Technology,26.82807288702026
Financial Services,19.243818534550122
Energy,9.258969993317827
Utilities,8.632528005404764
Basic Materials,5.742661708917169
Consumer Defensive,4.566263472743487
Real Estate,-0.16509783100514938
Healthcare,-0.21359147538712125
