Communication Services,173.55022301764197
Industrials,23.3237630670619
Real Estate,23.28515920061677
Technology,21.297957271036456
Hardware,11.29855421572033
Healthcare,10.775749878332894
Basic Materials,9.501944672325836
Financial Services,9.482908165510139
Energy,5.732391456251382
N/A,3.7768708815281027
Consumer Cyclical,2.300602471603472
Consumer Defensive,1.6888965310114785
Utilities,1.6331289243292482
