Consumer Defensive,889.0947328442589
Financial Services,45.512800150769024
Communication Services,20.44532961071452
Technology,19.661707265276718
Industrials,14.505771414405409
Healthcare,14.474681957618673
Basic Materials,14.328975477870035
N/A,13.088973629641606
Energy,10.571711897531722
Consumer Cyclical,7.7557134661332
Utilities,7.5178913323013585
Real Estate,2.421424243131592
