Consumer Defensive,696.7213412447255
Industrials,537.4100146355137
Financial Services,67.56757552969515
Healthcare,18.642261331879418
Technology,18.1387940210783
N/A,14.367775796238226
Basic Materials,13.292706614685814
Energy,11.962982906489382
Utilities,11.372254766111265
Communication Services,9.068461203446562
Real Estate,6.971724652071733
Consumer Cyclical,-12.335960782649575
