Consumer Defensive,702.6095067532309
Industrials,353.77152771931793
N/A,22.014172706742727
Technology,17.77237089475316
Healthcare,17.485740500512303
Energy,14.018570827814385
Financial Services,12.434172284835398
Basic Materials,9.916520654849174
Communication Services,9.900442017921565
Utilities,8.199743434007873
Real Estate,3.9794777417881178
Consumer Cyclical,-6.399066710774577
