Consumer Defensive,5.545876966120932
N/A,1.0649305964464093
Financial Services,0.9372835684273667
Basic Materials,0.026708910507423706
Communication Services,-3.0153858364617387
Technology,-11.011481595395727
Energy,-14.397529053682593
Real Estate,-14.519802598625892
Healthcare,-15.48726596390455
Consumer Cyclical,-20.46172210685526
Utilities,-24.329749840095094
Industrials,-25.574096913144068
