Communication Services,57.20322829471547
Industrials,29.257456556098766
Basic Materials,28.78691898879045
Utilities,23.966522954541063
Technology,21.292461777983508
Financial Services,20.151622285352726
Healthcare,19.676032255960042
Energy,14.063450910418272
Consumer Defensive,12.91364108119358
Consumer Cyclical,9.421096842508184
Real Estate,5.994480146017353
N/A,3.651251899602908
