Communication Services,2.531542808558544
Basic Materials,-0.2137758509827049
Utilities,-0.9953429424302755
Financial Services,-1.588890081049069
Consumer Defensive,-2.1846022017170266
Real Estate,-3.2033656221813804
Healthcare,-4.687995356810938
Industrials,-5.635477240270856
N/A,-6.1840153589990745
Consumer Cyclical,-8.316124289866858
Technology,-8.566438810747096
Energy,-11.340437044020724
