Communication Services,15.707826699387343
Consumer Defensive,12.442431964581466
Technology,12.030062829084775
Utilities,11.87401151459593
Financial Services,9.786092327858492
Consumer Cyclical,9.236124078797388
Healthcare,5.895041840042872
Real Estate,3.8955563137627864
Industrials,1.5889968720452348
Basic Materials,-0.734936316820731
N/A,-3.3727121959530413
Energy,-14.012856610102551
