Communication Services,1053.7643191893098
Real Estate,1037.5431772090012
Industrials,45.65114371822137
Basic Materials,44.26938550027514
Healthcare,27.685513732053906
Technology,19.207951533696754
Utilities,12.350636960507435
N/A,6.781902505781889
Energy,5.359590727189657
Consumer Cyclical,4.2987733325449025
Financial Services,3.2132328632198965
Consumer Defensive,1.0061632856887632
