Consumer Defensive,2801.447954868845
Industrials,1850.006388773559
Financial Services,263.40266349664114
Utilities,53.939416004166404
Energy,47.92403827735255
Technology,46.916854388736034
Basic Materials,39.60748270883826
N/A,34.54273953377573
Real Estate,32.221655360978424
Healthcare,31.88533155298169
Communication Services,19.654911804706057
Consumer Cyclical,-48.031778715787716
