Communication Services,50.36440313941739
Real Estate,45.00360520713443
Healthcare,18.470539237947218
Basic Materials,10.199287237928178
Industrials,5.740692181672926
Technology,5.4804727343925475
Energy,4.707756018831283
Consumer Cyclical,3.361218300602954
Financial Services,2.074501492973352
Utilities,0.7607485151824259
N/A,-0.2381442811217261
Consumer Defensive,-1.1633694957043101
