Consumer Defensive,430.7798587176555
Industrials,339.84412617990415
Consumer Cyclical,283.24246733373207
Healthcare,16.910151298999466
Real Estate,10.930998201235125
Basic Materials,9.896434051314857
Communication Services,7.109991657705167
Technology,7.001991853626112
N/A,6.3945263027595765
Financial Services,6.29932148697194
Energy,5.066712836531294
Utilities,3.441590775497486
