Consumer Defensive,-4.556410886146951
N/A,-5.658953362258235
Healthcare,-9.01361704604008
Real Estate,-9.130344013501121
Basic Materials,-10.37471182824856
Consumer Cyclical,-13.662861261114843
Financial Services,-15.405885234888476
Communication Services,-15.625052159634707
Energy,-18.00710820929346
Technology,-18.04971582282488
Industrials,-18.456961702656695
Utilities,-22.043260130997506
