Artificial Intelligence,33.228664635334006
Basic Materials,4.255277548511787
Consumer Defensive,3.6463918667869533
Industrials,3.6128592829572987
N/A,2.9397609029611496
Energy,2.541754828766607
Healthcare,2.055525070148689
Consumer Cyclical,1.2086419279721707
Communication Services,-1.5079191456305787
Financial Services,-1.6380162391536934
Real Estate,-2.149814053638225
Utilities,-2.535514046430777
Technology,-3.3309893668068438
