Financial Services,18.39914320815608
Healthcare,16.646984202990684
Utilities,15.061328576228775
Technology,13.993846988308471
Industrials,13.696602731411973
N/A,13.385496838908143
Consumer Cyclical,10.28890251247792
Basic Materials,3.6640329379082672
Communication Services,2.7517716817886253
Real Estate,1.7014945908757655
Consumer Defensive,0.8616208410573019
Energy,0.809329501548957
