Communication Services,20.507080084061023
Basic Materials,5.093431406726934
Consumer Defensive,-0.8094026051381795
Real Estate,-1.1521491292336583
Utilities,-1.2907603810971595
Financial Services,-2.3091918222272656
N/A,-2.8245642933552966
Healthcare,-3.218551282219099
Industrials,-4.166479148399936
Energy,-6.853583153450484
Consumer Cyclical,-8.227288913829343
Technology,-8.245504849320337
