Financial Services,21.23888143532884
Healthcare,15.508032252432818
Industrials,14.17391480567312
Consumer Cyclical,9.017539080045644
Utilities,8.63300282121291
Technology,8.240320753553975
N/A,3.1981757965965087
Real Estate,1.700436766700616
Energy,1.2502270509330702
Basic Materials,0.5053016097213424
Consumer Defensive,0.44829336484913695
Communication Services,-1.2872851074607072
