Communication Services,158.57402596848058
Healthcare,43.59676091143472
Basic Materials,39.18135644864938
Energy,28.830748285213122
Industrials,23.89390782468282
N/A,19.680488482449924
Utilities,19.12432372823497
Financial Services,13.868039389593507
Technology,10.741058701558549
Real Estate,9.174979852163563
Consumer Cyclical,0.7274429200182936
Consumer Defensive,-0.8695642564832442
