Communication Services,224.33663063957277
Real Estate,53.95641940222425
Technology,43.0751722852158
Basic Materials,15.34240580366456
Energy,10.638687633331006
Utilities,7.323882583527383
Industrials,6.295797041245544
Financial Services,5.164013661537854
Consumer Cyclical,4.432109396925289
N/A,3.4723649604384157
Consumer Defensive,1.23190800450814
Healthcare,-0.8138242449094566
