Financial Services,69.447733857778
Industrials,63.589579881740235
Technology,49.88994299199099
Communication Services,34.43692997310614
Energy,28.26506260430029
Healthcare,22.003617530988993
Utilities,17.515310250140082
Consumer Defensive,16.394572013595628
Consumer Cyclical,7.70981236765694
N/A,1.5440983177814431
Basic Materials,-4.934987545420172
Real Estate,-12.766310312548711
