Consumer Defensive,77.51645180462576
Real Estate,10.748312766128219
Technology,10.178909625943966
Financial Services,8.546552729967697
Communication Services,5.21119509857067
Healthcare,3.713257206709559
Utilities,1.6581374377883176
Basic Materials,1.591580565189029
N/A,-3.9604295105634746
Energy,-5.060063380610158
Industrials,-5.218381115248982
Consumer Cyclical,-5.315491151746344
