Communication Services,33.706060948353134
Technology,17.917593229199454
Energy,14.199729492224217
Industrials,10.740393318421106
Real Estate,9.841330388247748
Healthcare,9.553840394576758
Consumer Cyclical,5.9901244940863165
Utilities,3.8435255618440824
Consumer Defensive,1.0468503471832329
N/A,-2.230929428070631
Basic Materials,-3.603285542394399
Financial Services,-4.1539031613566015
