Financial Services,74.33277431124556
Industrials,51.12031919400807
Energy,45.90949893534663
Utilities,45.85312558851501
Technology,44.17937028849712
Basic Materials,33.705319220136225
Consumer Defensive,25.688475903970886
Healthcare,15.731594450466103
Real Estate,12.11968410261912
N/A,11.550637113248005
Communication Services,7.323785190861712
Consumer Cyclical,-65.81944911810092
