Communication Services,43.31456248015418
Technology,29.858289500780838
Consumer Defensive,25.417013910798424
Energy,23.12187972229461
Healthcare,16.341492097681382
Real Estate,12.188984202732478
Industrials,4.598546072526682
Financial Services,3.828227627325499
Utilities,-0.2008179245851629
N/A,-1.8792663284410904
Consumer Cyclical,-2.5649609150215356
Basic Materials,-16.573414864178226
