Communication Services,28.127569106689037
Real Estate,23.813879979248586
Healthcare,14.001261797520973
Basic Materials,6.121975953733625
Energy,3.2803935993835207
Industrials,1.3618437699539763
Consumer Cyclical,0.7556892926548417
Technology,0.1341222836895164
Financial Services,-0.027979291693550973
Utilities,-1.0619120374281645
Consumer Defensive,-2.1176779970743045
N/A,-2.3350799512119456
