Communication Services,4.635095940956272
Energy,4.489024752955445
N/A,3.890944189482059
Technology,-1.2880061888679892
Consumer Defensive,-1.3501234944641314
Healthcare,-2.363942756760154
Utilities,-3.194604041300187
Consumer Cyclical,-8.468826105085947
Industrials,-11.052791805317742
Financial Services,-17.14110856171143
Basic Materials,-18.809609208570137
Real Estate,-20.8098331715636
