Consumer Defensive,757.044166135167
Industrials,591.6652455159979
Consumer Cyclical,486.4365648928986
Basic Materials,22.310226659196744
Healthcare,16.75557117008766
Financial Services,10.764736281838097
Communication Services,10.06676698324595
Real Estate,9.953776862054465
Technology,7.885669295902757
Utilities,3.3949863883641935
Energy,2.8397602012088963
N/A,-15.195690932318465
