Communication Services,176.89127484492553
Healthcare,43.935012704259336
Basic Materials,38.6852078649912
Energy,28.830748285213122
Utilities,25.52091253016377
Real Estate,24.77488265249188
Technology,14.843496492265043
Industrials,13.450555614929998
Financial Services,10.558148554434013
Consumer Cyclical,1.345628193141249
Consumer Defensive,-9.034610635822771
N/A,-10.397358329413164
