Financial Services,6.315371411335752
Industrials,4.880812815503368
Healthcare,3.1136124171015145
Basic Materials,2.0410593967694233
Communication Services,0.3296646175478061
Energy,0.15881624322997442
Consumer Defensive,-0.8114582036312775
Utilities,-0.8970925020051238
Real Estate,-0.9788089762634401
Technology,-1.4077375780884374
N/A,-4.44758402063818
Consumer Cyclical,-5.284473053578822
