Consumer Cyclical,455.400695380068
Energy,19.060351948642435
Industrials,9.965301105137927
Technology,9.623164910557197
Utilities,6.781342355916305
Communication Services,6.640621209084647
Basic Materials,6.207077318535322
N/A,4.631036407137993
Financial Services,4.245940925091273
Healthcare,3.4409100857361827
Consumer Defensive,1.03448890563172
Real Estate,0.6005532737567637
