Financial Services,9.93307063339815
Healthcare,9.804930892996355
Basic Materials,8.500719421916482
Consumer Cyclical,6.584119911517831
Utilities,5.686601815924123
Technology,-3.314870672244747
N/A,-3.829246822723088
Industrials,-3.9115232104124646
Consumer Defensive,-5.638043525858517
Communication Services,-6.319463735987311
Energy,-7.1416088232004356
Real Estate,-12.009310166091456
