Communication Services,28.032998726740004
Basic Materials,18.110307418603778
Artificial Intelligence,18.00966999928647
Healthcare,16.107198238180285
Consumer Cyclical,4.591399955351004
Utilities,4.453878596825
Real Estate,4.035749063247976
Financial Services,3.8676603811190975
Energy,3.7869795547684353
Technology,3.7610056852948635
Industrials,3.5935187058787226
Consumer Defensive,1.6707096831510422
N/A,-4.743961678042318
