Artificial Intelligence,39.39753800784724
Industrials,34.035138645939966
Basic Materials,32.543625077354335
Consumer Defensive,11.909520437670366
Healthcare,9.682134448958516
N/A,2.3877355425427624
Consumer Cyclical,0.7673018024004974
Energy,-0.8367808807709469
Utilities,-9.125956425644532
Technology,-11.442488843691871
Financial Services,-11.980042207283507
Real Estate,-26.62966195466221
Communication Services,-27.108730534262037
