Communication Services,780.5397942922157
Real Estate,157.3177087780082
Industrials,124.85965323394758
Healthcare,63.44924020041313
Financial Services,52.24006691885085
Technology,41.61293152784117
Basic Materials,30.57950503898173
Utilities,29.889102971056595
Consumer Cyclical,17.10674739279872
Energy,7.866437633789255
N/A,5.833948340355341
Consumer Defensive,2.9279156002749236
