Consumer Defensive,7.749549593308191
Real Estate,5.781560754337268
Healthcare,5.586334201181926
Consumer Cyclical,2.0614885520240236
Communication Services,0.7645203944253394
Energy,-2.520616268853991
Financial Services,-4.784961975805047
N/A,-6.566927218652877
Utilities,-7.404783963933964
Technology,-8.772433809658429
Basic Materials,-13.936946572150113
Industrials,-20.614736951144486
