Communication Services,17.24627558934645
Technology,16.555825691441736
Utilities,14.832533591617725
Financial Services,12.329898926615277
Consumer Cyclical,12.035824252537287
Real Estate,8.9563753322
Basic Materials,4.611238711024756
Consumer Defensive,3.73942527473987
N/A,3.199442654934483
Industrials,3.048056354832743
Healthcare,0.17106246820253113
Energy,-2.674930628305419
