Communication Services,1329.6649321875216
Real Estate,221.85381152489654
Industrials,122.34060873647293
Healthcare,50.31024279323874
Financial Services,43.94636573169433
Technology,41.26770137209453
Energy,34.4895599207763
Utilities,32.26064368602684
Basic Materials,26.14440671543709
Consumer Defensive,12.29576760476611
Consumer Cyclical,10.259811797946197
N/A,2.0562018815708343
