Communication Services,10.623977813270793
Industrials,6.7832906790283465
Technology,2.262679213138986
Financial Services,1.8550026648326654
Real Estate,0.9473848847404515
Consumer Defensive,-1.3445651167396597
N/A,-2.7033182526383412
Consumer Cyclical,-2.858947517484588
Energy,-3.112232867377867
Utilities,-3.60598693504932
Basic Materials,-4.959359055949327
Healthcare,-5.27533966024561
