Communication Services,198.89142746311077
Real Estate,98.68299396997047
Energy,15.547536865665032
Basic Materials,12.995230472594734
Technology,11.385742094117273
Financial Services,5.478225603498789
Healthcare,4.971569173205457
Consumer Cyclical,4.547031577208855
Industrials,3.914284992079625
N/A,2.8062794562167968
Consumer Defensive,2.606234234930739
Utilities,0.319441889435719
