Communication Services,694.3174140140064
Real Estate,225.82518485048044
Industrials,136.66419729468157
Financial Services,90.7626139794543
Utilities,87.51094958833927
Technology,72.55944771801742
Healthcare,61.95413911769661
Basic Materials,46.87948798815005
Consumer Cyclical,30.574031098044735
Energy,17.13753494523462
N/A,7.832822649341202
Consumer Defensive,3.6119745851757483
