Communication Services,175.37830278576004
Real Estate,49.3900025850401
Industrials,39.020193086449275
Healthcare,22.180917817710366
Technology,21.107829153455054
Financial Services,15.53920815307944
Basic Materials,11.588851548332775
Consumer Cyclical,6.72288467262871
Utilities,6.482428545053289
Energy,5.535906839773087
N/A,2.9273969868630645
Consumer Defensive,0.8332339010608727
