Consumer Defensive,800.5758845674258
Financial Services,58.6195348188649
Technology,23.895989467918447
Communication Services,23.122099627999148
Basic Materials,20.58137708904028
Industrials,20.383377639674894
Healthcare,16.137430413758246
Energy,13.07659313234357
Utilities,12.53086915666684
Consumer Cyclical,8.696475531427996
N/A,6.992674815742701
Real Estate,3.267546299974573
