Communication Services,132.67843645440678
Basic Materials,54.20617283660023
Industrials,39.60611415567823
Real Estate,27.832875970098005
Artificial Intelligence,27.014504998929706
Healthcare,25.149661681749667
Technology,12.312382826110369
Utilities,12.202384011515873
Financial Services,6.6471045287817345
N/A,5.420388305992313
Consumer Cyclical,3.6513356144296805
Energy,1.4158910690631326
Consumer Defensive,0.7863455795117655
