Consumer Defensive,6.673647751365653
Basic Materials,-4.32772140352105
N/A,-4.554631605888468
Financial Services,-5.282149243140108
Real Estate,-9.288046921112056
Communication Services,-10.569803571358186
Healthcare,-11.505968434111265
Industrials,-14.258489836464438
Consumer Cyclical,-14.68675255145555
Technology,-16.016614758359545
Utilities,-20.724545919522456
Energy,-20.87736405541274
