Communication Services,1226.336449170436
Technology,151.95111401606493
Real Estate,25.388277478691595
Industrials,16.60487735189927
Healthcare,14.316947309933987
Basic Materials,12.947669270229449
Energy,11.380296188501923
Utilities,10.955664094692983
Financial Services,6.908505703824959
N/A,6.659941687659347
Consumer Cyclical,0.6161698926032909
Consumer Defensive,0.533994874582021
