Communication Services,153.16537331035642
Industrials,23.41810743955231
Technology,23.350569798852447
Real Estate,18.235042079297568
Consumer Cyclical,15.43667035657693
Healthcare,14.556788251230662
Utilities,11.926301079658721
Financial Services,9.891885583688975
Energy,9.53251422756459
Basic Materials,9.47197579571032
N/A,5.385415205490243
Consumer Defensive,2.4381856883338697
