Communication Services,1143.4387502246207
Industrials,39.587375611594666
Real Estate,32.20609490765463
Consumer Cyclical,31.440794872329096
Technology,31.314764391909115
Healthcare,24.231931546624352
Financial Services,23.164976480715524
N/A,21.109732949314626
Basic Materials,15.727514383250362
Utilities,15.25542583370291
Energy,9.182467843155788
Consumer Defensive,0.07152957234410354
