Communication Services,18.265807397604927
Basic Materials,6.5032805028520215
N/A,5.0072725809884515
Financial Services,3.7771813980392888
Healthcare,2.095680167513291
Technology,1.368696076048905
Utilities,-0.7628157284948519
Industrials,-1.5000132242817292
Consumer Defensive,-1.719286023475127
Real Estate,-2.1876969269137807
Consumer Cyclical,-3.433402574165388
Energy,-3.7528726831428747
