Artificial Intelligence,47.43528421894822
Industrials,2.528200791376623
N/A,2.43479111439384
Basic Materials,2.0771595164105654
Healthcare,1.9154380816917922
Consumer Cyclical,1.485713280893636
Consumer Defensive,1.3687661435244445
Energy,-0.21310478866755905
Communication Services,-0.6474634362310377
Financial Services,-0.8841512528204004
Real Estate,-3.47121787472981
Utilities,-4.6049520807862665
Technology,-4.7850875939746835
