Communication Services,25.76748284833489
Basic Materials,8.678520300369827
Real Estate,1.336047611199749
Healthcare,-0.6166851075984293
Utilities,-0.9036861879381178
Financial Services,-1.3897367372093152
Consumer Defensive,-2.1973068291186513
N/A,-2.9680986724300733
Industrials,-3.854342601245423
Energy,-4.937631866670527
Technology,-7.342553454085268
Consumer Cyclical,-7.8950727655797905
