Communication Services,494.280676411842
Real Estate,213.69263296888593
Technology,118.0242090826659
Utilities,62.186108579777226
Industrials,61.59803208600505
Healthcare,61.55543520696926
Basic Materials,49.2402995494854
Consumer Cyclical,23.467345469326627
Financial Services,15.260715570130731
N/A,11.067398907946536
Consumer Defensive,10.491622356924541
Energy,2.9627895448567663
