Consumer Defensive,792.8812951720486
Industrials,405.41533665909884
N/A,34.097647036352114
Technology,14.3800497405571
Healthcare,13.816646965975265
Financial Services,13.615515481071146
Energy,9.739282894034563
Basic Materials,9.45961656636593
Communication Services,8.05263858824091
Utilities,4.353400562542734
Real Estate,2.019575402027639
Consumer Cyclical,2.0062874414221614
