Communication Services,356.13859136543505
N/A,21.501605032345715
Industrials,20.552699980839133
Real Estate,15.87516491365802
Technology,15.84918888651051
Healthcare,15.273124775034812
Financial Services,11.043373604726657
Basic Materials,9.373279251253951
Consumer Cyclical,5.698197824466336
Energy,5.34146510571879
Consumer Defensive,5.2748231732158795
Utilities,0.00739096331771055
