Communication Services,195.1594871070069
Industrials,41.152309482179
Technology,34.15191014646987
Real Estate,32.20609490765463
Healthcare,24.228717707516843
N/A,21.11265506336372
Financial Services,20.81949171273327
Basic Materials,16.709456276315237
Utilities,15.25542583370291
Energy,9.182467843155788
Consumer Cyclical,7.289585583067767
Consumer Defensive,0.07152957234410338
Artificial Intelligence,0.0
