Consumer Defensive,722.3262543271491
Industrials,626.4124268457246
Consumer Cyclical,518.9227115756657
Healthcare,20.596846600726856
Basic Materials,12.668414774283162
Real Estate,11.33789421251274
Financial Services,9.742097619322543
Communication Services,9.702409978902379
Technology,9.641902718410494
Utilities,3.2227137743234473
N/A,1.4522027377885813
Energy,-2.0272280892780796
