Consumer Defensive,43.90092232299681
Healthcare,13.82034142613287
Consumer Cyclical,8.914391355797548
Utilities,3.4903749523294736
Industrials,1.3708230397387355
N/A,1.1157514451613015
Financial Services,-2.366903422283404
Energy,-2.9080341136484447
Communication Services,-3.4374697911658436
Real Estate,-4.111795767525237
Technology,-6.478552866741503
Basic Materials,-14.273993960547186
