Communication Services,647.4635164890184
Real Estate,192.20454840235922
Industrials,89.23509004909813
Utilities,70.59794184806522
Financial Services,58.95184115622371
Healthcare,58.538817880498385
Basic Materials,52.083328841535895
Technology,32.02195028227906
Energy,25.137364287128328
Consumer Cyclical,21.00571705154442
N/A,10.528607560502227
Consumer Defensive,3.1713539186938338
