Communication Services,3268.6709812847416
Consumer Cyclical,56.358620393231924
Financial Services,29.5676594736307
Utilities,27.69107556242957
Technology,24.487607069600102
N/A,22.910047245550093
Energy,19.445736921841043
Industrials,18.69032869298892
Basic Materials,17.879634589100863
Real Estate,11.426316183244742
Healthcare,11.196272851035614
Consumer Defensive,7.391023387391227
