Communication Services,335.96475681291577
Real Estate,43.664836334815206
Basic Materials,21.585097671949335
Financial Services,18.887705922512993
Consumer Cyclical,13.946622266633845
Technology,12.29913247507909
Healthcare,9.888386239871505
Industrials,6.128178556166691
Consumer Defensive,5.412939071614201
Utilities,4.288523539369076
N/A,3.0804287892394626
Energy,1.9645191208636208
