Communication Services,51.23634157142
Technology,19.87634946268808
Industrials,14.624352477666097
Basic Materials,13.014374257607829
Financial Services,9.429803222042732
Healthcare,9.104424389011701
Real Estate,7.407400139656377
N/A,3.753895433931969
Energy,3.032162405500088
Consumer Cyclical,1.2234960815592637
Consumer Defensive,1.0988187371431575
Utilities,0.9085070776798257
