Consumer Defensive,696.6723671087614
Industrials,534.8879145330453
Financial Services,66.78693352317629
Healthcare,19.045661380056284
Technology,18.328907293699245
Energy,15.2661998373562
N/A,14.47049728263977
Basic Materials,12.811320416459512
Utilities,11.372254766111265
Communication Services,9.509922643993631
Real Estate,6.971724796531686
Consumer Cyclical,-12.335960782649574
