Communication Services,9.377763719278738
Energy,7.416434658613204
Industrials,5.158018741659196
Technology,4.183383156262588
Financial Services,2.487611629850475
N/A,2.465010599338624
Real Estate,2.1261435024021105
Basic Materials,2.0680108088629297
Healthcare,1.8292311001299302
Utilities,1.5874584626963293
Consumer Cyclical,-0.33054068267079345
Consumer Defensive,-0.6251552589377436
