Artificial Intelligence,115.77038100241151
Healthcare,6.568509400052815
Consumer Defensive,5.1337507855770435
Technology,4.37371889658681
Energy,3.7526681222639064
Industrials,2.714665057305555
Space,1.8730697384431525
Real Estate,1.163291421383029
Communication Services,-3.562178001233139
Financial Services,-3.716116252086245
Consumer Cyclical,-6.960316945532324
Utilities,-7.610164374352908
Basic Materials,-11.095485857546834
N/A,-11.671602466414669
