Consumer Defensive,36.14603778334804
Technology,14.098512765414618
Consumer Cyclical,6.865729980924624
Industrials,6.553932191535183
Healthcare,6.261958748531476
Communication Services,6.183433304867531
Financial Services,4.676970515790954
Utilities,4.609143402525855
Basic Materials,2.335991842523298
Real Estate,0.23730286970125128
Energy,-1.2816566611285631
N/A,-5.249060932339408
