Artificial Intelligence,40.887580560088686
Basic Materials,29.264345700653497
Industrials,12.19593826255532
Consumer Defensive,8.622267368079369
Consumer Cyclical,7.755950144194905
Healthcare,4.853740259538322
N/A,1.3702480778086579
Technology,-7.964907267381298
Energy,-12.470977055866175
Financial Services,-13.8577486505661
Communication Services,-20.380694980192175
Utilities,-24.6377218599718
Real Estate,-31.342024410016418
