Consumer Defensive,406.6688401188959
Industrials,310.0057137811515
Consumer Cyclical,273.36332142443894
N/A,18.032809182726357
Basic Materials,12.34360471008105
Healthcare,12.189258701896643
Communication Services,11.692118862661713
Real Estate,9.34314903882716
Technology,8.601606314527828
Financial Services,5.650099235357035
Energy,2.5177375741399164
Utilities,2.4673927782003195
