Communication Services,484.43295057969266
Real Estate,261.61193878507714
Industrials,138.1523076980291
Healthcare,65.66284150041177
Financial Services,61.08860215345881
Technology,50.39914503925193
Utilities,42.77615620844153
Basic Materials,37.073876006938484
Consumer Cyclical,19.97477992310675
Energy,16.34663588116118
Consumer Defensive,6.272819478344288
N/A,5.6333199750851195
