Communication Services,599.024622703011
Real Estate,189.083607711024
Industrials,83.09425473354106
Healthcare,73.82118360908919
Utilities,71.7855934179111
Financial Services,58.830731238536835
Basic Materials,54.71169655010866
Technology,54.50442651239958
Energy,32.323504577660955
Consumer Cyclical,21.31484721434979
N/A,19.3399844714449
Consumer Defensive,18.591122784561733
