Communication Services,15.507018785108388
Basic Materials,11.955134718755694
Financial Services,5.124298669488675
Healthcare,4.869595313438912
Technology,4.717821846381834
Consumer Cyclical,1.8268297178859374
Industrials,1.533718214008152
Utilities,1.3056172953573375
Consumer Defensive,1.2807566224436475
Real Estate,0.6780510363227678
Energy,-0.04895993264241542
N/A,-3.8073543579578475
