Consumer Defensive,697.3928616404636
Industrials,544.2001836198502
Financial Services,68.6863812516391
Healthcare,19.045661380056284
Technology,17.03788003714908
Energy,15.92986362574945
N/A,15.414164548869827
Basic Materials,12.811320416459512
Utilities,11.419639497996476
Communication Services,7.066129723053187
Real Estate,7.06496009108302
Consumer Cyclical,-12.42864119917694
