Communication Services,153.4969677471229
Financial Services,43.334191969073025
Real Estate,42.317451297570734
Utilities,36.429583264663364
Technology,25.63281751134765
Basic Materials,24.234824812413994
Energy,21.545196752499358
Industrials,15.64356499442719
Healthcare,13.130520420805524
N/A,7.104819772093178
Consumer Cyclical,6.986179483008743
Consumer Defensive,-1.7396407550951705
