Financial Services,6.443375531831159
Industrials,4.8448986485042305
Healthcare,3.298113757862227
Basic Materials,2.0410593967694233
Communication Services,1.1505168228914058
Real Estate,0.5477257807438696
Energy,0.2385730912845192
Consumer Defensive,-0.5086011483271133
Utilities,-1.378827915823778
Technology,-1.4281843761872826
N/A,-3.9064398464855064
Consumer Cyclical,-5.272319292146969
