Communication Services,196.3677453519062
Real Estate,109.90529670020298
Technology,39.57886944325938
Healthcare,23.301208405184372
Industrials,19.237283848110135
Basic Materials,16.26929547931409
Utilities,11.290612221454886
Consumer Cyclical,7.456143118990396
N/A,6.346548288284884
Financial Services,4.36081096353318
Consumer Defensive,3.6622161654290726
Energy,0.07063403559827831
