Communication Services,3767.86635806381
Utilities,25.681850238406195
Financial Services,25.061080110513146
Technology,21.121838475916196
Basic Materials,15.986438360885606
Industrials,15.05202045847102
Energy,12.600645515917625
Healthcare,12.526409454337832
Consumer Defensive,11.97517883282585
N/A,6.260819511136676
Consumer Cyclical,5.579554413011319
Real Estate,3.687798597882311
