Consumer Defensive,434.4731032948588
Industrials,353.88441236695394
Consumer Cyclical,283.2777907321935
Healthcare,19.239658055826133
Communication Services,9.478762153705755
Financial Services,6.121696107946437
Basic Materials,6.084466431589458
Real Estate,4.62763937658815
Technology,3.756291173588723
Utilities,2.3628780278448405
N/A,1.3643607539916214
Energy,0.22522632154699604
