Consumer Defensive,8.940982748707274
Healthcare,8.401315931232695
Energy,6.939326096286291
Consumer Cyclical,5.23804933202535
Financial Services,1.8364401709374607
Communication Services,1.7080092442000956
N/A,0.4521729812168541
Real Estate,-5.149598913547306
Utilities,-5.74395753251935
Technology,-8.822090673884839
Basic Materials,-15.648912341605268
Industrials,-20.784489458734065
