Artificial Intelligence,11.44252368585415
Energy,7.330896150465414
Industrials,5.585319698921777
Basic Materials,5.461538855351787
Consumer Defensive,3.7940487608031486
Utilities,3.1168871668805167
Healthcare,1.8923333254825796
N/A,0.49006859418241194
Real Estate,-0.4344892916287483
Consumer Cyclical,-1.1777946327616506
Financial Services,-5.537356273868729
Communication Services,-5.984116464647767
Technology,-6.820487278386104
