Communication Services,170.27670385885182
Real Estate,42.18155565149952
Industrials,27.58477238660318
Healthcare,20.67922170653016
Basic Materials,16.157676580107125
Utilities,14.912518050409522
Technology,12.65493379679723
Financial Services,12.240171900287077
Energy,12.15540970498757
N/A,6.884662814211319
Consumer Cyclical,5.295684364582132
Consumer Defensive,-0.19116776015359183
