Artificial Intelligence,115.77038100241151
Technology,17.95542410266177
Communication Services,8.308209843660261
Healthcare,4.3401757485796155
Financial Services,4.128625311897227
Industrials,3.865509662317426
Consumer Defensive,1.6574630358910294
Consumer Cyclical,1.5007572421199424
Utilities,0.4704174413841205
Energy,-0.02062676842619065
Basic Materials,-0.2600737359687076
N/A,-0.773142289754659
Real Estate,-1.7856625648315192
