Communication Services,16.711000436017244
Industrials,14.573721033890255
Healthcare,13.84439039120739
Energy,13.222058575511427
Basic Materials,12.394606363183124
Technology,6.887329663413425
Utilities,6.818955804585799
Consumer Defensive,6.516806049860216
Real Estate,4.009270976792846
Financial Services,3.4098692691100805
N/A,2.576943576744987
Consumer Cyclical,-3.618291802359446
