Financial Services,52.06106213772491
Utilities,34.72185736642675
Technology,32.91419017895178
Healthcare,32.24932471108625
Industrials,26.916058421340672
Consumer Defensive,24.60424543983937
Consumer Cyclical,21.990289163936932
Communication Services,15.963033601053912
N/A,7.07289725164207
Basic Materials,2.7750856557052113
Energy,0.5672776861926064
Government and Military,0.0
Real Estate,-4.51296362111682
