Communication Services,34.911097672667026
Technology,3.402068559271039
Basic Materials,2.36814813819061
Energy,2.191611492645424
Financial Services,2.101263495445115
Industrials,0.38087504062754934
Utilities,0.2852435313701612
Healthcare,-0.5565431545902666
Real Estate,-1.3099829376754872
Consumer Defensive,-2.166689330644718
N/A,-2.583933260407576
Consumer Cyclical,-3.9652955363740827
