Communication Services,12.564068105529762
Energy,8.244310332009704
Financial Services,5.60085756003598
Industrials,4.673903282529503
Technology,4.587294691046134
Healthcare,2.0735721644602902
Basic Materials,1.8707806414699437
Real Estate,1.8220343731268178
N/A,1.6093148452418928
Utilities,1.565827068503604
Consumer Cyclical,-0.20627502498299727
Consumer Defensive,-0.6556060407400773
