Consumer Defensive,889.1972240701327
Financial Services,50.77770160381642
Communication Services,20.34293876526386
Technology,18.41331208811632
Basic Materials,15.363021523865946
Industrials,14.801755203156418
Healthcare,14.54715620769516
Energy,10.447804343866048
N/A,8.953871040596212
Consumer Cyclical,7.840426127224131
Utilities,7.5178913323013585
Real Estate,2.9742620371654205
