Consumer Defensive,3359.926001705591
Industrials,1317.1004197785696
Financial Services,408.15044853238646
Utilities,76.91200794217492
Technology,64.63106610755541
Energy,52.658108892822135
Communication Services,44.02989708134575
Basic Materials,32.283773879030306
N/A,31.53111290140209
Real Estate,14.278128925850135
Healthcare,14.196541365211777
Consumer Cyclical,-56.04377926738468
