Consumer Defensive,-4.9011285414912
Utilities,-6.656385069849291
Basic Materials,-8.633395011565247
Real Estate,-9.165188421182325
Consumer Cyclical,-9.605293298400982
Financial Services,-12.100259724149065
N/A,-13.014641173763229
Healthcare,-13.3477116298829
Communication Services,-13.530426408524313
Industrials,-13.923909299512202
Energy,-17.150109458789576
Technology,-18.155543914713896
