Consumer Defensive,6.135725762107735
Basic Materials,-3.5106830782591505
N/A,-4.001380332288213
Communication Services,-5.918018006707299
Financial Services,-6.635454081454346
Industrials,-8.62441037365993
Consumer Cyclical,-10.065118522758567
Real Estate,-11.276397610258632
Technology,-14.105749558810254
Healthcare,-14.885353478554851
Energy,-17.977366402421087
Utilities,-18.027813632893306
