Financial Services,324.0903239636104
Industrials,94.75545141928109
Real Estate,41.72821651762154
Utilities,24.94245849250074
Healthcare,24.599102476456032
Basic Materials,14.078868836652711
Energy,7.196031177902833
Consumer Cyclical,4.826914442538912
Technology,4.688097719609225
N/A,4.681738607410911
Communication Services,4.5682167147418085
Consumer Defensive,-7.770902004653157
