Communication Services,197.08868706518368
Industrials,45.347252785390516
Real Estate,33.29605245219456
Technology,31.86405524362053
Healthcare,23.84461110534244
Utilities,17.434877348312455
Financial Services,15.415275880115264
Basic Materials,13.107053410184124
Energy,11.771161212523705
Consumer Cyclical,8.51345292781578
N/A,5.370747354712182
Consumer Defensive,3.337610475302815
