Communication Services,442.2268880187234
Industrials,33.9949152709142
Real Estate,22.61540142327405
Healthcare,20.584241241342447
Technology,19.027818032297194
Financial Services,13.79912593373943
N/A,9.603519480196121
Basic Materials,9.140845238681168
Consumer Defensive,6.292384143951411
Energy,5.915825790582125
Consumer Cyclical,5.058565893439409
Utilities,2.350095837705029
