Communication Services,33.315374373103545
Basic Materials,16.44232922410581
Financial Services,2.550624000421778
Industrials,-1.775181637389748
Utilities,-2.4070430134752896
Consumer Defensive,-2.757042496362828
N/A,-4.645911113710192
Healthcare,-6.593355623411591
Real Estate,-7.305901005008866
Technology,-9.739933211121619
Energy,-9.95025205830466
Consumer Cyclical,-11.305187262386093
