Communication Services,1331.6725078476034
Real Estate,176.96939272332958
Industrials,119.68471870039741
Healthcare,60.458466107685034
Financial Services,46.823668100469135
Technology,43.960837568304854
Energy,30.136045467364585
Basic Materials,25.261826711667776
Utilities,20.04159924450439
Consumer Cyclical,11.694668724426155
Consumer Defensive,6.349518854655847
N/A,2.047371659919068
