Communication Services,3.307977691900163
Industrials,3.288328500030059
Consumer Defensive,0.5952125819456509
Basic Materials,-0.7884285023486067
Technology,-1.0209957999060841
Real Estate,-1.2578194897005892
N/A,-1.4082456183991283
Healthcare,-1.958560287436252
Financial Services,-2.6173499883156124
Utilities,-4.526767261259774
Consumer Cyclical,-4.662749477422368
Energy,-4.755237147677542
