Communication Services,175.70032884044153
Real Estate,98.68299396997047
Energy,15.547536865665032
Basic Materials,12.995230472594733
Technology,11.090732795105007
Utilities,8.395137099161776
Consumer Cyclical,6.575297655340444
Healthcare,5.57515266570204
Financial Services,4.673684036787184
Industrials,4.062896339280522
Consumer Defensive,3.605093300531389
N/A,2.8062794562167968
