Artificial Intelligence,19.69876900392362
Basic Materials,9.346257892521425
Industrials,8.047058471891738
Consumer Defensive,4.241371469096901
Energy,3.353934006692195
Consumer Cyclical,2.0687669214675006
Healthcare,0.9130119874117044
Real Estate,-0.18609864605632373
Utilities,-0.9861086538361711
Financial Services,-2.1674633906334737
Technology,-4.849427299998781
Communication Services,-4.903594353390183
N/A,-10.618691495203292
