Communication Services,44064.693453159416
N/A,606.7030527263761
Industrials,428.1136331733506
Consumer Cyclical,74.61290916608274
Financial Services,20.214014075621552
Utilities,19.239133632855815
Energy,16.157620777673774
Basic Materials,13.665312728178401
Real Estate,10.43147351701631
Technology,7.5523871952107955
Consumer Defensive,6.8864800191041295
Healthcare,2.848682825018814
