Communication Services,153.04747323597013
Industrials,25.81417357211104
Real Estate,22.98068733195731
Technology,20.392279109347154
Healthcare,13.16529816495916
Basic Materials,9.852854690291759
Financial Services,9.832415745112812
Energy,8.66938424868354
Consumer Cyclical,6.955957636269873
N/A,4.214180613590488
Utilities,1.6269572506360024
Consumer Defensive,-0.30868635622492185
