Financial Services,17.14224307560608
Technology,16.851706406090457
Communication Services,13.137806580982014
Industrials,12.81550429167938
Basic Materials,11.61336939304032
Healthcare,11.512734698810112
Consumer Cyclical,8.628849754823001
N/A,4.438821391386082
Utilities,1.3576023435328763
Consumer Defensive,0.03683664370050423
Real Estate,-8.319088414115356
Energy,-9.529268388487118
