Communication Services,624.5027247712653
Real Estate,329.8465599514102
Industrials,141.0406922721284
Utilities,74.27427864617106
Financial Services,60.73574226399178
Technology,59.967511931560736
Healthcare,57.58884748365489
Consumer Cyclical,42.54128412815719
Basic Materials,41.686985774676785
Energy,25.966660976611053
N/A,7.226331118812469
Consumer Defensive,-3.2554948372071686
