Financial Services,5.347529795217109
Industrials,4.323915256231453
Healthcare,3.063297691061325
Communication Services,2.2863541481265264
Basic Materials,2.0410593967694233
Energy,0.18967656281842193
Real Estate,-0.9788089762634401
Technology,-1.152889192685186
Consumer Defensive,-1.3442878306940487
Utilities,-1.3890168839487036
N/A,-2.6416451675287336
Consumer Cyclical,-4.240685087251609
