Consumer Defensive,748.3119332753412
Industrials,487.345162321747
Consumer Cyclical,419.7908878760173
Financial Services,87.18804770390851
N/A,13.379155258641248
Healthcare,13.141372470832776
Basic Materials,12.647146636835751
Technology,11.39682854697232
Utilities,6.421338132289469
Communication Services,6.130694380521126
Energy,3.66846503963525
Real Estate,3.111661806145073
Artificial Intelligence,-0.005323286988671148
