Financial Services,337.2087210702616
Industrials,87.95223464325271
Healthcare,21.23261744030036
Utilities,17.915233207134644
Real Estate,16.570921795988717
Basic Materials,14.672111148930307
Consumer Cyclical,10.588497575341165
Technology,2.75083393861034
N/A,0.8995911490558935
Consumer Defensive,0.11877547627777174
Communication Services,-0.09732122597638365
Energy,-0.7220114131380356
