Communication Services,758.5123080419894
Real Estate,359.44413436108397
Industrials,139.79234567956382
Financial Services,72.29080054127246
Technology,65.31247351079938
Healthcare,55.77465399681444
Basic Materials,30.9175820526648
Utilities,24.72938896177134
Consumer Cyclical,24.144248765733906
Energy,7.638967418687288
N/A,6.920090634702525
Consumer Defensive,4.805693004877447
