Financial Services,323.7183419460328
Industrials,179.38910730078334
Basic Materials,23.74646182426107
Healthcare,19.322070266634668
Utilities,17.49997588240471
N/A,14.644814225324433
Consumer Defensive,10.608903828201296
Communication Services,2.415655556486473
Consumer Cyclical,1.7863893156432584
Energy,0.5880903528092164
Technology,0.2337740449560554
Real Estate,-3.95748778835535
