Consumer Defensive,57.77084168944214
Consumer Cyclical,36.268164287351766
Healthcare,8.868277472839805
Energy,7.323111664872354
Technology,5.75206757462664
Communication Services,5.407538891674999
Financial Services,3.272488550638095
Utilities,2.086063815606887
Real Estate,1.0518411694674035
N/A,-2.593394736089142
Industrials,-4.120200565137739
Basic Materials,-5.312867458053174
