Communication Services,153.04747323597013
Industrials,25.81635787033416
Real Estate,23.55485001391502
Technology,20.279490680070694
Healthcare,13.616764538857108
Basic Materials,10.096469022218864
Financial Services,9.832813399111446
Energy,8.66938424868354
Consumer Cyclical,6.955873768067572
N/A,4.225426978221043
Utilities,1.6269572506360026
Consumer Defensive,-0.3083017745334004
