Consumer Defensive,74.78662211026555
Technology,9.39058736890195
Consumer Cyclical,3.826129225470729
Financial Services,3.5639621547194875
Healthcare,3.449105651166461
Communication Services,3.38005702883386
Real Estate,3.1270554583365135
Utilities,2.6570602143431534
N/A,1.8476824417575421
Industrials,1.042985926967607
Basic Materials,-0.03743955452701549
Energy,-11.434820115587947
