Consumer Defensive,788.1099494102494
Financial Services,65.03866269671683
Communication Services,24.8716784218013
Technology,24.058925035735275
Basic Materials,20.856143445925536
Industrials,19.67323745482385
Healthcare,16.16047460706935
Energy,13.793775615438252
Utilities,12.53086915666684
N/A,10.773929963865022
Consumer Cyclical,9.082852616489768
Real Estate,3.0519687313372814
