Communication Services,20.773356767460395
Basic Materials,19.91442561077827
Industrials,17.435763218141012
Real Estate,15.072333193984138
Healthcare,14.095931612752182
Consumer Cyclical,9.063513855151903
Technology,8.544985774816139
Financial Services,2.91962232393977
N/A,0.6358639302558897
Consumer Defensive,-1.4421260715754982
Energy,-4.252037591294035
Utilities,-5.164109498910707
