Artificial Intelligence,19.69876900392362
Basic Materials,9.286914242095976
Industrials,7.66049261199478
Healthcare,4.080505462018486
Consumer Defensive,2.9316393571943262
Energy,2.5984019033125825
N/A,1.0675297951971734
Utilities,-0.9826902697805634
Consumer Cyclical,-1.073902010701304
Real Estate,-2.5201080171612857
Financial Services,-4.145052791736688
Communication Services,-4.452629986939603
Technology,-5.110591049286287
