Consumer Defensive,5.306351024850378
Basic Materials,2.0812482558710985
Industrials,1.5503649688910677
N/A,-1.580407896422961
Financial Services,-1.7424522123375412
Communication Services,-2.444531217455379
Technology,-3.318782976581602
Real Estate,-3.507453355911987
Healthcare,-5.691217567560693
Utilities,-6.1340544947919335
Consumer Cyclical,-8.151129961900905
Energy,-10.883005227430994
