Communication Services,14899.425345679607
Industrials,130.65933234760016
Consumer Cyclical,32.43187818093649
Technology,19.221061400754078
Financial Services,18.78437209143853
N/A,16.562539747390367
Energy,11.27842358980033
Utilities,8.777885320939177
Basic Materials,7.328317766936249
Consumer Defensive,2.8195337201379806
Real Estate,1.1873340344822723
Healthcare,1.1708132639099873
