Communication Services,536.3084960617199
Real Estate,274.3700460769128
Industrials,95.92717499917512
Financial Services,65.48942716780809
Healthcare,63.27707707099958
Technology,50.341851839576236
Utilities,40.8482339764083
Basic Materials,37.14060768603056
Energy,35.765744466162715
Consumer Cyclical,16.27061287909048
N/A,8.518760828994004
Consumer Defensive,0.8485035881241554
