Consumer Defensive,706.3338636196936
Industrials,548.776572912389
Financial Services,71.1567098225464
Healthcare,19.045661380056284
Technology,17.70125901774084
Basic Materials,14.234929058672607
N/A,13.081271471924326
Energy,12.18007948808124
Utilities,11.419639497996474
Communication Services,9.588426893443106
Real Estate,7.06496009108302
Consumer Cyclical,-7.133291397913681
