Consumer Defensive,787.9732343674367
Industrials,370.1711658076308
Financial Services,104.13439386440318
Technology,25.011301281896774
Utilities,16.050414269434736
Energy,12.925544103172996
Communication Services,12.191598370830066
Basic Materials,9.36950815625805
N/A,8.45545224353432
Healthcare,5.248615609296107
Real Estate,4.910835652261992
Consumer Cyclical,-15.206446408235115
