Communication Services,4950.228042803361
Real Estate,267.66762539426503
Industrials,106.12060569813255
Utilities,74.53725541129347
Technology,65.70610022106608
Financial Services,63.60166352298021
Healthcare,62.55499017256335
Basic Materials,38.854438815235056
Energy,24.41717627638479
Consumer Cyclical,13.582925795498996
N/A,7.151379751279088
Consumer Defensive,3.9098887192124616
