Communication Services,12.329137191305385
Energy,12.184444855287456
Healthcare,11.510753208332067
Industrials,8.144184450781948
Basic Materials,5.102502407148382
Consumer Defensive,4.898794697099188
Utilities,3.8571137641959234
Technology,3.4054072951554413
Financial Services,2.7628379890384447
Real Estate,1.4817732828760544
N/A,0.966874650676444
Consumer Cyclical,-3.559365742104027
