Financial Services,45.67531691111935
Industrials,43.85858052675019
Utilities,32.860063397845344
Basic Materials,31.561760502184338
Technology,30.21553919886475
Communication Services,20.0662792605458
Energy,13.574058614421116
Consumer Defensive,8.82292252619701
Healthcare,8.290324748847333
Software,0.026318297160987752
Real Estate,-0.7586527289416704
N/A,-8.414606752134606
Consumer Cyclical,-67.53896995272467
