Consumer Defensive,8.940982748707274
Healthcare,8.913840118425378
Energy,8.768079164962385
Consumer Cyclical,3.2999670488149557
Communication Services,2.0338099830613734
Financial Services,0.17852244570676193
N/A,0.12260342920252576
Real Estate,-5.149598913547306
Utilities,-5.74395753251935
Technology,-7.196217496218825
Basic Materials,-15.648912341605268
Industrials,-21.30120517862876
