Communication Services,12.381010546820763
Basic Materials,9.815966676157775
Financial Services,7.8437581854847505
Utilities,0.9570599553733286
Consumer Defensive,0.38886681548913726
Real Estate,-0.21458782799833198
Healthcare,-0.5418587075362086
Technology,-0.6669480336634804
N/A,-1.2177112125731429
Industrials,-2.644324750424984
Energy,-3.0482244433439303
Consumer Cyclical,-4.803888795981681
