Communication Services,547.6059540237632
Real Estate,288.9599474735954
Industrials,134.3113978961417
Healthcare,61.24224923842436
Financial Services,52.775401319021505
Technology,44.722585660632305
Basic Materials,32.63348769404335
Consumer Cyclical,19.925455638370277
Utilities,17.48933890882747
Consumer Defensive,13.051034941313759
Energy,12.612202585603777
N/A,6.2684551729641695
