Consumer Defensive,4.766478549700693
Basic Materials,0.42582064742889875
Industrials,0.14646773091781165
Communication Services,-0.0726808987626251
Financial Services,-2.416371510313537
Real Estate,-2.4787746767036785
N/A,-2.493207767051928
Utilities,-4.25983448546163
Technology,-4.584460642550662
Consumer Cyclical,-5.4957761125975715
Healthcare,-7.1070149588542835
Energy,-9.795574761352167
