Financial Services,51.22103282995803
Utilities,34.72185736642675
Healthcare,33.734802160427776
Technology,31.468762475464228
Industrials,26.00921790550258
Consumer Cyclical,21.16474548642461
Consumer Defensive,17.83364109132242
N/A,16.916081947860054
Communication Services,16.78557026030168
Basic Materials,1.8616009466260106
Energy,0.7622709514030094
Real Estate,-4.31341171850148
