Consumer Defensive,3128.73714849089
Industrials,1669.3182808971685
Consumer Cyclical,1415.5101846365337
Financial Services,400.6362780799616
Utilities,46.321631602599176
Healthcare,37.43742694051963
Basic Materials,34.120805945905495
Technology,29.298660120715624
Communication Services,28.072185286672486
Real Estate,25.767966849597048
N/A,18.89257462929726
Energy,15.004829594786527
Artificial Intelligence,-0.010646573977342297
