Financial Services,311.5947051700496
Industrials,111.40272860649023
Healthcare,25.745734624049188
Utilities,21.889225730895525
Basic Materials,18.93021636075995
Energy,5.505172109731226
Technology,4.866341640477158
N/A,3.2401337775722823
Consumer Cyclical,3.1621435627922563
Communication Services,3.1618712165576985
Real Estate,-1.6321410935222938
Consumer Defensive,-2.2552079536915723
