Communication Services,1213.992722844376
Industrials,39.05544976186149
Real Estate,32.2677320142384
Technology,27.06935518073933
Healthcare,24.34318726389232
Financial Services,23.04501678663804
N/A,20.899962776544083
Basic Materials,15.981157471675964
Utilities,15.281787722687449
Energy,9.182467843155788
Consumer Cyclical,4.666988549600855
Consumer Defensive,1.6565607260454556
Artificial Intelligence,0.0
