Consumer Defensive,8.400610480749501
Basic Materials,5.863291956203435
Financial Services,5.138327816055362
Real Estate,4.0443771157753545
N/A,2.8872445828481728
Healthcare,1.4721620313341048
Consumer Cyclical,-0.00018217384043397702
Utilities,-2.355107314176537
Industrials,-3.304178433661801
Technology,-3.358222298564588
Energy,-3.4548451269388765
Communication Services,-4.233726031803465
