Financial Services,27.52693923682952
Technology,23.23277460612914
Industrials,21.41160830951819
Healthcare,18.559453286004352
Energy,17.60624252967019
Basic Materials,17.37299395050541
Communication Services,13.190655993317034
Utilities,11.026472315846513
N/A,6.542063310743393
Consumer Defensive,4.160584939412336
Real Estate,2.6531889152955106
Consumer Cyclical,-12.37059211783816
