Communication Services,141.5836601969653
Healthcare,45.61257862744658
Basic Materials,39.299635260017325
Utilities,24.734381041301
Energy,23.21801606926554
Real Estate,19.79361197579046
Technology,15.158258468454495
Industrials,14.360402619236417
Financial Services,10.55814855443401
Consumer Cyclical,0.8345148567061185
N/A,-4.615719405033185
Consumer Defensive,-6.446626571576245
