Communication Services,205.56007728674646
Real Estate,179.01120104209605
Healthcare,45.2982369471524
Basic Materials,38.53251686260702
Utilities,33.138434270756186
Energy,27.576677287491478
Financial Services,20.718483819709054
Industrials,15.48757291345181
Technology,9.773123449710372
Consumer Cyclical,-5.273452856413829
N/A,-7.440882264882516
Consumer Defensive,-20.566387567374765
