Communication Services,30.74725065436177
Basic Materials,4.833980358051163
Industrials,-2.598450692305501
Financial Services,-2.8402121269795737
N/A,-3.926287377793236
Consumer Defensive,-4.968693968528829
Real Estate,-5.015291375716867
Healthcare,-6.159530337743135
Utilities,-8.687999835912345
Technology,-9.22791537681133
Energy,-13.045155550081939
Consumer Cyclical,-17.791614340735492
