Financial Services,116.010083721333
Technology,20.861701662722066
Industrials,17.76896934327463
Basic Materials,13.75241973861205
Utilities,12.318827454339242
Communication Services,11.067338578593558
Energy,7.444693347923763
Consumer Defensive,6.541310121082842
Real Estate,6.039264026061693
Healthcare,4.7787728838876316
N/A,2.709585814140996
Consumer Cyclical,-4.640975041755637
