Communication Services,35.287707800043925
Real Estate,25.14504211454024
Healthcare,18.154600527644728
Basic Materials,12.537206926051665
Industrials,7.565730152043999
Energy,6.050270582669202
Utilities,3.6049991879276857
Financial Services,2.809746668560887
Consumer Cyclical,2.8047661029893693
Technology,1.914780715792312
Consumer Defensive,-2.938466485623286
N/A,-4.069527954416052
