Artificial Intelligence,58.318334159253105
Technology,43.047105118924065
Energy,23.924503125412613
N/A,14.754724733295168
Consumer Defensive,12.782941361354737
Real Estate,12.409297100731397
Healthcare,12.339020658050675
Financial Services,10.376673233918726
Industrials,6.365602179210609
Utilities,3.826450564111832
Consumer Cyclical,-3.2265252322897284
Basic Materials,-4.775241526947054
Communication Services,-5.689183897398087
