Consumer Defensive,3353.792318985261
Financial Services,141.46034015474464
Communication Services,71.88078891277354
Energy,69.1568352863264
Industrials,67.94799107118801
Utilities,61.26248199907183
Technology,60.96795947419869
Basic Materials,60.43798971644882
Healthcare,34.33677152302739
Consumer Cyclical,30.455957311228254
N/A,22.25174303585506
Real Estate,2.9503692845324387
