Communication Services,163.77769223171066
Real Estate,70.93941944275831
Technology,19.35578528401123
Basic Materials,18.412427908007757
Energy,15.192098449146377
Utilities,14.646431884584322
Financial Services,12.76023285518271
Industrials,9.753012368347663
Healthcare,8.434259524194754
N/A,4.966665568002501
Consumer Cyclical,4.677763072613212
Consumer Defensive,-0.8520459980811054
