Communication Services,5.3658820427874785
Consumer Defensive,5.339033831553095
Real Estate,3.9426632592378135
Healthcare,3.851196270401145
Technology,2.262184937398197
Consumer Cyclical,-3.317006405244525
Financial Services,-3.408990979107012
Basic Materials,-5.595252374024093
Utilities,-7.899979530252628
Energy,-8.72780798333412
N/A,-9.74427505583686
Industrials,-14.012902323591252
