Communication Services,5.347095276404082
Financial Services,2.765850127583729
Consumer Defensive,-0.40418042220940964
Energy,-0.943049830083796
Technology,-1.480488512598598
Healthcare,-2.021855564540353
Real Estate,-2.6194010052378838
Industrials,-4.680601615422054
N/A,-5.559844046380558
Consumer Cyclical,-9.351263902297738
Basic Materials,-9.35637470342749
Utilities,-10.15859084208863
