Communication Services,37.09779350269874
Basic Materials,17.532355187160878
Healthcare,-3.798776852134923
N/A,-6.40725961262922
Consumer Defensive,-12.856342246583823
Financial Services,-13.879938516786417
Real Estate,-13.937684786112598
Utilities,-20.02646617191534
Industrials,-23.39764313463168
Technology,-24.16813224883134
Energy,-28.46917499847094
Consumer Cyclical,-28.89018298397492
