Consumer Defensive,437.4560072691618
Industrials,295.0222217214258
Consumer Cyclical,226.89663175289067
Financial Services,78.38084070466851
Utilities,9.547419962292354
Healthcare,8.210982375753899
Technology,5.993963391560157
Real Estate,3.173430298301095
Communication Services,3.0032604390556963
N/A,1.2982451336518106
Energy,0.9051924927278445
Basic Materials,-1.9871332855193438
,-45.541023024205316
