Consumer Defensive,42.32257001711986
Communication Services,28.847247166399054
Energy,17.105159209171987
Basic Materials,7.146790278170377
N/A,-4.034793273818947
Industrials,-4.448358026395478
Healthcare,-7.443993203312118
Financial Services,-7.950395943754822
Real Estate,-11.931684861653535
Utilities,-11.95451314688584
Consumer Cyclical,-12.312714770323266
Technology,-14.012958712226588
