Consumer Defensive,683.7440040075944
Industrials,354.1928105577074
Healthcare,18.074657553388068
Technology,17.862667281028312
N/A,16.973958282446812
Energy,13.476114607468288
Financial Services,12.562761312264604
Basic Materials,11.4501419936765
Communication Services,9.775539290603431
Utilities,8.199743434007873
Real Estate,3.7497564866493542
Consumer Cyclical,-6.396471475856618
