Communication Services,133.2201301594573
Industrials,29.99000679625659
Real Estate,23.623627158283035
Technology,23.59304659478626
Basic Materials,15.309267546156917
Healthcare,13.93420479084803
Consumer Cyclical,9.753666818945002
Utilities,8.999598683257467
Financial Services,7.613494357379968
Energy,7.388335290097283
N/A,3.9918192646793793
Consumer Defensive,-1.1592376160744107
