Consumer Defensive,3331.879443387379
Financial Services,82.76714970097223
Communication Services,26.81332022323407
Healthcare,21.553962046806017
Technology,13.040278708838825
Industrials,12.950436316810627
Basic Materials,8.688360494737218
Consumer Cyclical,5.478055713963081
Energy,5.348292376947151
Real Estate,4.934576544103772
N/A,4.690278446662698
Utilities,3.872989078110364
