Consumer Defensive,798.7772568146008
Industrials,590.1093870573789
Consumer Cyclical,456.5214998408732
Healthcare,24.525136444851896
Real Estate,18.8673440707597
Basic Materials,15.075584402654231
Technology,10.285044499400984
Financial Services,10.248027573695675
Energy,8.835236096250537
Communication Services,8.219201764995464
N/A,8.068869282726727
Utilities,4.720503400987948
