Communication Services,19.673316143087586
Basic Materials,5.093431406726934
Utilities,-0.6886254862255603
Real Estate,-1.1663012282762377
Consumer Defensive,-1.5565286856081662
Healthcare,-1.6870736701621498
Financial Services,-3.560477244673838
N/A,-3.822625304418549
Industrials,-4.354581002339277
Energy,-6.853583153450484
Consumer Cyclical,-8.556979065152687
Technology,-9.37050398751664
