Communication Services,9861.059671073386
N/A,1438.9396226152335
Industrials,122.25972784343881
Consumer Cyclical,31.238386315829853
Technology,24.815903721139218
Financial Services,18.449163224482266
Energy,9.207717052095374
Utilities,8.400310091794674
Basic Materials,5.539600299974558
Consumer Defensive,4.400905638814105
Healthcare,-0.03885047059138076
Real Estate,-0.29978038298978216
