Communication Services,1064.3495067900249
Industrials,35.783710786649344
Healthcare,24.55420242415418
Basic Materials,20.946117629953346
Real Estate,18.91656030131288
Energy,14.139247552522548
Utilities,12.023312044696773
Technology,9.023928002777366
Financial Services,6.2307351998123774
Consumer Cyclical,1.9658489506159476
N/A,1.403560307797925
Consumer Defensive,-0.490392192755461
