Consumer Defensive,448.4537012016428
Industrials,291.9010171720041
Consumer Cyclical,232.67100618293568
Financial Services,78.38084070466851
Utilities,9.547419962292354
Healthcare,6.984870053356335
N/A,6.134653425290703
Technology,5.169332845545675
Real Estate,3.173430298301095
Communication Services,3.0032604390556963
Energy,0.9051924927278449
Basic Materials,-1.9871332855193438
,-45.541023024205316
