Consumer Defensive,715.7221720156165
Industrials,607.3365322501043
Financial Services,74.21345413921276
Healthcare,21.962844387573043
Technology,14.93942614941727
Energy,14.842188412253037
Utilities,13.265103268128557
Basic Materials,10.346478503423494
Communication Services,9.53693287886547
N/A,1.8505495893797803
Real Estate,-0.033505298803736844
Consumer Cyclical,-15.10992728355205
