Financial Services,9.36167791254099
Basic Materials,3.2920006884595567
Industrials,2.800125984560723
Communication Services,1.324062497395156
Consumer Defensive,-0.3227470314420818
N/A,-0.673302485849428
Real Estate,-0.9833992284311555
Energy,-1.0911505006684468
Healthcare,-2.137711071655381
Technology,-2.8136853574278935
Consumer Cyclical,-3.575177829892678
Utilities,-5.719537521628226
