Communication Services,15.093695259515082
Basic Materials,12.996290389687136
Healthcare,12.084379887325278
Financial Services,6.779219910807055
Industrials,6.193873162848408
Technology,3.80178099516027
Consumer Cyclical,0.8594605168544985
Consumer Defensive,0.450618566718358
,0.0
Real Estate,-0.28264392369945407
Utilities,-0.5472879415810876
Energy,-0.8992196088966292
N/A,-5.847366519886
