Financial Services,9.368467390317967
N/A,3.611600885136255
Industrials,2.8115089945545746
Basic Materials,2.4136102822524244
Communication Services,2.3278002301628455
Consumer Defensive,0.4187113630221093
Real Estate,-1.0054050456220343
Energy,-1.0911505006684468
Healthcare,-2.481501176023271
Consumer Cyclical,-2.832162270292407
Technology,-3.0219767515331295
Utilities,-5.719537521628226
