Communication Services,26.974056752156034
N/A,4.036728738641601
Basic Materials,3.7829759840799633
Consumer Defensive,-6.436893159804689
Industrials,-6.776719473391381
Healthcare,-12.086263531889308
Utilities,-13.051840383039718
Financial Services,-13.11328914115683
Real Estate,-15.074825537220889
Energy,-16.31675062368493
Technology,-17.592995703023085
Consumer Cyclical,-19.764216882190237
