Consumer Defensive,9.66009792273695
Technology,8.580195510619014
Healthcare,4.396728919538885
Financial Services,2.9926186951661644
Consumer Cyclical,2.7893842552907944
N/A,1.48146281039926
Utilities,1.2839356200604373
Real Estate,1.169965726972295
Industrials,0.5033891130773889
Communication Services,-1.1031363722781011
Basic Materials,-1.1225532173209312
Energy,-5.271492686015928
