Consumer Defensive,756.9921237451354
Industrials,583.8227003117337
Consumer Cyclical,478.8923775567268
Basic Materials,20.220888867094978
Healthcare,16.817548023022447
Financial Services,10.764736281838097
Real Estate,9.953776862054465
Communication Services,9.357478091041267
Technology,7.885669295902757
Utilities,3.394986388364193
Energy,2.727431034369984
N/A,-3.2111914125845207
