Communication Services,17.11039992170054
Healthcare,14.149022211679643
Industrials,13.193501768166177
Consumer Defensive,12.280203206665437
Financial Services,8.504645846221626
Consumer Cyclical,7.536025449064875
Energy,6.536006258701697
Technology,5.831901075505636
Utilities,-3.2414242649001657
Real Estate,-4.923568970286453
N/A,-6.918566595404807
Basic Materials,-10.737327159462984
