Communication Services,28.855772674856645
Consumer Defensive,10.54536679719177
Healthcare,7.281841967506331
N/A,3.691947579091549
Technology,3.2789490251022593
Real Estate,2.669027108534723
Consumer Cyclical,1.9140199493574712
Financial Services,0.8201548840499394
Utilities,-0.7837505147944575
Energy,-1.106893447516435
Industrials,-1.453086544499776
Basic Materials,-8.185726151509515
