Consumer Defensive,764.4564939135889
Financial Services,61.97150069175274
Technology,25.375652087017777
Communication Services,24.500639522710188
Industrials,20.204317330712925
Basic Materials,19.487323796440965
Healthcare,16.277799775597543
Energy,14.212902183577977
Utilities,12.53086915666684
Consumer Cyclical,9.162124960520536
N/A,7.2666256730423795
Real Estate,2.091011677821454
