Consumer Defensive,30.7474619496244
Technology,30.165473254080563
Industrials,29.639789458901987
Utilities,24.5862833541036
Financial Services,22.904946226967443
Consumer Cyclical,17.55797180856052
Healthcare,15.504866796813753
Basic Materials,9.604646904807149
Communication Services,7.609088296697171
Energy,7.5309332593297045
Real Estate,7.109470299068926
N/A,-4.038109542837698
