Communication Services,442.4773488353948
Industrials,34.10113103366389
Real Estate,22.586409425419568
Healthcare,22.54393627999628
Technology,19.683011392983897
Financial Services,13.828660845955353
N/A,9.655546824138264
Basic Materials,9.259086410774145
Energy,5.915825790582124
Consumer Defensive,4.520612457141892
Consumer Cyclical,4.2731548452671415
Utilities,2.3137881686341415
