Communication Services,178.36758581223745
Technology,55.034841428938876
Real Estate,38.04733783178235
Basic Materials,18.17012440909057
Healthcare,16.491911914851965
Financial Services,10.335791124640602
Industrials,8.490135481247176
Consumer Cyclical,4.824957647983293
Energy,4.235856706576951
N/A,3.5977766607370585
Consumer Defensive,3.322814287177341
Utilities,2.8574033049524656
