Communication Services,687.4988922487676
Real Estate,168.57154026494442
Industrials,134.51642196905766
Healthcare,60.53378566571495
Financial Services,51.53766496177438
Technology,38.733812307070586
Basic Materials,33.84439561511288
Utilities,31.237572761213496
Consumer Cyclical,14.214706983650693
Energy,7.40702924214417
N/A,5.963184668431512
Consumer Defensive,3.851185834370145
