Financial Services,8.345550712013788
Communication Services,4.039335440752826
Basic Materials,3.358969071949445
Consumer Defensive,-3.7852854929226933
Utilities,-5.8130336535472935
Healthcare,-7.246623759751217
Industrials,-7.550097153073343
Real Estate,-9.340349000936351
Technology,-11.404707878972351
Consumer Cyclical,-12.739694298921883
Energy,-14.600759897877166
N/A,-14.93135714496011
