Artificial Intelligence,39.39753800784724
Industrials,27.491921453815287
Basic Materials,21.003274274808028
Consumer Defensive,12.400610473539304
Energy,10.228266836702883
Consumer Cyclical,6.572174412253511
Healthcare,5.256060455382915
Financial Services,-2.7617214776836336
N/A,-6.980866258021968
Technology,-7.689063129117852
Utilities,-8.004558785387557
Communication Services,-20.194146387554238
Real Estate,-49.05405476700223
