Communication Services,1164.9203535585975
Technology,851.2425402164781
Basic Materials,69.46911180877028
Industrials,45.4417753936543
Energy,23.518120097282573
Real Estate,22.084528561394983
Utilities,17.827952385039065
Healthcare,16.481806605525684
Financial Services,10.251408815024432
N/A,7.878470269028254
Consumer Cyclical,2.2956300543244685
Consumer Defensive,-3.735296681558474
