Communication Services,29.37504394043612
Technology,17.558369627500728
Consumer Defensive,12.430824362509988
Healthcare,5.651203300186952
Consumer Cyclical,1.9031660923699267
Real Estate,1.522857982608381
Financial Services,0.20403562805119338
Utilities,-0.7648291310452783
Industrials,-2.6138197191690185
Energy,-3.8072163474192755
N/A,-6.4337957121632305
Basic Materials,-8.317391790263265
