Communication Services,26.682523357821374
Basic Materials,17.636091738489263
Healthcare,16.135298992408345
N/A,13.703478291131383
Energy,5.171557634755358
Consumer Cyclical,4.98065676474172
Utilities,4.283290175683856
Real Estate,4.035749063247976
Financial Services,3.8676603811190975
Technology,3.6394274400228976
Industrials,3.526682539300704
Consumer Defensive,1.5041984631094119
