Artificial Intelligence,54.02900999785941
Basic Materials,53.6042525330131
Industrials,41.738060174935775
Energy,29.973047874325168
Healthcare,22.20052737082186
Real Estate,20.0669662788471
Utilities,17.208642422413202
Financial Services,14.630673867086802
Technology,11.045609036454943
Communication Services,5.075926225751335
N/A,2.766561720685996
Consumer Cyclical,-0.992796635377625
Consumer Defensive,-2.9164002308135633
