Communication Services,3856.7965861047583
Real Estate,134.09622566675677
Industrials,128.96436726849012
Healthcare,70.92926853620011
Utilities,64.8122120964269
Basic Materials,64.34192150451754
Energy,51.915873877295425
Technology,33.09862978085675
Financial Services,31.93440338251757
Consumer Cyclical,18.845027344915746
N/A,2.429905107533612
Consumer Defensive,2.1373016738443766
