Consumer Defensive,788.0615973359426
Financial Services,61.69345886188386
Communication Services,25.200197931823176
Technology,25.140490729170892
Industrials,20.602499414848456
Basic Materials,19.487323796440965
Healthcare,15.868106742639554
Energy,14.212902183577977
N/A,13.38905011310566
Utilities,12.53086915666684
Consumer Cyclical,11.785713614410394
Real Estate,2.091011677821454
