Communication Services,48.940772055300556
Basic Materials,22.714753348013218
Healthcare,20.690272868399795
Technology,9.83556984840703
Industrials,8.38467027750178
Financial Services,8.05405707811291
Utilities,7.753729156445827
Consumer Cyclical,5.279070785879496
Real Estate,5.236684220916616
Energy,3.7768738364924355
Consumer Defensive,1.8237804416510905
N/A,-3.0185838803541887
