Financial Services,15.15164577438893
Basic Materials,8.402676838961028
N/A,3.269498958366968
Communication Services,-0.6617684240663926
Consumer Defensive,-1.1289469506992786
Healthcare,-2.523614661190406
Consumer Cyclical,-3.2121141831563307
Technology,-3.556670222231857
Energy,-5.984215956061697
Utilities,-8.692978894554908
Real Estate,-10.304081652295125
Industrials,-13.205282729101256
