Communication Services,34.52093657121667
Basic Materials,13.37726325328487
Financial Services,2.0401910832477435
Utilities,-1.532497168962199
Industrials,-2.1924595110351515
N/A,-4.758272111697645
Consumer Defensive,-5.88026053391206
Real Estate,-7.305901005008866
Healthcare,-7.876347271353422
Technology,-9.80620677832996
Energy,-9.95025205830466
Consumer Cyclical,-12.204408905571219
