Communication Services,41.47167652409107
Healthcare,5.8159305741089
Basic Materials,5.665646755860932
Financial Services,4.447505273892111
Technology,2.2218252187756513
Energy,-1.2156338782756184
Consumer Defensive,-2.5247898606465244
Utilities,-4.761222013412506
Consumer Cyclical,-5.90372083542323
Real Estate,-7.8994332495086885
Industrials,-7.98504278314644
N/A,-8.977615657865284
