Communication Services,3.224420058940143
Basic Materials,2.6134652007424246
Consumer Defensive,2.2729024313194603
Industrials,0.9242507842778407
Utilities,0.10495107444704765
N/A,0.010776397331684248
Real Estate,-1.309266872174918
Financial Services,-2.2150774823739208
Healthcare,-2.755677733446387
Technology,-2.86888220532162
Consumer Cyclical,-4.826016486128459
Energy,-9.884085780948597
