Communication Services,198.01913307435083
Real Estate,103.17852132702565
Healthcare,29.270791893502178
Industrials,24.585696528473438
Technology,21.611657411652693
Basic Materials,20.008141801189545
Energy,13.073571166294437
Utilities,12.42348789233962
Financial Services,11.149795365175343
N/A,10.056297826252768
Consumer Defensive,8.20277747199519
Consumer Cyclical,6.695839000925306
