Communication Services,32.830377254295854
Basic Materials,13.933790588092748
Healthcare,-1.5385643420343853
Consumer Defensive,-4.5917808182662
Technology,-7.947068486899817
Financial Services,-8.82625315125221
Utilities,-11.900117523426815
N/A,-13.230606146402193
Real Estate,-13.402750370522275
Industrials,-16.321254270980404
Energy,-17.94156129990447
Consumer Cyclical,-19.61252208611795
