Communication Services,174.38842180019284
Real Estate,98.68299396997047
Energy,15.547536865665032
Basic Materials,12.995230472594733
Technology,11.510860139107573
Financial Services,5.478225603498789
Healthcare,4.971569173205457
Consumer Cyclical,4.547031577208855
Industrials,4.020076478352047
N/A,2.9852222483034887
Consumer Defensive,2.606234234930739
Utilities,0.31944188943571855
