Consumer Defensive,2868.492918228175
Healthcare,14.35674083369216
Basic Materials,11.963565349116836
Communication Services,11.657668878591465
Financial Services,4.280242702299617
Industrials,1.7743184906883989
Utilities,0.6906805528890064
Technology,0.028230334940653478
,0.0
Real Estate,-0.24131473518510835
Energy,-3.3927911704106117
Consumer Cyclical,-3.9313923521031344
N/A,-7.073621056990267
