Communication Services,17.102604745233485
Financial Services,6.184285222797119
Industrials,5.843335537056956
Basic Materials,4.825280791892436
Healthcare,4.591564914845449
Technology,4.1741447591693355
Utilities,2.8071332588348343
Energy,1.7632698654251682
Real Estate,0.8242434071925655
N/A,0.4356270869333452
Consumer Cyclical,0.1525820768443696
Consumer Defensive,-0.14923355856509982
