Artificial Intelligence,36.01933999857294
Industrials,28.098519545800638
Basic Materials,19.582771887058954
Healthcare,17.397809095178907
Energy,12.44449530447189
Real Estate,10.587378409945853
N/A,10.544109343915798
Utilities,10.408894457007625
Technology,7.988467104989003
Financial Services,3.3209036245561263
Communication Services,1.9798974979720396
Consumer Cyclical,-1.063028182702954
Consumer Defensive,-1.604997937677415
