Consumer Defensive,429.3364785990104
Industrials,303.7404931630354
Consumer Cyclical,245.6982296444392
Financial Services,90.03465988214357
Healthcare,11.428154397608685
Basic Materials,11.189994133150421
Technology,7.649692444746111
Utilities,7.258109021709005
N/A,3.62951035170156
Communication Services,3.2747876569220904
Real Estate,2.6085273372052025
Artificial Intelligence,-0.0035488579924474323
Energy,-0.621531363342316
