Consumer Defensive,3120.021823993348
Industrials,2184.57903749517
Consumer Cyclical,1629.2727381544169
Basic Materials,64.12114562837645
Financial Services,47.95054217418142
Real Estate,43.12737482801264
Healthcare,36.656642245405294
Communication Services,24.403523056639763
Utilities,23.01752418420967
Technology,17.07181760284086
Energy,14.306400726605496
N/A,-13.042043295920074
