Consumer Defensive,2772.828425667541
Healthcare,14.286619665228866
Basic Materials,11.940732366297123
Communication Services,11.215042942714245
Financial Services,4.280242614464354
Industrials,1.9078863991271726
Utilities,0.45278594379038317
Technology,0.07619550201394315
,0.0
Real Estate,-0.2413147351851083
Energy,-3.2041088009555816
Consumer Cyclical,-3.955002811635842
N/A,-5.388648997906829
