Consumer Defensive,4.293245021372896
Industrials,1.297130376906218
Financial Services,0.7216439127228826
Real Estate,0.7178140645250721
Healthcare,-0.7816677092664426
Technology,-0.921466761884336
Utilities,-1.9636977389087749
Communication Services,-2.8072839582474605
Basic Materials,-4.112055843503823
Consumer Cyclical,-6.652371076450389
Energy,-6.784818172442447
N/A,-8.88034102933727
