Communication Services,50.42650792578951
Basic Materials,10.049045485837748
Healthcare,-7.785369538752734
Real Estate,-11.012303572553234
Consumer Defensive,-13.835958236509983
N/A,-14.411183542501032
Financial Services,-17.10371842353019
Industrials,-20.43252371859173
Technology,-22.386544528506732
Utilities,-22.733674566008258
Energy,-25.83744528974555
Consumer Cyclical,-28.865677078679887
