Communication Services,124.6528835695113
Real Estate,28.876624670803306
Industrials,25.252976776703917
Healthcare,15.729270694827036
Basic Materials,15.39116420234463
N/A,12.431548813019244
Technology,11.696841360128687
Utilities,8.689965289841902
Consumer Cyclical,4.259973546522567
Energy,3.4713667880786403
Financial Services,2.758894034189302
Consumer Defensive,-0.97220203246216
