Financial Services,285.6828429262187
Consumer Cyclical,76.85637703521745
Real Estate,27.248204367785245
Utilities,24.782546887411865
Healthcare,19.885269330587803
N/A,15.253746427676854
Industrials,8.47971221876356
Communication Services,5.175550792025345
Technology,0.6409207917400931
Energy,-0.8757772800033194
Basic Materials,-1.1068201356702743
Consumer Defensive,-4.130978013035596
