Communication Services,3862.4759583722794
Real Estate,308.1974237443284
Industrials,107.79831930071379
Financial Services,93.2848497851926
Utilities,72.0195848210558
Technology,63.12536913559298
Healthcare,52.606056331435894
Basic Materials,38.01149000002725
Energy,20.877337363317938
N/A,13.030895762404368
Consumer Cyclical,12.266812543337132
Consumer Defensive,9.720504336967926
