Communication Services,201.4437490928441
Real Estate,103.67408548234872
Industrials,26.23673763930912
Healthcare,22.629715967127712
Basic Materials,16.273468202715943
Technology,7.281737089075544
Consumer Cyclical,6.872224971704217
Utilities,5.665030792454458
Financial Services,5.02332639607833
N/A,4.198112150756786
Consumer Defensive,2.8805368600693124
Energy,1.161289342674133
