Communication Services,7.825988547475417
Energy,7.733668132961408
Technology,5.258589469491068
Utilities,4.903161302601806
Healthcare,4.273322208232718
Consumer Defensive,1.5817490629097837
Financial Services,0.3561580545911171
N/A,-1.2468757484205193
Real Estate,-1.2934370981706478
Industrials,-3.8374914632949317
Consumer Cyclical,-3.9690218090288067
Basic Materials,-4.017418563321134
