Communication Services,146.7104938673104
Industrials,29.552376055598074
Technology,26.186447024226332
Real Estate,19.257649483180305
Healthcare,15.582986414776865
Utilities,12.857541387999069
Energy,11.303881420936333
Financial Services,10.577252914752098
Basic Materials,9.776573164018345
Consumer Cyclical,6.439810618774985
N/A,6.006479183450808
Consumer Defensive,2.276085099567341
