Consumer Defensive,36.81085922514143
Technology,14.94480428713186
Communication Services,7.041124331241127
Consumer Cyclical,6.877542581954884
Industrials,6.520497916835306
Financial Services,4.810859093543007
Utilities,4.490587013296929
Healthcare,3.8543375089769283
N/A,2.6620950844046587
Basic Materials,0.3541085641953702
Real Estate,0.19692431657611237
Energy,-1.4374751495135045
