Financial Services,21.15952748668493
Industrials,16.755734023094558
Basic Materials,4.55528500624972
Real Estate,1.0334748803569866
Utilities,-3.5892262056629156
Consumer Defensive,-3.711685712241822
Technology,-4.494373728903514
Healthcare,-4.700368200375954
Energy,-5.2127630168415
N/A,-8.299752156196137
Communication Services,-8.84353010164398
Consumer Cyclical,-15.260278922419525
