Communication Services,690.6126367793216
Real Estate,168.77192418502008
Industrials,82.47554525691528
Healthcare,72.39421358889828
Financial Services,60.0989574829016
Technology,55.742631602744
Artificial Intelligence,54.02900999785941
Basic Materials,52.913329850202416
Utilities,47.61034379991097
Energy,34.14066846054375
Consumer Cyclical,21.026922458199323
N/A,19.95867914082392
Consumer Defensive,17.26856317417839
