Communication Services,200.0653642924238
Healthcare,42.70329100596119
Basic Materials,38.91255672125834
Energy,28.830748285213122
Utilities,25.52091253016377
Real Estate,24.77488265249188
Technology,14.58159695839599
Industrials,13.450555614929998
Financial Services,12.267341186928242
Consumer Cyclical,1.345628193141249
Consumer Defensive,-8.604610850845548
N/A,-14.264467122510101
