Financial Services,91.9124140603846
Industrials,55.39463150709506
Technology,41.5628134477406
Utilities,37.65030962212888
Communication Services,33.55455658210086
Basic Materials,32.75928535682475
Energy,26.998184480864058
Healthcare,22.911519529794962
Consumer Defensive,12.06632503333623
N/A,11.272431079779588
Real Estate,7.633076954393345
Consumer Cyclical,-48.67941117109815
