Communication Services,27.628608534942313
N/A,22.666871122219195
Basic Materials,18.59265559301987
Industrials,17.31321286540874
Healthcare,15.825791444416918
Energy,4.662685662095646
Financial Services,4.557619237946593
Consumer Cyclical,4.433859010763641
Utilities,3.4945962298428563
Real Estate,3.3020005465706985
Consumer Defensive,2.8457900661227122
Technology,2.1985755627126937
