Communication Services,31.800145777715784
Healthcare,25.650511940147233
Utilities,24.629138019180342
Energy,20.57936487458394
Industrials,19.103012941559452
Technology,17.865727464039143
Financial Services,11.790948601168834
Basic Materials,11.650763883274173
Consumer Defensive,9.349556604517776
Consumer Cyclical,7.725903462225631
Real Estate,2.972715127580507
N/A,-0.02058873513062805
