Communication Services,28.08488866885408
Basic Materials,18.110307418603778
Healthcare,16.135298992408345
Energy,5.221701992911694
Consumer Cyclical,4.429815997441411
Utilities,4.283290175683856
Real Estate,4.035748975192126
Financial Services,3.829056942301095
Technology,3.619119253899825
Industrials,3.4977879033064485
Consumer Defensive,1.6170362624783838
N/A,-4.0539816815651335
