Communication Services,14311.946565824263
N/A,1032.5106402358651
Industrials,472.5209556215028
Financial Services,59.89861275248602
Technology,59.237309622646706
Consumer Cyclical,41.456273927631486
Energy,31.141502025582565
Utilities,22.24656468482838
Consumer Defensive,13.89543409041357
Basic Materials,2.7803112226778373
Healthcare,-0.2682389117861329
Real Estate,-28.491363335056302
