Communication Services,135.3338183237352
Real Estate,26.62079986271164
Industrials,17.17705817542765
Healthcare,17.128797989783752
Basic Materials,14.317366612001448
Technology,13.468184859697072
Energy,12.960771098779349
Utilities,11.848610329854546
Financial Services,7.380309298098357
N/A,6.59517955629125
Consumer Cyclical,3.3135911720647897
Consumer Defensive,1.0894059829611367
