Communication Services,44064.69345315942
N/A,575.0294355045501
Industrials,452.22136149430753
Consumer Cyclical,75.9053989181568
Financial Services,20.807855220808715
Utilities,17.1499360354223
Energy,16.157620777673774
Basic Materials,13.43082326150795
Real Estate,12.054054431576086
Consumer Defensive,8.046149862362595
Technology,7.313108819117508
Healthcare,2.495534952446843
