Consumer Defensive,97.50937562724242
Technology,52.36857141404645
Industrials,35.688556743280316
Financial Services,34.392322719211116
Utilities,33.80251346393742
Communication Services,20.83956684023166
Consumer Cyclical,17.133622765418377
Healthcare,9.129490600258977
N/A,5.287950168404618
Energy,2.048264408163381
Real Estate,-0.14047817163646226
Basic Materials,-1.6743554883595928
