Communication Services,166.89014439743397
Real Estate,46.560122386562014
Industrials,38.44462346689728
Technology,19.577332565859802
Healthcare,19.08245860393471
Financial Services,14.168414972096933
Basic Materials,9.956990064041175
Consumer Cyclical,9.527378832540016
N/A,5.645872737984886
Energy,5.091328655605809
Utilities,4.053407717302556
Consumer Defensive,1.3541708543253912
