Communication Services,254.9424374897976
Industrials,37.22055836619002
Real Estate,28.107611002293076
Healthcare,21.485615799547926
Technology,19.74175001201685
Financial Services,12.883393237465427
Basic Materials,11.040995566073876
Consumer Cyclical,7.928167370485112
Utilities,5.990390778977269
N/A,3.2080445476653936
Energy,3.0161849204579085
Consumer Defensive,1.2013637305259006
