Artificial Intelligence,54.02900999785941
Basic Materials,53.6042525330131
Industrials,44.632683113094096
Energy,29.973047874325168
Healthcare,22.20052737082186
Real Estate,20.0669662788471
Utilities,17.208642422413206
Financial Services,11.78542636716373
Technology,11.513664387401704
Communication Services,5.537374064456002
N/A,4.233512242819895
Consumer Cyclical,-0.992796635377625
Consumer Defensive,-2.9164002308135633
