Communication Services,27.59267801795696
Energy,21.558439208008963
Utilities,21.527907394938833
Industrials,19.958190624146994
Financial Services,17.92970054339916
Technology,15.24554614973531
Healthcare,15.23039629493145
Basic Materials,8.848732781607813
N/A,8.31864548802258
Consumer Cyclical,4.410053785075597
Real Estate,2.201448506346505
Consumer Defensive,2.1081811751764263
