Communication Services,30.790354930923037
N/A,27.697197686256892
Financial Services,27.537484221909207
Technology,17.645256035355267
Basic Materials,16.13188747310701
Healthcare,15.94074151376468
Industrials,13.888633940927399
Energy,8.970088751377475
Utilities,6.797280212256248
Consumer Defensive,5.404416965213014
Real Estate,1.2745581884412294
Consumer Cyclical,-9.372214699158025
