Consumer Defensive,432.8482492678991
Industrials,284.7399483838717
Consumer Cyclical,230.4897931391525
Financial Services,73.48956337819367
N/A,11.45014167230552
Utilities,9.547419962292354
Healthcare,8.287582109670588
Technology,5.0707909673396605
Real Estate,3.173430298301095
Communication Services,2.9604210283559826
Energy,-0.730221932669005
Basic Materials,-1.9871332855193438
,-45.541023024205316
