Communication Services,12.704888043141057
Technology,5.828780957232175
Real Estate,3.7355152012574764
Industrials,3.70664209852905
Energy,2.5643347144142616
Financial Services,1.6386575958338907
Basic Materials,1.4336709273286787
Healthcare,1.0535653536894534
Utilities,0.9785287573792633
Consumer Defensive,0.3099340698220276
N/A,-0.02449863588555852
Consumer Cyclical,-1.6586387597937
