Consumer Defensive,42.14734137402247
Healthcare,8.851098071885254
Energy,6.523060513667278
Communication Services,4.403763381317873
N/A,4.103072384661215
Real Estate,0.9024708280179734
Consumer Cyclical,-2.0273405586397635
Financial Services,-3.1921584022506884
Technology,-5.188367147049314
Utilities,-16.35844644876467
Industrials,-22.072729405977523
Basic Materials,-22.51135124560902
