Financial Services,4761949.622758931
Industrials,57.33643958859021
Technology,54.03636842182441
Communication Services,48.47881694401059
Basic Materials,23.50203131432659
Energy,21.339295514351253
Consumer Cyclical,12.605545620761752
Consumer Defensive,11.487175553824363
Healthcare,9.448756807775625
Utilities,6.751360445187171
N/A,5.452382397229671
Real Estate,-14.10503322053432
