Consumer Defensive,450.3013119842235
Industrials,353.8787368399287
Consumer Cyclical,278.679108596805
Healthcare,17.254200717228468
N/A,12.36581698857102
Real Estate,10.746391212659061
Basic Materials,9.896434051314857
Technology,7.0728156346428115
Communication Services,6.881189426952022
Financial Services,6.763968367702458
Energy,5.215895114641963
Utilities,3.3928053368362323
Government and Military,-1.2856689965447323
