Communication Services,71.66567942590542
Consumer Defensive,50.557840930533835
Healthcare,18.39785835766394
Real Estate,7.331232419845175
N/A,3.4519697839809655
Consumer Cyclical,2.831097724427186
Technology,2.2742927569577573
Financial Services,-3.485466749859591
Utilities,-6.141864629464136
Industrials,-6.173998127575285
Energy,-7.6942944556627015
Basic Materials,-14.812934922380602
