Consumer Defensive,3854.801610110175
Industrials,1970.8294013506886
Consumer Cyclical,1742.1654846026531
Real Estate,73.99732779443092
Healthcare,69.28405336236726
Basic Materials,47.91223002593966
Financial Services,32.61157617764991
Communication Services,30.457383185876335
Technology,26.07714788884924
Energy,20.54377141140831
Utilities,20.14064652214395
N/A,17.17233993261414
