Consumer Defensive,761.7077885442187
Industrials,543.5367429104992
Consumer Cyclical,391.17777686341503
Basic Materials,29.897137155823113
Healthcare,27.218303912741035
Financial Services,15.07190711928315
Communication Services,12.289420879173663
Technology,10.398334053836015
N/A,6.430932338188719
Utilities,5.079251996621726
Energy,2.2783295160374424
Real Estate,1.6538255358932632
