Financial Services,1.734780144182248
Consumer Defensive,-0.04649669581914646
Energy,-1.0427173429676926
Communication Services,-2.4756583019154306
Real Estate,-2.6194010052378838
Technology,-3.166924027009836
Healthcare,-4.841077401235042
Industrials,-5.221596181069157
N/A,-7.526759086836844
Consumer Cyclical,-9.35832899516138
Basic Materials,-10.49624837109079
Utilities,-12.31008733502496
