Communication Services,12801.164548457346
Industrials,457.11559498469796
Technology,63.94020618699197
Financial Services,49.95165201887903
Consumer Cyclical,35.07442776511842
Energy,31.141502025582565
Utilities,27.729461530866793
N/A,20.350418982925984
Consumer Defensive,15.930370234071686
Basic Materials,4.416165898688134
Healthcare,-0.052588988628497715
Real Estate,-28.491363335056302
