Communication Services,583.6317553053029
Real Estate,332.9922054683627
Industrials,147.18408407634206
Utilities,74.25672453232248
Healthcare,67.59877239519555
Financial Services,64.83235731608656
Technology,59.83707876175514
Basic Materials,43.376675521528504
Consumer Cyclical,39.61542751826725
Energy,21.648245970111297
N/A,8.538531736633951
Consumer Defensive,-3.9772066166201827
