Communication Services,34.53167586808175
Technology,3.2475750349017867
Basic Materials,2.36814813819061
Financial Services,2.2891086479366742
Energy,1.873935942766652
Industrials,1.441423367398534
Utilities,0.2852435313701611
Healthcare,0.02331991533821093
N/A,-0.003671129215830945
Real Estate,-1.3099829376754872
Consumer Defensive,-2.226630390850344
Consumer Cyclical,-4.04445144833593
