Communication Services,25.296162883122015
Basic Materials,9.009680276147073
Financial Services,7.999094812859256
Healthcare,1.9865227168503472
Real Estate,1.6240137864917077
Utilities,-0.04303988628130567
Consumer Defensive,-0.9125355621783677
N/A,-2.824932749745707
Energy,-3.75601622866101
Industrials,-3.8641543033963357
Technology,-7.937574492416696
Consumer Cyclical,-8.164205067232343
