Consumer Defensive,4.679580095936616
Industrials,4.497451576580256
Basic Materials,3.131718188772803
Communication Services,1.157033631126412
Financial Services,-0.16954279928799068
Technology,-0.26447926346331824
N/A,-1.5853108175068542
Real Estate,-3.6529811284629496
Consumer Cyclical,-4.927146844331098
Utilities,-5.260778294493359
Healthcare,-6.316489038060995
Energy,-10.971619594054566
