Artificial Intelligence,77.18025400160768
Technology,5.403961266968377
Healthcare,4.401761134911443
Space,3.2145803216001165
Energy,2.47240648237983
Real Estate,1.8436054483396782
Consumer Defensive,1.7670166962787874
Industrials,1.6577232907688004
Utilities,1.1133077840798875
Financial Services,0.4488154350398266
Consumer Cyclical,-2.1971391147236634
Communication Services,-3.056329999711798
N/A,-5.72198517501444
Basic Materials,-7.191505612811486
