Communication Services,47.764265619160724
Financial Services,27.66687787143592
Basic Materials,12.617339644934116
Healthcare,-3.516056779794993
N/A,-6.381040844581645
Consumer Defensive,-8.96077833567183
Real Estate,-13.701845636141186
Utilities,-15.704174596857559
Industrials,-19.350227622872406
Energy,-23.584097594087297
Technology,-23.623705270705564
Consumer Cyclical,-28.349276610859395
