Communication Services,24.64978926997489
Basic Materials,7.657265463873155
Real Estate,1.336047611199749
Healthcare,-0.27930766446089705
Consumer Defensive,-0.6126616839684361
Financial Services,-1.1438312263030062
Utilities,-1.8288975497427993
N/A,-2.018779495131788
Industrials,-3.918887740962133
Energy,-4.437087820350885
Technology,-7.470168884516269
Consumer Cyclical,-8.144266865477599
