Financial Services,71.028480248648
Industrials,65.22207469031545
Technology,53.55100834588245
Communication Services,51.29542815450591
Energy,28.23873998603109
Utilities,19.042781739641807
Consumer Defensive,14.112988120666463
Consumer Cyclical,10.325233605919552
Healthcare,8.798473371421222
N/A,4.321822432994732
Basic Materials,-4.017531824787031
Real Estate,-12.493083417550242
