Communication Services,604.6067290390673
Real Estate,139.86156676289676
Industrials,82.50460244204979
Healthcare,74.21289567534401
Technology,58.557257419202294
Utilities,57.37178761111683
Financial Services,55.39270499034288
Basic Materials,54.71169655010866
Energy,34.07069599199432
Consumer Cyclical,19.439304631666488
N/A,17.88026989840171
Consumer Defensive,15.192380294895429
