Financial Services,6.282792227277379
Industrials,4.888787554969721
Healthcare,3.387924523688747
Basic Materials,2.0410593967694233
Communication Services,1.8320236310888445
Real Estate,0.7389912581532525
Energy,0.5357950569056088
Consumer Defensive,-0.4876332987057646
Utilities,-1.379639001938913
Technology,-1.4784036943537502
N/A,-4.21148522929372
Consumer Cyclical,-5.051920041164219
