Communication Services,9681.883725998368
N/A,407.8120791035963
Industrials,120.79702783411955
Consumer Cyclical,30.966209120071067
Technology,24.904554966778317
Financial Services,19.084539563149804
Energy,9.207717052095374
Utilities,8.577997132591383
Basic Materials,5.980722413922575
Consumer Defensive,4.391084188974457
Healthcare,-0.18410846945562873
Real Estate,-0.37224293242424467
