Communication Services,16.018829741080914
Consumer Defensive,12.943026725241333
Utilities,11.87401151459593
Financial Services,10.601967610434523
Technology,10.585113714862961
Consumer Cyclical,8.469004245986916
Healthcare,6.4890984155349845
Real Estate,4.582639763998606
Industrials,0.6289403118594229
Basic Materials,-1.0724706264225328
N/A,-5.246858899568227
Energy,-12.174344638922816
