Communication Services,54.75919362636509
Basic Materials,22.780103094944632
Healthcare,20.517805039361846
N/A,17.47720727142995
Industrials,17.2696291979355
Technology,9.716210917923187
Financial Services,8.05405707811291
Utilities,7.516209157024649
Consumer Cyclical,5.502384510839986
Real Estate,4.644422486373977
Energy,4.345533723561299
Consumer Defensive,2.069474583916261
