Communication Services,184.11174177080952
Real Estate,44.70309012606066
Industrials,26.772965402700684
Healthcare,24.57350422283851
Basic Materials,18.339609807361843
Utilities,15.623472588848646
Energy,13.859209095797485
Technology,13.392878589745914
Financial Services,12.843401433577627
N/A,7.62519531617923
Consumer Cyclical,5.60308092436216
Consumer Defensive,1.0700340888053603
