Financial Services,4.713456006621511
Industrials,3.2532501286805338
Communication Services,1.221477450838094
Basic Materials,0.6107225771740896
Energy,-0.2449446747760105
Consumer Defensive,-0.4195048936574908
Real Estate,-0.9940793782845219
N/A,-1.0860652825482917
Consumer Cyclical,-2.2034525102980367
Technology,-2.5794260675022795
Healthcare,-2.95809895501646
Utilities,-5.025990542230082
