Communication Services,24.013588338277533
Industrials,22.345697330127766
Basic Materials,21.69986972005084
Healthcare,20.64052211450179
Real Estate,20.193245205597403
Technology,12.512644504593617
Financial Services,7.862750422071669
Consumer Cyclical,3.4554006867414917
Energy,2.657274970606255
N/A,2.3746566725097
Utilities,1.8345603676527926
Consumer Defensive,-0.4624297280707011
