Communication Services,1225.7316764546654
Basic Materials,67.74687301822419
Real Estate,26.63498738893841
Utilities,20.990739126422785
Industrials,20.88922931102773
Technology,17.834551393814895
Healthcare,17.231010572046618
Financial Services,13.782195943274642
Energy,10.247021471583915
Consumer Cyclical,3.901936106823832
Consumer Defensive,3.318081973180081
N/A,0.46038717474727314
