Financial Services,30.9108204604986
Healthcare,25.583528982178056
Basic Materials,21.41503542454303
Communication Services,15.051919044499696
Industrials,13.53835778503255
Consumer Defensive,9.127039719249778
Consumer Cyclical,6.58159474363598
Technology,4.798452983760473
Utilities,-0.5456441739258535
Real Estate,-2.282779796658887
Energy,-4.77233763950348
N/A,-7.010628384189631
