Financial Services,16.11835615938181
Consumer Defensive,3.99599675790835
Real Estate,3.2220899344460423
Basic Materials,2.3571537271712466
Healthcare,1.4105974394010588
Industrials,1.4069943805353244
Communication Services,-0.4596794916328659
Consumer Cyclical,-1.5368846045011597
Technology,-2.333160703758515
Energy,-3.4294598304989927
Utilities,-4.353475276932753
N/A,-7.900525308062581
