Consumer Defensive,713.571533789036
Industrials,583.3740438369309
Consumer Cyclical,467.6781419764193
Basic Materials,20.220888867094978
Healthcare,18.005815083412248
Financial Services,10.53049308988619
Real Estate,9.860467261073238
Communication Services,9.357478091041267
Energy,9.121360946981314
Technology,7.611152929163352
Utilities,3.3949863883641935
N/A,1.2131088680469835
