Communication Services,30.707657652672964
Basic Materials,21.124125648788013
N/A,9.098178534014007
Financial Services,4.1544027598713384
Healthcare,2.191414736987115
Utilities,1.6328730382730228
Technology,1.4837698154107577
Consumer Defensive,-0.30679973257536897
Industrials,-1.9981593235830777
Consumer Cyclical,-2.5899139949816825
Real Estate,-4.364118714221222
Energy,-12.6445437548847
