Communication Services,190.81331090777914
Utilities,34.19070027248461
Real Estate,33.102020779681745
Energy,25.77525920480631
Technology,22.962032812572733
Basic Materials,21.871364585411747
Consumer Defensive,18.393090682697952
Healthcare,15.748806691982358
Industrials,12.642363888926086
Consumer Cyclical,6.713316852810295
Financial Services,4.997362819853478
N/A,4.919453991143879
