Consumer Defensive,685.1477092587465
Industrials,352.00781569897185
Healthcare,18.15990583542236
N/A,17.27483753539936
Technology,17.1653887200245
Energy,14.018570827814385
Basic Materials,13.169132260356424
Financial Services,12.229824678911672
Communication Services,9.162197800809759
Utilities,8.199743434007873
Real Estate,3.5541904818101795
Consumer Cyclical,-6.7995695181316025
