Communication Services,222.63587622096992
Real Estate,94.79870231421974
Basic Materials,13.320271491837897
Financial Services,12.273383741719199
Technology,11.609258447959421
Consumer Cyclical,11.106606079785365
Healthcare,10.819481764173009
Energy,8.461894245596548
Industrials,5.524173937768538
N/A,4.2252144988016855
Consumer Defensive,2.0780050215030874
Utilities,-1.0547962839377731
