Communication Services,49.35432746819637
N/A,9.655391798840325
Basic Materials,8.541849773033144
Financial Services,-1.1652297325213488
Healthcare,-9.7933850931852
Consumer Defensive,-10.42441030658053
Technology,-12.203589597513373
Utilities,-12.709620171556844
Industrials,-17.171271520577832
Energy,-19.540057527588196
Consumer Cyclical,-23.794825879140532
Real Estate,-25.50924474343914
