Communication Services,62.973890102194815
Real Estate,44.6743677024374
Healthcare,23.36780435435628
Basic Materials,18.168631149360138
Industrials,12.722734660974082
Energy,8.717583947281657
Technology,8.561125747190484
Financial Services,8.073242427054915
Utilities,7.871486089525525
Consumer Cyclical,5.628907159274756
N/A,-1.4536797859175972
Consumer Defensive,-1.537046300202868
