Consumer Defensive,68.35004186461153
Technology,11.491581571558797
Healthcare,8.017114738737456
Energy,5.146861351157595
Financial Services,3.4061695720959606
Communication Services,3.314494444417605
Real Estate,1.0026398210235228
Consumer Cyclical,0.6133344237378995
Utilities,0.191057872115
N/A,-0.1150749754896747
Industrials,-2.662107907483854
Basic Materials,-5.663464155474232
