Financial Services,31.64459661553978
Technology,28.102300243838155
Communication Services,21.034507175871433
Utilities,19.70492259040822
Industrials,14.346619455365433
Healthcare,9.64574950522727
Basic Materials,7.325267426641527
Energy,6.984839079133639
Consumer Defensive,5.525514403938797
N/A,-1.112116900985916
Consumer Cyclical,-1.4507232441575866
Real Estate,-7.10183805317103
