Communication Services,63.12147871586452
Utilities,44.881979853580624
Real Estate,41.687894828870995
Technology,20.730083470019824
N/A,19.632808905527984
Industrials,10.325352556561036
Energy,10.086288111564967
Healthcare,7.375402897459608
Financial Services,5.49702244699597
Basic Materials,4.22684499675869
Consumer Defensive,0.5505633862305229
Consumer Cyclical,-4.514863228785128
