Consumer Defensive,450.3013119842235
Industrials,348.88522035675396
Consumer Cyclical,271.4633817780355
Healthcare,17.135705524314027
Real Estate,10.795587692181055
Basic Materials,9.896434228728433
Financial Services,6.9374728614735
Technology,6.908050874777116
Communication Services,6.675118194310126
N/A,6.297475428012695
Energy,5.215895114641963
Utilities,3.3928053368362323
