Communication Services,1117.097668083716
Industrials,40.14858250542661
Real Estate,39.65437627198418
Technology,24.3422049324434
Healthcare,22.62909512030043
Basic Materials,14.055564491015424
Utilities,12.977418355646845
N/A,12.771803749934582
Financial Services,11.90824853909373
Energy,10.48353532612332
Consumer Cyclical,9.722315375291174
Consumer Defensive,-0.13486873030378815
