Consumer Defensive,5.398181909608261
Basic Materials,0.02976158691620035
Industrials,-2.00960349213055
Real Estate,-2.1160493654109334
N/A,-2.4195873235951084
Communication Services,-2.791516015442793
Financial Services,-3.067375622615425
Utilities,-4.824294555738135
Healthcare,-5.792188430866546
Technology,-6.8888360864009215
Consumer Cyclical,-7.628682186855363
Energy,-9.562586088759002
