Communication Services,3033.4501451054894
Real Estate,121.48559015385865
Basic Materials,50.196369951087696
Industrials,47.17503766973902
Technology,29.137007982595627
Utilities,21.0492041020452
Healthcare,21.012926294823625
Energy,18.331473783320867
Financial Services,7.403201516201054
N/A,6.120374300018162
Consumer Cyclical,5.038272534698927
Consumer Defensive,1.1256553459767316
