Communication Services,54.75919362636509
Basic Materials,22.33053089082298
Healthcare,20.15642091690418
Technology,9.789878067291994
Financial Services,8.556237575266243
Utilities,7.51620915702465
Industrials,7.13653996522497
Energy,6.2252474542519725
Consumer Cyclical,5.502384510839986
Real Estate,4.644422486373977
Consumer Defensive,1.9887747707407386
N/A,-7.38207825890587
