Communication Services,197.19957397437855
Real Estate,97.82430520847176
Consumer Cyclical,17.029653863400096
Basic Materials,16.24476277384117
Technology,13.834466517638333
Financial Services,13.018726609900524
Healthcare,12.606612697305916
Energy,8.477734649106615
Industrials,7.631609092894087
N/A,6.116003378302973
Consumer Defensive,3.4610320429877675
Utilities,2.4257299572372086
