Consumer Defensive,2936.361809165698
Industrials,2240.0689798364697
Consumer Cyclical,1586.5428378713357
Basic Materials,58.20653508292292
Financial Services,47.848068494161126
Real Estate,43.12737482801264
Healthcare,34.82914826932922
Communication Services,28.0812870324761
Utilities,26.62706938718794
Technology,18.564462051921197
N/A,17.67151492475792
Energy,14.306400726605494
