Communication Services,192.5785106412447
Industrials,22.51802833294768
Real Estate,16.26206900802405
Technology,14.391813260814775
Healthcare,14.159452763986138
Basic Materials,12.369782486696511
Financial Services,10.626502856464764
Consumer Cyclical,6.845703300634825
Energy,3.6513539678990785
Utilities,3.639942764422216
N/A,3.292231482852499
Consumer Defensive,1.0433665527226872
