Communication Services,679.1580598663834
Real Estate,325.787919492783
Industrials,122.71597415245756
Financial Services,61.0788490943575
Technology,54.875794747898325
Healthcare,50.021842056465466
Basic Materials,40.079597188918946
Utilities,32.96975486620554
Consumer Cyclical,32.91662435938122
Energy,14.836160249651941
N/A,5.784991998561075
Consumer Defensive,4.4330694855939035
