Consumer Defensive,759.1207417024197
Industrials,493.4455719264119
Consumer Cyclical,417.69522897695003
Financial Services,87.60236066080451
Basic Materials,14.678954515161918
Healthcare,13.157246121544425
Technology,11.289745103966045
N/A,10.497420762350071
Utilities,6.500002713990917
Communication Services,5.320542959887617
Real Estate,3.1191029392179606
Energy,2.393640301830982
