Communication Services,135.91665507452802
Real Estate,26.18037899648827
Industrials,19.561796775014592
Healthcare,16.932442362833196
Basic Materials,16.16574845564547
Technology,12.72528820187103
N/A,9.57300103334789
Utilities,8.742598785817652
Energy,3.976689291508337
Consumer Cyclical,3.6065579331249946
Financial Services,2.353981107745562
Consumer Defensive,-0.884785445646341
