Consumer Defensive,759.6431150494004
Industrials,497.1729909977968
Consumer Cyclical,423.193003137248
Financial Services,87.85433539454615
Healthcare,12.948504935012087
N/A,12.8496063518096
Basic Materials,12.222666121445556
Technology,11.328697804269115
Utilities,6.500002713990917
Communication Services,5.320542959887617
Energy,4.144647843762271
Real Estate,3.1116618061450736
Artificial Intelligence,-0.005323286988671148
