Consumer Defensive,787.9732343674366
Industrials,362.87742734585305
Financial Services,100.45957418560091
Technology,26.071325661909547
Utilities,16.050414269434736
Communication Services,12.754119153856404
Energy,12.607551155306483
Basic Materials,9.369508156258052
Healthcare,5.561242799188912
Real Estate,4.910835652261992
N/A,4.472522504258698
Consumer Cyclical,-7.3415383749787
