Consumer Defensive,798.7772568146008
Industrials,599.0934183812778
Consumer Cyclical,470.33089048146877
Healthcare,24.55057524823784
Real Estate,19.001569910096485
Basic Materials,15.07558409900407
N/A,14.557401827049791
Technology,10.553548678825697
Financial Services,10.178442319791928
Communication Services,8.889612898269469
Energy,8.835236096250537
Utilities,4.720503400987948
Government and Military,-1.9285034948170985
