Artificial Intelligence,54.02900999785941
Industrials,45.77314337009377
Basic Materials,44.52563100197091
Energy,37.757351871943676
Real Estate,24.516462525072576
Healthcare,21.190069409972374
Utilities,17.208642422413202
Technology,11.513664387401704
N/A,10.269906579878537
Financial Services,8.673268502571728
Communication Services,5.537374064456002
Consumer Cyclical,0.21022567259258293
Consumer Defensive,-3.1513174856431454
