Communication Services,204.3972996383713
Industrials,23.66118772355975
Real Estate,22.271768286716945
Technology,15.80632840472152
Healthcare,15.303293228860895
Basic Materials,11.129380841011514
Financial Services,9.98557957308072
Consumer Cyclical,8.472577459754463
Energy,4.17871111421165
Utilities,3.1549098569983753
N/A,3.1332913573820926
Consumer Defensive,0.2676450597479566
