Consumer Defensive,759.8149726026135
Industrials,358.80908136180517
Financial Services,175.33320280533235
Technology,20.433257145953817
Communication Services,17.243739777064548
Basic Materials,9.35119555907634
Energy,9.251312289980385
Consumer Cyclical,9.231376342761418
Healthcare,9.029573408166394
N/A,7.498277241697508
Utilities,7.330015815035026
Real Estate,4.166606730596204
