Communication Services,228.71166673391585
Real Estate,30.74770855096164
Technology,21.46563576781922
Basic Materials,14.955874594330842
Energy,10.510546839284942
Industrials,8.712536735979747
Financial Services,7.567650938934779
Utilities,6.94067517784845
Consumer Defensive,4.823256553926543
N/A,4.267494894526726
Consumer Cyclical,3.5628152024215547
Healthcare,0.8928609218836917
Hardware,0.18732867804477882
