Communication Services,143.01563884984935
Real Estate,82.53247401578557
Healthcare,19.508696869008087
Technology,17.513552978537675
Industrials,15.659320105575741
Basic Materials,15.336875044178395
Energy,12.79006878351713
Utilities,9.028577225154951
Financial Services,7.712170335767732
N/A,6.434616659758216
Consumer Defensive,5.235887167507668
Consumer Cyclical,3.308674958461178
