Consumer Defensive,781.3597631467225
Industrials,401.80023886891524
N/A,16.02303949964739
Healthcare,14.075285768616485
Technology,13.152276156884847
Financial Services,12.930030295133294
Basic Materials,11.041866070723437
Energy,9.561814215192676
Communication Services,8.375021684091946
Utilities,4.353400562542734
Real Estate,2.0195754020276384
Consumer Cyclical,2.006287441422162
