Communication Services,3862.4759583722794
Real Estate,308.19742374432843
Industrials,105.58314128428444
Financial Services,97.01624377660033
Utilities,72.01958482105579
Technology,61.95788065625146
Healthcare,52.606056331435894
Basic Materials,43.893843583199995
Energy,20.877337363317938
Consumer Cyclical,13.634518160667977
N/A,9.297584692658862
Consumer Defensive,-0.36972653931086735
