Consumer Defensive,92.23025576297631
Technology,52.4393658241628
Industrials,38.81414670075783
Financial Services,38.69906588928202
Utilities,33.79151457134281
Communication Services,28.77652066199517
Consumer Cyclical,17.551524594493078
Healthcare,10.422542430898003
N/A,4.888801819865543
Energy,2.0451251553910375
Real Estate,-0.1404781716364623
Basic Materials,-1.6743554883595928
