Communication Services,5.554049174686939
Basic Materials,3.5301347653969444
Financial Services,-6.005714054905833
N/A,-11.178302487098346
Healthcare,-13.40591751398579
Real Estate,-13.417737411108984
Industrials,-18.39814444655708
Consumer Defensive,-19.519370017423135
Utilities,-19.977639130912618
Technology,-21.303612493222104
Consumer Cyclical,-23.01719820775757
Energy,-32.6809289520982
