Consumer Defensive,2.220045856012371
Industrials,-1.0185031631269192
Communication Services,-1.4447140480086353
Healthcare,-2.9317422815671215
Basic Materials,-3.2942285942542213
Real Estate,-3.975308263725107
Utilities,-4.026385916978953
Financial Services,-4.04780577215143
Technology,-4.704348372103402
Consumer Cyclical,-6.064448304688553
Energy,-6.608521698650895
N/A,-9.230105716112314
