Consumer Defensive,86.85834410524309
Technology,49.53701203808705
Industrials,38.82874300916969
Financial Services,36.90776028392592
Utilities,33.7915145713428
Communication Services,24.121539788812438
Consumer Cyclical,17.522625317280056
Healthcare,13.544017670462384
Basic Materials,7.489403627856101
Energy,3.2252268999767595
Real Estate,-0.14047817163646223
N/A,-4.352447544436034
