Communication Services,134.87985814683213
Industrials,30.06163246868542
Real Estate,23.851461134417647
Technology,21.956667977421183
Basic Materials,15.290285419620599
Healthcare,14.033532036105754
Consumer Cyclical,9.748270419574222
Utilities,8.995202330101725
Financial Services,7.818698401547751
Energy,7.388335290097284
N/A,5.520497096491982
Consumer Defensive,-1.168401508265052
