Communication Services,138.23911902182567
Real Estate,82.53247401578557
Healthcare,19.75250581566555
Technology,18.168053739738077
Industrials,15.778988258784171
Basic Materials,15.231596227566243
Energy,12.440811625652008
Utilities,8.961416004406741
Financial Services,7.3789746593121155
N/A,5.529904411339229
Consumer Defensive,5.351797233447266
Consumer Cyclical,3.2199987070181617
