Consumer Cyclical,545.179105041264
Energy,18.901536490470676
Industrials,8.513165100219675
Technology,7.085073231425243
Basic Materials,6.480284106821681
Healthcare,5.37620359167022
N/A,4.897714054659589
Utilities,4.611939137997422
Communication Services,4.235169756587515
Financial Services,3.286678403188489
Consumer Defensive,1.474811567796676
Real Estate,1.2432437266599894
