Communication Services,159.19426604435986
Industrials,43.20662319647399
Real Estate,39.65437627198418
Technology,24.44366226520509
Healthcare,20.72927981993976
Basic Materials,14.486426463658939
Utilities,14.416792392531594
Consumer Cyclical,12.471942667451302
Financial Services,11.934078926528729
N/A,9.56115777198528
Energy,5.010552333852578
Consumer Defensive,0.18981023446078255
