Consumer Defensive,1277.611686735174
N/A,86.81358760762103
Healthcare,71.4377709092317
Real Estate,39.459379809677245
Communication Services,10.999595174057571
Basic Materials,5.44723631065809
Industrials,2.5467003026894437
Utilities,1.8283237381520059
Energy,0.2831688393672834
Technology,-0.16090010807614352
Financial Services,-0.7379918973114864
Consumer Cyclical,-3.1563271217366737
