Communication Services,205.72587526334235
Real Estate,103.17852149427966
Healthcare,29.01947611675021
Industrials,24.096550571192513
Technology,21.665463124526315
Basic Materials,19.81482880233792
Financial Services,14.163921783061134
Energy,13.073571166294437
Utilities,12.42348789233962
N/A,9.018262270930643
Consumer Defensive,8.209260912933475
Consumer Cyclical,7.351179093518157
