Communication Services,568.1200165748578
N/A,45.25446162586955
Real Estate,38.64892334297825
Consumer Defensive,16.11669965871456
Basic Materials,15.490005658658788
Technology,14.541551176024113
Energy,10.98052368472666
Financial Services,10.53685258838201
Healthcare,9.015236848721747
Consumer Cyclical,8.137692476409871
Industrials,2.8191576233026012
Utilities,1.019072966174661
