Artificial Intelligence,94.87056843789644
Basic Materials,23.028558789144085
Industrials,13.751797484888504
Healthcare,9.724012899256039
Consumer Defensive,7.800847947369257
N/A,7.4651389957958765
Consumer Cyclical,5.786707785113041
Energy,-1.3835439552065527
Communication Services,-4.168130388817725
Technology,-7.89577504273389
Financial Services,-9.390764238069812
Utilities,-20.082640538212146
Real Estate,-28.613080792909663
