Communication Services,13.16912127432084
Healthcare,-1.8121119498247258
Basic Materials,-2.383720794068478
Consumer Defensive,-6.0483496703393556
N/A,-7.143104603521678
Real Estate,-9.309911173101458
Energy,-9.431598487070056
Consumer Cyclical,-11.532891424076315
Technology,-11.6764318041272
Financial Services,-12.595066451763433
Utilities,-17.39151820533193
Industrials,-17.963175975240148
