Communication Services,30.518193644776503
Utilities,22.912631556150053
Basic Materials,21.507722088024074
Energy,20.39546823826911
Technology,19.255409509552102
Healthcare,19.017493592402726
Industrials,15.895036672781377
Consumer Cyclical,13.351272701596226
Financial Services,11.620888344229474
Real Estate,8.926849318890975
Consumer Defensive,2.6908391769123314
N/A,-3.3552690003696677
