Communication Services,3253.4631114666586
Technology,388.17207873064166
Real Estate,32.11283424518417
Utilities,26.398519124711918
Energy,21.968229109555487
Basic Materials,21.475028356153583
Consumer Defensive,15.690388390479955
Healthcare,10.454948919546842
Industrials,9.884597446869392
N/A,4.924805480719301
Financial Services,3.934986241621934
Consumer Cyclical,1.2364560138909784
