Consumer Defensive,1.17732917429715
Real Estate,-0.8343752187194222
N/A,-1.3330742102136928
Industrials,-3.413355250974829
Utilities,-3.596827683938521
Energy,-4.329592398803056
Healthcare,-4.828498224481727
Communication Services,-5.875812069237998
Basic Materials,-6.275059677594072
Financial Services,-6.321561105339135
Consumer Cyclical,-7.695360325317048
Technology,-11.169591735855011
