Consumer Defensive,889.1698388245076
Financial Services,46.58032403316857
Communication Services,20.362009746406287
Technology,19.29545390249201
Industrials,15.377252010787325
Healthcare,14.328068038497006
Basic Materials,13.93898815320505
N/A,11.351389994339314
Energy,10.571711897531722
Consumer Cyclical,9.035383362921952
Utilities,7.5178913323013585
Real Estate,2.2708948701598004
