Communication Services,181.59915132096472
Real Estate,32.650774447168196
Basic Materials,29.16202509479393
Utilities,26.834970756897377
Energy,22.090198661130316
Technology,21.940019590839196
Industrials,19.00703792183268
Consumer Cyclical,12.958886352587747
N/A,7.594050050739155
Healthcare,5.088023591225081
Consumer Defensive,3.5147316061774143
Financial Services,3.0748443417953184
