Financial Services,4545513.041860461
Technology,124.00907318129337
Communication Services,57.97296832106743
Industrials,50.53503358702749
Energy,33.37871002694475
Consumer Defensive,13.309449925857749
Consumer Cyclical,9.98617970835299
Healthcare,6.7184809136563794
Utilities,5.490542431991167
N/A,1.120685402404553
Basic Materials,-1.1382182595755084
Real Estate,-4.074097978317357
