Communication Services,55.73344633242368
Utilities,43.834672473850176
Real Estate,41.687894828870995
Technology,23.241602520007238
Healthcare,15.788572859940663
Financial Services,14.34699428691731
Energy,10.086288111564967
Industrials,9.659716303324975
Basic Materials,4.22684499675869
N/A,4.085699269844732
Consumer Defensive,0.5505633862305231
Consumer Cyclical,-1.2534445660608184
