Consumer Defensive,734.6684291785093
Industrials,576.2305953442977
Consumer Cyclical,461.0791258581206
Basic Materials,20.57579846653169
Healthcare,17.1805187271875
Financial Services,11.1963332508821
Real Estate,9.860467261073238
Communication Services,9.194143449987369
N/A,8.588580172643704
Technology,7.8568879662896265
Utilities,3.6654455837724287
Energy,2.839760201208896
