Communication Services,219.81284313072422
Real Estate,39.962672093784576
Industrials,35.58439015116407
Technology,24.03131181937497
Healthcare,16.110078640851377
Financial Services,14.489608925907165
Basic Materials,10.827912952512657
Energy,4.477529312412969
N/A,4.2486641405105114
Consumer Defensive,3.569861438654705
Consumer Cyclical,3.35702723780577
Utilities,2.9453260208066854
