Consumer Defensive,702.6095067532308
Industrials,351.57484511502787
N/A,26.98277105641715
Healthcare,20.037318296363324
Technology,17.702710079422463
Energy,14.018570827814385
Financial Services,12.911770921997633
Basic Materials,9.916520654849174
Utilities,8.199743434007873
Communication Services,7.768404819355862
Real Estate,3.5426725240610972
Consumer Cyclical,-6.377696838096534
