Communication Services,653.830045435079
Real Estate,300.0691708641032
Industrials,106.9382936750348
Utilities,74.5734834227977
Financial Services,65.15841557166227
Healthcare,62.3720079946724
Basic Materials,44.335503721041526
Technology,31.368651423146567
Energy,28.318994618091526
Consumer Cyclical,25.138087307708012
N/A,10.629799182597184
Consumer Defensive,3.3888928766445363
