Communication Services,382.8082919684017
Real Estate,38.55250653823261
Financial Services,19.407795536331378
Technology,14.502275928386739
Consumer Cyclical,11.74865840826902
Hardware,10.90483101568909
Energy,9.924774166083688
N/A,7.435680746980226
Industrials,6.128120662978073
Healthcare,3.93987411751372
Basic Materials,2.511997747974821
Consumer Defensive,0.8544805977433712
,0.0
Utilities,-2.6723910738277246
