Consumer Defensive,419.6173664670057
Industrials,344.4113946125414
Consumer Cyclical,282.62173505977404
Basic Materials,15.439836175913953
Healthcare,15.01230517533926
Financial Services,8.05614556876821
N/A,7.248721584749041
Communication Services,7.030682128732406
Real Estate,6.034369465846504
Technology,5.627003852793321
Utilities,4.8690091039780965
Energy,0.7721624836631715
