Communication Services,26.23410434301812
Basic Materials,8.250595884667236
Real Estate,1.3360476111997492
Utilities,-0.24547369648156406
Healthcare,-0.6166851075984293
Financial Services,-0.639665551837207
N/A,-1.6073204116871171
Consumer Defensive,-1.7580639499419455
Industrials,-3.83341274779103
Energy,-4.937631866670527
Technology,-7.347971963729748
Consumer Cyclical,-8.631676326812311
