Communication Services,29.544996848640128
N/A,18.47727915180079
Basic Materials,18.31688322666128
Industrials,16.905621532476257
Healthcare,16.01867315939716
Consumer Cyclical,4.536228620380293
Financial Services,4.340874111359274
Energy,3.756876925622333
Utilities,3.4945962298428563
Real Estate,3.387409532154538
Technology,2.853591008042628
Consumer Defensive,0.7064207865354433
