Communication Services,114.12200619442334
Artificial Intelligence,36.01933999857294
Industrials,29.24706047767142
Real Estate,25.61875432602907
Healthcare,15.561120189329245
Basic Materials,15.209696843307482
Technology,13.919915855923996
N/A,10.932415535522944
Financial Services,7.496000873197593
Utilities,5.842180267194979
Consumer Cyclical,3.6103215882031403
Energy,2.723750068106229
Consumer Defensive,-0.9821963705093352
