Communication Services,14.802598712894133
Basic Materials,12.814812393485916
Healthcare,4.988730979533134
Financial Services,4.84225223741981
Technology,4.496574984570912
Consumer Cyclical,1.712579358048416
Industrials,1.6749017290922992
Real Estate,1.1068720860938221
Utilities,0.8608111813315414
Consumer Defensive,0.7006274933918862
Energy,0.05451710706713426
N/A,-2.8994664112781385
