Communication Services,136.55405239901307
Real Estate,36.91654907983978
Industrials,22.897591932839624
Technology,15.25216267092539
Healthcare,13.518536368147611
Basic Materials,9.51630917010624
Financial Services,9.079689129393145
Energy,6.4259967970105185
Consumer Cyclical,4.991026426300975
Utilities,3.042399587702563
N/A,2.9333345825670984
Consumer Defensive,0.08682304428092336
