Communication Services,37.446640927327614
Industrials,32.18332026304346
Utilities,31.28018542184361
Healthcare,30.221596334285632
Consumer Cyclical,29.36426054404812
Technology,26.640658111943555
Consumer Defensive,19.13398117523726
Financial Services,13.976324136149781
Energy,8.661303708561373
N/A,6.752899616071659
Real Estate,6.640386088114325
Basic Materials,5.197832867216449
