Communication Services,20.3379887693795
Consumer Defensive,17.33076665414949
Healthcare,5.643867316114447
Technology,4.822688548860417
Real Estate,2.547688842861633
Energy,2.054534452038288
Financial Services,1.518269923911459
Consumer Cyclical,1.2871253051803373
Industrials,0.5690753615705838
N/A,0.2514737941030721
Utilities,-0.24622578094481604
Basic Materials,-7.942077332865174
