Communication Services,10.836256426069932
Technology,8.896637273549896
Utilities,8.72419819859452
Healthcare,8.501184570249078
Energy,5.888229715483507
Industrials,3.2185807377607327
N/A,3.0436238649488767
Basic Materials,0.5978662971134014
Financial Services,-0.10201993120937534
Consumer Defensive,-0.5537313764675479
Real Estate,-1.8113336271862763
Consumer Cyclical,-4.4685642206231515
