Financial Services,2.741163411402478
Industrials,2.421763739296532
Real Estate,2.3971670291694283
Consumer Defensive,1.393650851771574
Communication Services,0.599142886260285
Energy,0.3438866077253012
Technology,0.2142348238622349
Utilities,-0.21348368921584301
Consumer Cyclical,-2.144527211113503
Healthcare,-4.480254263829565
Basic Materials,-5.168031530747317
N/A,-6.270146683287398
