Communication Services,29.00520061897089
Financial Services,5.408527626577998
Industrials,2.939572758254267
Healthcare,1.6264728557337047
Technology,1.264322445061706
Basic Materials,0.3205043362637694
Energy,-0.7419650118473129
Consumer Defensive,-1.052849563542019
Real Estate,-1.5998274655120877
Utilities,-2.2657574265746847
Consumer Cyclical,-4.569735905112406
N/A,-4.904264170981069
