Communication Services,154.1374928604376
Healthcare,45.61257862744658
Basic Materials,39.299635260017325
Energy,28.830748285213122
Utilities,25.52091253016377
Real Estate,19.793610654952708
Technology,15.08100741921722
Industrials,13.67090424777741
Financial Services,10.06463065024919
Consumer Cyclical,0.8289636500104508
N/A,-5.421537935691159
Consumer Defensive,-7.669674257068995
