Communication Services,1402.496280864753
Industrials,29.29176097147986
Real Estate,25.001661900604326
Technology,16.08610015255286
Basic Materials,15.08863399200822
Healthcare,13.0406768552915
N/A,12.363515480713119
Financial Services,7.409968745209304
Energy,7.361070780953069
Consumer Cyclical,7.018194940600875
Utilities,3.914466878326209
Consumer Defensive,-1.4532273887433407
