Communication Services,16.07297721536317
N/A,15.540780131360913
Technology,10.95968980785186
Utilities,7.963414137111611
Energy,4.765461550377412
Healthcare,3.0009489588701244
Industrials,2.808757934693564
Real Estate,2.2261771074778895
Basic Materials,0.7297862809634452
Consumer Defensive,0.16778878407235887
Financial Services,-1.0589761679784881
Consumer Cyclical,-4.930174112179632
