Communication Services,8.889339151061973
Real Estate,-1.1794241946797877
Basic Materials,-1.1813172914069967
Consumer Defensive,-2.3977446957507675
N/A,-4.139211304133052
Utilities,-4.834865793141926
Healthcare,-6.056860958676928
Energy,-6.2247272325230085
Financial Services,-6.274777523843539
Industrials,-8.326164219082447
Technology,-9.523162825309242
Consumer Cyclical,-11.842264863798833
