Consumer Defensive,825.5808952913918
Industrials,416.51049477328934
Financial Services,160.60607497544243
Technology,12.706382053355519
Communication Services,11.724018873834394
Basic Materials,10.092019502742575
N/A,8.216199618595269
Utilities,5.667162819852621
Energy,4.094674434416071
Healthcare,3.904128936466187
Real Estate,2.495132265314303
Consumer Cyclical,1.2012809096931503
