Consumer Defensive,880.6122421703651
Financial Services,50.87266781939408
Communication Services,20.362009746406287
Technology,20.04289928545069
Healthcare,15.115683794401285
Industrials,14.455738871104831
Basic Materials,13.93898815320505
Energy,10.571711897531722
N/A,10.505555554654658
Consumer Cyclical,8.579412417559427
Utilities,8.292406422289872
Real Estate,2.26943019603911
