Consumer Defensive,8.452952564297576
Basic Materials,2.593396014479693
Healthcare,0.5293357147845592
Utilities,-0.39665847617447514
Real Estate,-0.9119893970096209
Financial Services,-1.4555398711013174
Communication Services,-3.8544755609095156
N/A,-4.519279468615942
Industrials,-5.304707786648822
Technology,-6.727360112929006
Consumer Cyclical,-9.076822011812993
Energy,-9.135894794654407
