Communication Services,122.78486206119922
Technology,10.922951280985037
Hardware,7.931740623841726
N/A,6.828241884557267
Energy,5.6503107977374905
Healthcare,2.8978624278931924
Financial Services,1.696528020077805
Basic Materials,1.5970325720374519
Industrials,1.354122353365533
Consumer Defensive,0.94874355463054
Real Estate,0.7709225344572318
,0.0
Consumer Cyclical,-0.3625597812232425
Utilities,-2.018606654451688
