Communication Services,2393.081535022081
Industrials,38.14633046240189
Real Estate,34.67019329241106
Technology,23.28941982173789
Healthcare,22.47448874603426
Financial Services,12.986982360980885
Basic Materials,10.050557711874749
N/A,8.712405591858268
Energy,7.224771628514155
Consumer Cyclical,6.066168906713071
Utilities,2.874236957942814
Consumer Defensive,2.231958536653948
