Financial Services,352.086437865954
Industrials,96.57700478184579
Basic Materials,21.022258322429874
Healthcare,20.739456158419976
Real Estate,18.267791440413674
Utilities,17.915233207134644
Consumer Cyclical,11.666338836260914
N/A,9.843426369630166
Technology,1.0718067695732196
Consumer Defensive,-0.06660898084762247
Communication Services,-0.09732122597638365
Energy,-5.0862323672338094
