Communication Services,21.688982829252744
Basic Materials,5.521821419009546
Utilities,-0.17440850827862478
Real Estate,-1.152149129233658
N/A,-1.2637973405740541
Consumer Defensive,-1.4664273128068583
Financial Services,-1.8672634897912292
Healthcare,-3.6761324433475013
Industrials,-4.119467674176735
Energy,-7.2339934439735
Technology,-8.19224126879211
Consumer Cyclical,-8.715256870602332
