Communication Services,1113.4384630839063
Real Estate,44.100869594345525
Industrials,30.91799015248884
Technology,25.354267013349777
Financial Services,23.211696108892735
Healthcare,19.564188944056344
Utilities,18.252727623933826
Basic Materials,15.359760571019532
Energy,7.366521686861727
N/A,5.863424720928084
Consumer Cyclical,3.726234762415859
Consumer Defensive,1.3645021711684604
