Consumer Defensive,2420.969812212529
Industrials,1295.7526654160984
Financial Services,49.4389937652578
Utilities,48.54795564746811
Technology,47.74829093997536
Energy,42.645819014825626
Healthcare,35.92690513807147
Communication Services,33.05509633768708
Basic Materials,30.29885931807141
N/A,26.661713820930547
Real Estate,16.72408821899015
Consumer Cyclical,-37.45729681904301
