Communication Services,1167.21484658995
Technology,447.1016681063156
Industrials,43.40633008518645
Basic Materials,35.25940750628579
Utilities,23.314004439849704
Healthcare,22.62178110243892
Consumer Defensive,14.607097593361132
Energy,14.528483773524709
Financial Services,14.04595589833667
Real Estate,11.485031522553284
Consumer Cyclical,6.194915521003262
N/A,2.1654009661565365
