Financial Services,5.867974615314395
Industrials,5.277357499460039
Healthcare,2.8981607598950547
Basic Materials,1.8713526309786128
Communication Services,1.3054986983455985
Energy,0.07052065438534183
Utilities,-0.8970925020051238
Real Estate,-0.9788089762634401
Consumer Defensive,-1.0587043908266074
Technology,-1.8238961554044142
N/A,-4.267502482545249
Consumer Cyclical,-4.753148892124386
