Communication Services,176.40953166410918
Real Estate,73.83404481915134
Energy,21.14806763776483
Technology,17.369625051872898
Basic Materials,17.3317720203947
Utilities,14.357810259745657
Financial Services,13.33546174409867
Healthcare,10.21224956612416
Industrials,8.609893312730309
N/A,7.4059384778749555
Consumer Cyclical,4.8864899881117205
Consumer Defensive,3.743352231217078
