Consumer Defensive,-5.047999607013199
Utilities,-6.98834254104551
Basic Materials,-8.633395011565248
Real Estate,-9.165188421182325
Consumer Cyclical,-9.42882490581393
N/A,-10.909906819627023
Financial Services,-12.100526965142999
Communication Services,-13.530426408524312
Healthcare,-13.604935426542816
Industrials,-14.014483510869054
Technology,-18.140690033826083
Energy,-18.31253727729202
