Communication Services,1098.663772026014
Technology,238.46342050254654
Real Estate,42.229171279472695
Industrials,27.087838492308737
Healthcare,21.558376363388664
Basic Materials,16.15752023020729
Utilities,14.912518050409522
Financial Services,12.231081066430812
Energy,12.034533663363932
N/A,7.504573240263676
Consumer Cyclical,1.8766429311396238
Consumer Defensive,-0.19116776015359155
