Consumer Defensive,434.5737284922842
Industrials,349.85488713032066
Consumer Cyclical,287.23703903221104
N/A,15.862188568650673
Healthcare,12.510376342078004
Real Estate,11.030522227948786
Basic Materials,9.896434228728433
Communication Services,6.881189426952022
Technology,6.871005569289294
Financial Services,6.188901684549162
Energy,5.517902582897772
Utilities,3.582135842489176
