Consumer Defensive,431.7347212198307
Industrials,412.5296308781119
Financial Services,115.598804424754
N/A,23.73766908756846
Technology,20.153403245440416
Utilities,12.318827454339242
Basic Materials,11.307971427862869
Communication Services,11.068487920604506
Energy,7.156374338268385
Real Estate,6.012635563618955
Healthcare,5.312903061206401
Consumer Cyclical,-4.567644444014647
