Communication Services,3411.7204096705896
Real Estate,276.21194450384814
Industrials,141.28844140593662
Healthcare,68.88043230016623
Utilities,65.80239905831304
Financial Services,64.97023763840201
Technology,53.231235751976676
Basic Materials,41.227673341502125
Consumer Cyclical,29.686748801169777
N/A,29.388376275969716
Energy,21.648245970111297
Consumer Defensive,-3.1269107796905424
