Communication Services,9.722229410081136
Energy,7.11578872116748
Industrials,5.248952464115093
Financial Services,4.727169459692517
Technology,4.273299078352871
Healthcare,2.1310376360272465
Real Estate,2.1261435024021105
Basic Materials,2.0451224390969758
Utilities,1.504562924516966
N/A,0.3966394279846371
Consumer Defensive,-0.4382012825557665
Consumer Cyclical,-0.5037365857079934
