Consumer Defensive,701.4533298218402
Industrials,614.9466643059844
Financial Services,73.96986267573745
Technology,16.389844811238312
Healthcare,15.662904170960665
Utilities,12.482699470427377
Energy,11.05910359979931
Communication Services,10.762837628519726
Basic Materials,9.639568430153899
N/A,5.169778317392589
Real Estate,4.145664812074182
Consumer Cyclical,-16.699033469249393
