Communication Services,173.77940641153114
Real Estate,98.68299396997047
Energy,15.547536865665032
Basic Materials,12.995230472594733
Technology,11.634205672790351
Utilities,8.395137099161778
Healthcare,5.408851250866665
Consumer Cyclical,4.813031681662277
Financial Services,4.673684036787184
Industrials,4.062896339280522
Consumer Defensive,3.605093300531389
N/A,3.0741321324058037
