Communication Services,426.14702879259994
Real Estate,204.80295027825665
Industrials,123.86671754512426
Basic Materials,104.82330632030107
Healthcare,67.96481027577286
Utilities,66.3187286103399
Artificial Intelligence,54.02900999785941
Technology,28.914257490786575
Financial Services,22.043482924835914
Energy,18.266199368304054
Consumer Cyclical,15.701984520104189
N/A,8.72187107088995
Consumer Defensive,0.6602488259341918
