Communication Services,528.8794235500752
N/A,45.246719595467994
Real Estate,33.72337134846333
Financial Services,18.576872506704824
Technology,15.133095676343697
Basic Materials,15.00855896458686
Healthcare,10.92098710119395
Consumer Defensive,10.63451289414358
Consumer Cyclical,7.727225932018341
Energy,4.774537640492193
Industrials,4.426032215777795
Utilities,-2.9190631641059075
