Communication Services,28.41860376471544
Basic Materials,12.933500368603903
N/A,6.390143945376702
Healthcare,1.9895346678649506
Financial Services,-1.7308845985297743
Industrials,-3.034570359485046
Consumer Defensive,-3.7216772234809117
Utilities,-4.058433408412198
Technology,-7.114568726272135
Real Estate,-9.240317558425598
Consumer Cyclical,-9.284457886479611
Energy,-14.05914603961937
