Consumer Defensive,2936.313638356994
Industrials,2032.9898828449213
Consumer Cyclical,1403.4330032298706
Basic Materials,57.008070242567776
Financial Services,46.852843784428465
Real Estate,38.94376829322853
Healthcare,37.595189311280336
Utilities,22.01842513504825
Communication Services,20.710324719727925
N/A,18.904259177333675
Technology,17.673220965113256
Energy,14.306400726605494
