Financial Services,298.6629084034296
Industrials,104.27381945459348
Healthcare,20.739456158419976
Real Estate,18.267791440413678
Utilities,17.915233207134644
Basic Materials,14.672111148930307
Consumer Cyclical,11.994103820225545
N/A,11.730775295726524
Technology,1.0412575067627374
Consumer Defensive,-0.06660898084762187
Energy,-0.7220114131380362
Communication Services,-1.0485800903397735
