Communication Services,31.138724750248066
Basic Materials,14.248757058951227
Healthcare,-0.6037714219425419
Consumer Defensive,-3.0010043482602655
Real Estate,-6.5489258117378295
Financial Services,-8.750228636557669
N/A,-11.572938898814616
Utilities,-11.900117523426813
Technology,-13.030343150430545
Energy,-13.741729378590517
Industrials,-16.438432868908354
Consumer Cyclical,-18.80378861930446
