Financial Services,52.952069957425
Industrials,42.15312058639923
Utilities,35.63597030178342
Technology,33.91520914069857
Basic Materials,30.424693651747276
Energy,24.82927792518105
Communication Services,24.589419702948696
Healthcare,13.664383273606134
Consumer Defensive,11.72825163346705
Real Estate,1.8898429656836835
N/A,-7.94217855850634
Consumer Cyclical,-62.7671711365755
