Communication Services,35.50303794726857
Basic Materials,30.35650027127642
Industrials,20.3924398225793
Financial Services,13.63726576926516
Healthcare,12.479500089003535
Technology,10.276797736105003
Consumer Defensive,9.981412298206362
Consumer Cyclical,4.91796212110028
Utilities,2.119411264861548
N/A,1.322037927785028
,0.0
Energy,-4.147758892863429
Real Estate,-8.050702766257938
