Communication Services,2712.6565711332805
Real Estate,164.2600138972164
Industrials,47.4777243933955
Basic Materials,38.68217874249918
Technology,29.137007982595627
Energy,28.102248575100393
Healthcare,22.337991347560592
Utilities,21.049204102045195
Financial Services,7.403201516201054
N/A,6.126257080448092
Consumer Cyclical,5.038272534698927
Consumer Defensive,1.1256553459767316
