Communication Services,1088.9856552149058
Industrials,35.78371078664935
Basic Materials,33.75878521718139
Healthcare,22.6752210679157
Real Estate,18.916560301312877
Energy,13.964380212041723
Utilities,12.023312044696773
Technology,8.740398126204461
Financial Services,7.672334927527302
N/A,6.221775799202544
Consumer Cyclical,1.8353647469138061
Consumer Defensive,-0.4903921927554611
