Financial Services,2.351268610822123
Industrials,1.5946151655284253
Real Estate,1.5860985497559155
Technology,1.3681892158619482
Utilities,-0.2841594246273509
Communication Services,-0.6580554234897448
Consumer Defensive,-0.7584369367414279
N/A,-0.95580763023263
Energy,-2.4620699101387395
Consumer Cyclical,-3.269247308919975
Basic Materials,-3.8160496251438185
Healthcare,-4.132859436488307
