Communication Services,120.94178969750969
Real Estate,74.25391813432108
Technology,38.0527185676956
Healthcare,17.124508283576905
Industrials,15.747484096232455
Basic Materials,11.767967071196255
Utilities,7.861171500717309
N/A,5.763178742073783
Consumer Cyclical,4.6374992493418725
Financial Services,2.3891315706939853
Consumer Defensive,1.3740171756275523
Energy,0.9254022782661787
