Communication Services,13.374662563341717
Healthcare,-1.5824675958638268
Basic Materials,-2.383720794068478
Consumer Defensive,-6.0483496703393556
N/A,-6.4750747822776935
Energy,-10.374758335777063
Technology,-11.895094694529448
Consumer Cyclical,-13.455328641775413
Real Estate,-13.728284331251947
Industrials,-15.157061783820872
Financial Services,-15.78703279270098
Utilities,-17.389399209603564
