Communication Services,1385.8560923141376
Industrials,26.30224813580281
Technology,23.310123792198958
Real Estate,20.925430746842032
Healthcare,17.480255640072897
Financial Services,11.9291359293804
Basic Materials,11.293215229686183
Utilities,10.520935166950087
N/A,5.0731345470927005
Energy,4.722352673735457
Consumer Cyclical,3.6714227129483734
Consumer Defensive,0.9487990964062238
