Communication Services,9.189290575076019
Industrials,3.8075774476857185
Healthcare,3.298473286220362
Basic Materials,2.983648551621755
Technology,2.1617349591960613
Financial Services,2.055007031056194
N/A,1.3185761139739738
Energy,1.0276301266694456
Consumer Cyclical,0.3942943818773513
Real Estate,0.13332763836723452
Utilities,-0.32995401346189474
Consumer Defensive,-2.127646022155026
