Communication Services,13.630117357975715
Energy,13.162947014761722
Healthcare,3.4420255445644963
N/A,1.5461189814406977
Consumer Defensive,-0.07347817634153873
Utilities,-0.38298109756127613
Industrials,-6.371603105330673
Technology,-9.103889552547683
Consumer Cyclical,-13.401748559237783
Financial Services,-16.39533296671902
Basic Materials,-19.76402206955779
Real Estate,-25.86719897147868
