Communication Services,533.8066722961543
N/A,45.30699931087332
Real Estate,33.723371348463324
Financial Services,18.147248134154243
Consumer Defensive,15.891306253311605
Technology,15.133095676343697
Basic Materials,15.00855896458686
Healthcare,11.048253916252602
Consumer Cyclical,8.736714152643636
Energy,4.774537640492193
Industrials,3.805148135899649
Utilities,-2.9190631641059075
