Communication Services,3861.4345064369477
Real Estate,134.09622448555848
Industrials,128.96436726849012
Healthcare,70.78645428819014
Utilities,64.81221209642689
Basic Materials,61.2780204804929
Energy,51.91587387729542
Financial Services,34.669487008109584
Technology,33.61561701594512
Consumer Cyclical,19.988346356131057
N/A,6.4002085172109044
Consumer Defensive,2.137301673844376
