Communication Services,189.66797472853813
Real Estate,46.56243007579093
Technology,40.45766262981503
Basic Materials,26.26732264212835
Energy,9.49239571186368
Industrials,9.224976188721307
Utilities,6.654545096738715
Consumer Cyclical,5.934175613663931
N/A,4.992563792460538
Consumer Defensive,2.227154776168385
Financial Services,1.968441077841799
Healthcare,-0.7002704151267701
