Consumer Defensive,675.0254973009331
Industrials,351.9815615450692
Healthcare,17.990324920833935
Technology,17.598138588705645
N/A,16.03600467360787
Energy,13.476114607468288
Basic Materials,13.45765081188346
Financial Services,12.321286784732559
Communication Services,10.251333938428019
Utilities,8.199743434007873
Real Estate,2.9068489734940126
Consumer Cyclical,-6.154021147647198
