Financial Services,19.06935148944272
Healthcare,13.929922769668307
Industrials,13.72495057064907
Utilities,8.63300282121291
Consumer Cyclical,8.153403318721248
Technology,6.331260007126626
Real Estate,4.974895297384938
Energy,1.25022705093307
Basic Materials,0.5053016097213425
Consumer Defensive,0.44829336484913695
Communication Services,-0.43196596211699617
N/A,-1.9712218445803795
