Communication Services,149.16670488628947
Financial Services,121.22104903870466
Industrials,65.82185337660827
Utilities,65.5791756910805
Basic Materials,64.171644736979
Technology,59.2734880827281
Energy,58.48430474153485
Healthcare,45.06070899087084
N/A,37.066221310159726
Consumer Defensive,34.44588530097601
Real Estate,18.517437437766823
Consumer Cyclical,-70.26883307161765
