Consumer Defensive,36.70704768561883
Technology,14.98475500319747
Industrials,7.773058948818043
Consumer Cyclical,6.510474974632381
Communication Services,5.0824617151163665
Utilities,4.492437027010888
Financial Services,4.471083433618383
Healthcare,3.2290417068435913
N/A,2.7036553455365553
Basic Materials,0.3541085641953701
Real Estate,0.19692431657611237
Energy,-1.4370534588425927
