Communication Services,27.189774089799176
N/A,14.176284852201237
Basic Materials,12.933500368603903
Healthcare,0.8485579990087337
Utilities,-2.434855648365987
Industrials,-3.321825394801611
Consumer Defensive,-3.8745844807647973
Financial Services,-6.581333561468096
Consumer Cyclical,-8.743224862540401
Real Estate,-9.240317558425598
Technology,-9.284963201211893
Energy,-14.05914603961937
