Consumer Defensive,3131.40059201005
Industrials,2166.521118415428
Consumer Cyclical,1647.9649585509787
Real Estate,89.54271746315838
Healthcare,52.90578384134668
Basic Materials,43.627934669891175
Financial Services,33.449135741455855
N/A,32.344868327124885
Communication Services,30.457383185876335
Technology,25.422451741711242
Energy,23.781644696257445
Utilities,21.09516447663155
