Consumer Defensive,758.1524106680193
Industrials,518.7213358299489
Consumer Cyclical,393.49721338877214
Healthcare,23.411491605083768
Basic Materials,16.692374439472665
Technology,14.669760360065752
Financial Services,12.582897486421771
N/A,11.368738493817926
Communication Services,7.716582498506701
Utilities,6.3032940435701095
Real Estate,5.939295473035758
Energy,2.767406119025535
