Communication Services,8.306660048095605
Healthcare,3.178863399599043
Industrials,2.5862761483754975
Energy,2.380286146712883
N/A,2.1482639145324804
Technology,0.344950182171061
Basic Materials,0.2948415046640734
Utilities,-0.6962521586002812
Consumer Defensive,-1.0114808364618522
Real Estate,-1.413177601631426
Consumer Cyclical,-1.566894992489248
Financial Services,-1.7553345029744134
