Financial Services,50.59402199415353
Technology,37.854922373394885
Utilities,36.73055208992918
Healthcare,28.003880538299146
Consumer Cyclical,27.630110165182803
Industrials,25.6968126544803
Communication Services,16.50444752174299
Energy,12.471198969280776
Real Estate,11.78204082640421
Consumer Defensive,8.687157800687299
Basic Materials,1.5918469748281565
N/A,-2.0282409575309193
