Communication Services,162.87645915453962
Technology,57.28726590738339
Industrials,25.32744808286147
Real Estate,22.460137818799783
Healthcare,13.02772395081083
Financial Services,12.882032132246339
Basic Materials,9.712957638581868
Energy,6.93501229494525
Consumer Cyclical,6.910714003858902
N/A,4.2935154903137995
Utilities,1.8922580315141018
Consumer Defensive,-0.293066773212301
