Communication Services,4241.190332512847
Real Estate,226.36378920761064
Industrials,146.41174984417347
Financial Services,81.3888578870119
Utilities,68.29323422368851
Technology,62.85402879320102
Healthcare,60.638709601112154
Basic Materials,38.496703885509994
Consumer Cyclical,23.05686804747798
Energy,14.484045198284685
N/A,7.857493074308372
Consumer Defensive,-1.6650864493084738
