Communication Services,679.1580598663833
Real Estate,325.0606467270258
Industrials,122.7184917668018
Financial Services,61.07571374552211
Technology,55.00769107913799
Healthcare,49.582744620772566
Basic Materials,36.674159455459545
Utilities,32.96975486620554
Consumer Cyclical,32.91717563218051
Energy,14.836160249651941
N/A,5.737441757612291
Consumer Defensive,4.429785749612451
