Consumer Defensive,2801.447954868845
Industrials,1883.7792740818848
Financial Services,289.1421666534255
Utilities,64.61825137379172
Energy,46.85083076906049
Technology,46.36100979441849
Basic Materials,42.68451981462489
Real Estate,36.82555082383486
Healthcare,31.673462425064262
N/A,24.27190797501858
Communication Services,23.34129677347314
Consumer Cyclical,-30.778896568023004
