Communication Services,14.84402655191952
Consumer Defensive,11.875807632287303
Technology,11.198474704855755
Utilities,11.16533175378363
Financial Services,10.601967610434524
Consumer Cyclical,8.324824387453123
Healthcare,5.913163442993921
Real Estate,4.582639763998607
Industrials,0.2421799419632454
Basic Materials,-1.0724706264225323
N/A,-7.591779557174612
Energy,-11.709386357356665
