Consumer Defensive,443.1479968070608
Industrials,423.0286428194885
Financial Services,116.04815657880853
Technology,20.087297756376117
Utilities,12.318827454339242
Communication Services,11.068487920604506
Basic Materials,8.700890460760817
N/A,8.101635402203234
Energy,7.444693347923763
Real Estate,6.052338410328691
Healthcare,5.045038871858568
Consumer Cyclical,-4.278473396423612
