Financial Services,49.29241466874239
Healthcare,47.85535681827945
Technology,26.171063705418547
Utilities,24.891748917457058
Industrials,22.320711229605706
Energy,15.625643036887828
Consumer Cyclical,14.527105718090287
Consumer Defensive,14.516845486111917
Communication Services,13.52081643384378
N/A,9.386274026822045
Basic Materials,-2.0846009956189855
Real Estate,-11.283436119169204
