Communication Services,1217.6356598784291
Industrials,27.23310203233359
Real Estate,22.981470455196856
Technology,19.799756538206974
Healthcare,13.772128266673706
Basic Materials,13.11913422477629
N/A,11.985317437543024
Utilities,8.968344224008087
Financial Services,7.547260864685172
Energy,7.388335290097284
Consumer Cyclical,6.839327833629115
Consumer Defensive,-1.090108684987021
