Communication Services,222.09275859225622
Real Estate,38.13079354003984
Industrials,36.664876898098406
Technology,25.84162269966363
Healthcare,18.370344299533855
Hardware,16.854166984558105
Financial Services,14.176127570023363
Basic Materials,10.82917207303537
Energy,4.478117269139874
Consumer Defensive,4.429682687414799
N/A,3.6360057823111
Utilities,2.9453260208066854
Consumer Cyclical,2.6931515111276196
