Consumer Defensive,132.6830411213903
Consumer Cyclical,101.38759579935589
Healthcare,14.931596338440679
Communication Services,7.803831685952666
Financial Services,5.903899410641826
Real Estate,4.712305636066542
Utilities,4.381674738555233
Energy,1.444627245330177
N/A,-0.6666568021298986
Technology,-1.1420262541970665
Industrials,-6.916293300584467
Basic Materials,-10.231621275723798
