Communication Services,688.0278313014827
Real Estate,189.08360771102397
Industrials,82.36056239025937
Healthcare,70.40253379395365
Utilities,62.8138240518876
Financial Services,61.260127308586604
Technology,55.71008185529386
Basic Materials,52.35402670851555
Energy,34.424227053700065
Consumer Cyclical,20.737894352063517
Consumer Defensive,19.6470196852228
N/A,7.384283277722501
