Communication Services,484.4329505796926
Real Estate,261.61193878507714
Industrials,138.15230769802906
Healthcare,65.66284150041177
Financial Services,61.08860215345881
Technology,50.39914503925193
Utilities,42.77615620844153
Basic Materials,37.073876006938484
Consumer Cyclical,19.974779923106755
Energy,16.34663588116118
Consumer Defensive,6.272819478344288
N/A,5.6333199750851195
