Communication Services,126.36460591686345
Industrials,28.423810845088514
Real Estate,23.803216918256194
Technology,20.829888824830675
Basic Materials,14.630139482647145
Healthcare,12.830231427618711
Utilities,10.295824875983152
Consumer Cyclical,9.361491183769157
N/A,7.473804763425204
Financial Services,7.339179779797171
Energy,6.962734753985471
Consumer Defensive,-0.992480388860766
