Communication Services,19.749267433726594
Real Estate,16.851039857509498
Basic Materials,15.773688066857996
Industrials,15.715952215594465
Healthcare,15.07486556154007
Technology,8.076417796197399
Consumer Cyclical,6.402827765132723
Financial Services,3.636572125469941
N/A,-0.5473104827281927
Consumer Defensive,-1.7513744761742742
Utilities,-4.662748888779681
Energy,-6.2623751549318225
