Consumer Defensive,432.9463962283018
Industrials,313.3575803085145
Consumer Cyclical,246.7809036641141
Financial Services,90.22035681331933
N/A,15.871736331666675
Healthcare,10.782819713733359
Basic Materials,9.058126448638292
Utilities,7.258109021709005
Technology,6.481258858625729
Communication Services,2.931420232797213
Real Estate,2.499257806433599
Energy,-0.6215313633423161
