Financial Services,8.575150299661507
Healthcare,7.8863918896665
Technology,6.400122985444436
Consumer Cyclical,5.638986396781192
Industrials,4.561587186967477
Consumer Defensive,4.1997710527709895
Basic Materials,3.5032419098652143
N/A,3.4256675699797996
Communication Services,3.4105854522038177
Energy,2.9560149573678465
Real Estate,2.9497038952654373
Utilities,2.305740406202917
