Communication Services,15.422354204144149
Basic Materials,11.955134718755694
Technology,6.034908750736289
Financial Services,5.124298669488675
Healthcare,4.537218130803579
Consumer Cyclical,1.6765835927890376
Industrials,1.5648565826883067
Utilities,1.3056172953573373
Consumer Defensive,1.128517559424967
Real Estate,0.6203859965084688
Energy,-0.24433425588987123
N/A,-4.924210841308785
