Artificial Intelligence,19.69876900392362
Basic Materials,10.273482809354793
Energy,8.335833740135568
Industrials,6.888919196283224
Healthcare,4.503592319841205
Consumer Defensive,2.8979000494182743
Consumer Cyclical,1.8597942296980885
Communication Services,0.6517825762111957
Utilities,0.49278954025569244
Technology,-0.40757297617214133
Financial Services,-1.4480436580894975
Real Estate,-2.6305335019747584
N/A,-2.6530445655010984
