Communication Services,248.80097277801468
Real Estate,202.00370496975032
Healthcare,47.449098767088216
Energy,37.017378096881004
Utilities,33.138434270756186
Basic Materials,32.38838748048885
Financial Services,19.35498345236176
Industrials,16.53020118854373
Technology,7.695858914948887
Consumer Cyclical,-4.342981747372124
N/A,-8.656860294402483
Consumer Defensive,-25.673362196530647
