Communication Services,846.4180816338015
Real Estate,222.2809648336629
Industrials,113.28975842791438
Utilities,74.53725541129347
Financial Services,68.60745422040276
Technology,65.1221378551141
Healthcare,56.77834263449242
Consumer Cyclical,56.04751396716325
Basic Materials,39.148448140819994
Energy,27.45090421985158
N/A,6.704628308944244
Consumer Defensive,1.5038808154294405
