Consumer Defensive,776.2225148166698
Financial Services,61.95719690986557
Technology,25.77733504237054
Communication Services,24.85301990126639
Industrials,19.7207839706585
Basic Materials,19.487323796440965
Healthcare,16.255244717942784
Energy,14.212902183577977
Utilities,12.53086915666684
Consumer Cyclical,9.216863628992543
N/A,8.286048430790983
Real Estate,2.091011677821454
