Communication Services,165.83500046557813
Real Estate,144.61322039599293
Industrials,22.496266067449735
Basic Materials,18.667780153300736
Healthcare,13.392724721621082
Technology,13.374193327916784
Utilities,9.272838208443089
Financial Services,6.224594146092652
Consumer Cyclical,6.152167546950436
Energy,5.846699966555944
Consumer Defensive,4.950164089129917
N/A,4.222719861051911
