Consumer Defensive,792.1136264573338
Industrials,491.4602058451847
Consumer Cyclical,379.6702853348297
Financial Services,68.09561905864449
Technology,8.757707902789402
Utilities,8.650787610091243
N/A,7.846441494725527
Healthcare,7.123622449373047
Communication Services,5.369016347348903
Energy,3.5358640106086825
Real Estate,2.0863131297429653
Basic Materials,1.5706453633507391
