Financial Services,14.81711462112218
Utilities,13.345546060088873
Technology,9.109407384387538
Communication Services,7.360278052843718
Consumer Cyclical,6.234599724461072
Consumer Defensive,5.950558105278659
Real Estate,4.223080981259678
Healthcare,2.9681870872037717
Basic Materials,2.905395673263337
N/A,1.632062913944729
Industrials,-2.010247987200329
Energy,-9.946923952658498
