Communication Services,13.858064321539416
N/A,13.49130111362605
Utilities,9.006942799100955
Technology,7.3564034251391694
Energy,5.888229715483507
Healthcare,3.68651585761656
Industrials,3.4465822372330384
Basic Materials,0.5978662971134014
Consumer Defensive,-0.5537313764675477
Real Estate,-1.8113336271862763
Financial Services,-2.6568525068316178
Consumer Cyclical,-4.969133688999962
