Communication Services,29.116272975341328
Basic Materials,8.729512549088769
N/A,6.595051059594398
Consumer Defensive,-1.1346733135683704
Real Estate,-3.749311429160472
Healthcare,-5.106843724074032
Utilities,-5.501202016231343
Technology,-6.0284876026264795
Financial Services,-7.095334932314283
Consumer Cyclical,-11.514981702619476
Industrials,-11.54906236759114
Energy,-13.217518599711804
