Communication Services,24.136503299571952
Energy,23.74793995987098
Technology,10.865273030220813
Healthcare,10.368418869100962
Consumer Defensive,6.001973214597662
Utilities,1.7436780185667757
N/A,0.47608837914374674
Financial Services,-4.857515426111702
Industrials,-9.096486629445426
Basic Materials,-11.810755972941822
Consumer Cyclical,-12.940392767334737
Real Estate,-17.850829902417793
