Consumer Defensive,2420.935214828877
Industrials,1235.003625896374
Technology,48.11389122723787
Financial Services,46.99570741093443
Utilities,43.82973615872601
Healthcare,36.62131972006676
Basic Materials,33.707888927888675
Energy,32.10638876584066
Communication Services,28.508223875780747
N/A,23.75255359032681
Real Estate,16.582259672926043
Consumer Cyclical,-41.097975448152404
