Communication Services,4974.353297714661
Real Estate,298.4343889087346
Industrials,125.79363584055432
Healthcare,60.23557492907627
Financial Services,55.62160182422686
Technology,54.43016278765382
Basic Materials,33.96627869981937
Utilities,25.59883992150402
Consumer Cyclical,22.68177715843868
N/A,15.336653530555875
Energy,14.500969036671407
Consumer Defensive,9.260208028512274
