Consumer Defensive,431.7347212198307
Industrials,413.96369743923896
Financial Services,114.6896144131819
N/A,23.518081033469173
Technology,20.533852358789986
Utilities,12.318827454339242
Communication Services,11.068487920604506
Basic Materials,8.700890460760817
Energy,7.264205953585759
Real Estate,5.596082862890721
Healthcare,4.908738999170233
Consumer Cyclical,-4.681729763039767
