Communication Services,12.435925067154885
Basic Materials,0.2581414684262465
Utilities,-0.05880569436872896
Consumer Defensive,-0.18349897011659588
Financial Services,-1.0643157978492108
N/A,-1.5087917924319123
Technology,-2.9094207109967716
Real Estate,-3.2762112739051714
Industrials,-3.441170764891562
Consumer Cyclical,-4.075921303622271
Healthcare,-4.295004930862686
Energy,-7.141431494563098
