Financial Services,16.49091427081648
Industrials,11.170415341483764
Technology,7.303347997562249
Energy,-5.614268054491013
Basic Materials,-6.1613385565601915
Utilities,-7.083357210061579
Communication Services,-8.419819131989298
Consumer Defensive,-9.821218085755762
Healthcare,-14.892561857656633
Real Estate,-15.173804045588508
N/A,-16.17382593855921
Consumer Cyclical,-22.423649522768997
