Communication Services,221.70781614972248
Real Estate,44.91055204575604
Industrials,39.66532665915866
Technology,33.120085468133595
Healthcare,16.063578874809007
Financial Services,12.228952133123261
Basic Materials,12.072729518527096
Energy,4.910072616871373
Consumer Cyclical,4.034115069701684
Utilities,3.135091138273252
Consumer Defensive,2.701048095036337
N/A,2.2246146031034053
