Communication Services,3871.3896479862265
Real Estate,278.31501042191513
Industrials,150.47125531070347
Utilities,74.25672453232248
Healthcare,66.73021591093192
Financial Services,64.73782458998683
Technology,58.065107076433534
Basic Materials,43.41487258028486
Consumer Cyclical,30.35961900433863
Energy,21.648245970111297
N/A,8.538542873701488
Consumer Defensive,-3.9733951089576864
