Consumer Defensive,889.2421898461104
Financial Services,45.894096677055856
Communication Services,20.17072027047908
Technology,19.19107052907977
Industrials,15.06446786531982
Healthcare,14.368500674454891
Basic Materials,13.93898815320505
Energy,10.276689765567705
N/A,8.19336362070136
Consumer Cyclical,7.840426127224131
Utilities,7.5178913323013585
Real Estate,2.2708948701598004
