Communication Services,50.720603477894294
Basic Materials,22.489900324926847
Healthcare,20.15572935816978
Industrials,17.865645702629816
N/A,12.751837578856039
Financial Services,8.714407874106717
Technology,8.293522164001818
Energy,6.2252474542519725
Utilities,5.898759566828375
Consumer Cyclical,5.122755080306494
Consumer Defensive,3.8105751036636346
Real Estate,3.4684875035872853
