Communication Services,46.68982653256116
Basic Materials,22.714753348013218
Healthcare,20.7746172108276
Technology,9.848319409542794
Financial Services,8.05405707811291
Utilities,7.753729156445827
Industrials,7.4153692060673535
Energy,5.8792820647293365
Consumer Cyclical,5.322929429535876
Real Estate,4.525025155939248
Consumer Defensive,2.329030685857196
N/A,-1.4619827648007884
