Communication Services,57.885596138210076
Healthcare,17.417538875061382
Financial Services,16.02815506577504
Consumer Cyclical,15.183369737651896
Utilities,15.061115067056065
Industrials,14.360911615258695
Technology,8.460165735176261
Basic Materials,3.6640329379082672
Energy,3.1390686026519794
Real Estate,1.7014945908757655
Consumer Defensive,-1.2061273855605505
N/A,-7.950435594114495
