Communication Services,10.439884891365727
Basic Materials,9.253819544029056
Technology,3.220252828018888
N/A,2.6461369486299064
Healthcare,1.9302572810723735
Financial Services,1.7955102677708923
Utilities,1.081333911652693
Consumer Defensive,0.6379546802544892
Consumer Cyclical,-0.4611734890089153
Industrials,-1.2857906691163583
Real Estate,-1.3169539376703483
Energy,-5.710486701659591
