Communication Services,169.89895132516446
Real Estate,49.3900022848501
Industrials,39.40079718148127
Healthcare,22.232208207055034
Technology,20.892552949793778
Financial Services,15.076878611509548
Basic Materials,11.588851548332775
Utilities,10.488871290774156
Consumer Cyclical,7.050018102520038
Energy,5.535906839773087
N/A,2.824540409404519
Consumer Defensive,1.5855079198442654
