Consumer Defensive,2975.163487374636
Industrials,1405.8068189029093
Financial Services,424.4392179978364
Technology,50.30538313416121
Energy,49.35320365877974
Utilities,47.033977395180244
Communication Services,42.276428381476066
Basic Materials,29.560727256763105
N/A,18.544060644036477
Real Estate,14.288042067407243
Healthcare,9.474606786178606
Consumer Cyclical,-18.37047755475616
