Financial Services,46.27621458592725
Technology,45.42456169243933
Industrials,37.94597983629689
Utilities,17.786504161451223
Communication Services,17.326305467367476
Consumer Defensive,9.721865428142952
Consumer Cyclical,5.576731041353924
N/A,2.885689455614527
Energy,2.238720319957435
Basic Materials,0.02307601077082882
Healthcare,-6.954361128991058
Real Estate,-10.601265070041302
