Communication Services,21.678984775851987
Consumer Cyclical,19.947642958502552
Consumer Defensive,19.217607904931278
Technology,15.844004054656688
Utilities,14.8124879385535
Real Estate,14.388983632275401
Financial Services,13.943988705101377
Healthcare,13.56808987818553
Basic Materials,1.681361206340989
N/A,1.370301069796746
Industrials,0.6693614359341203
Energy,-11.747536000624422
