Financial Services,48.6114346539948
Healthcare,39.3384497992102
Technology,38.68484630440953
Utilities,36.7136026497229
Basic Materials,27.6527291114189
Consumer Cyclical,27.624517146656324
Industrials,27.250125237729094
Communication Services,16.166901028467368
Energy,13.006676231290845
Real Estate,11.78204082640421
Consumer Defensive,11.308028182711718
N/A,-1.2531980566339231
