Consumer Defensive,696.617447829789
Industrials,543.8480735262284
Financial Services,71.23314817735834
Healthcare,19.6603034236465
Technology,17.08779187432118
Energy,15.655820762175248
N/A,13.856188363846565
Basic Materials,12.811320416459512
Utilities,12.17299974122622
Communication Services,7.788087153969909
Real Estate,6.519679876006885
Software,0.013159148580493876
Consumer Cyclical,-11.725788266069467
