Communication Services,524.9210651740384
Real Estate,154.1005889895173
Industrials,130.01512297125046
Healthcare,56.010579355385836
Basic Materials,55.64328534863647
Artificial Intelligence,54.02900999785941
Utilities,33.69028744192102
Technology,32.12563664964501
Financial Services,24.55877514059376
Consumer Cyclical,21.480398323890217
Energy,18.72820160108684
N/A,16.15385495507456
Consumer Defensive,0.8468125256315633
