Communication Services,303.1694767377613
Energy,27.01177456883984
Technology,25.422654319700218
Hardware,12.89039085583609
Financial Services,12.801483004918113
N/A,12.299673286806362
Healthcare,10.776157968785473
Industrials,10.039132835331154
Consumer Defensive,4.164492627215018
Basic Materials,2.3694306966600824
Utilities,0.3914698987449995
,0.0
Consumer Cyclical,-3.8457729504158573
Real Estate,-26.291345547283086
