Communication Services,16.78307510387496
Basic Materials,3.8288808858900145
Financial Services,1.5864910270450099
Utilities,0.6728766525328927
Consumer Defensive,0.6455776057402812
Technology,-0.2934357778121021
Real Estate,-0.39178658313468234
N/A,-0.9357090759912383
Industrials,-1.6435175278863188
Healthcare,-1.8854254200126064
Consumer Cyclical,-2.8041495257721976
Energy,-5.055408396287412
