Consumer Defensive,2801.447954868845
Industrials,1883.7792740818848
Financial Services,287.14901720479025
Utilities,64.61825137379172
Technology,45.658150887280655
Basic Materials,42.68451981462489
Energy,37.60335438248276
Real Estate,36.82555082383486
Healthcare,31.31939687118776
N/A,23.377322968797404
Communication Services,15.595159600597606
Consumer Cyclical,-31.700940585536635
