Artificial Intelligence,19.69876900392362
Basic Materials,10.2448817566022
Industrials,6.398308379196822
Healthcare,4.581595689336873
Consumer Defensive,3.5085363297304757
Energy,2.3154147223701194
Consumer Cyclical,1.8593173123109892
Communication Services,0.2666537277938231
Utilities,0.2198666071213118
Technology,-0.3625607450911805
Real Estate,-2.1569972783868807
Financial Services,-2.790500055549329
N/A,-3.518847280203179
