Communication Services,579.6898469443693
Real Estate,329.84655995141014
Industrials,139.96233132414122
Utilities,74.27427864617106
Financial Services,60.73574226399178
Healthcare,59.291984430473114
Technology,58.09741577119788
Basic Materials,41.20626385417235
Consumer Cyclical,38.63000372656623
Energy,36.347856787831454
N/A,12.110645290788495
Consumer Defensive,-2.5767380501856243
