Consumer Defensive,3572.537088765502
N/A,135.14645627615164
Communication Services,39.791363523605206
Healthcare,37.18470807109829
Utilities,30.438900808904137
Industrials,23.50492533130519
Technology,21.6138949235959
Energy,13.102193139826925
Financial Services,13.038171234087306
Consumer Cyclical,8.68698002403498
Real Estate,8.117323754585977
Basic Materials,5.488686081882969
