Consumer Defensive,889.1698388245076
Financial Services,46.12329224153836
Consumer Cyclical,26.154891456814887
Technology,21.079265994682935
Communication Services,20.60185715372704
Healthcare,14.562256081927348
Industrials,14.345192907282872
Basic Materials,13.93898815320505
N/A,11.659621922907492
Energy,10.478842129275181
Utilities,7.5178913323013585
Real Estate,2.2708948701598004
