Consumer Defensive,9.544645056093554
Healthcare,7.477668235267766
Energy,6.835427460764542
Consumer Cyclical,2.7398146272811643
Communication Services,0.7702344187082204
Financial Services,0.4482156692166401
N/A,-4.760962553831635
Real Estate,-5.149598913547306
Utilities,-5.74395753251935
Technology,-10.235244014450236
Basic Materials,-15.648912341605268
Industrials,-21.83205640628568
