Consumer Defensive,3337.289362644454
Industrials,1870.4883379623093
Consumer Cyclical,1455.0347099191408
Financial Services,428.3229908866629
Utilities,53.5092218226107
Healthcare,35.78408403677136
Basic Materials,34.120805945905495
Real Estate,29.05241771127303
Technology,28.953765940079382
N/A,24.28413253885363
Communication Services,23.955982292547592
Energy,14.095645864750919
