Consumer Defensive,429.2291929593404
Industrials,298.47616870928346
Consumer Cyclical,240.35971317890775
Financial Services,89.76966095157889
N/A,16.20920649915929
Healthcare,11.348206044045922
Basic Materials,8.193404845879371
Utilities,7.127810286103342
Technology,5.7199227464262545
Communication Services,3.1273550838296447
Real Estate,2.064659354379886
Energy,0.9323555609650368
