Artificial Intelligence,13.132512669282413
Basic Materials,7.650262438467337
Energy,6.970306101416967
Consumer Defensive,5.029937816497919
Industrials,4.994743802252963
Utilities,4.272751720683526
Healthcare,4.1319376508855274
Consumer Cyclical,2.860980503668858
Real Estate,0.48964500786042525
Communication Services,-0.999277945295959
Technology,-3.205356742299967
N/A,-3.5080550710361225
Financial Services,-4.061269927047717
