Financial Services,321.2162675693153
Real Estate,29.884302019830677
Utilities,27.60899036705366
Healthcare,21.199429357714518
Industrials,9.031201354628166
Communication Services,6.87532517421804
Consumer Cyclical,3.02695130969996
N/A,1.3149885598824846
Technology,0.47648985197219734
Energy,-0.9193205088426719
Consumer Defensive,-1.9522799109665077
Basic Materials,-2.3796488198803716
,-46.39999866485596
