Consumer Defensive,800.5758845674258
Financial Services,60.25192766288454
Communication Services,25.054045525640532
Technology,24.08280068933441
Basic Materials,20.856143445925536
Industrials,20.19843259051594
Healthcare,16.110796993942756
Energy,12.715948945499603
Utilities,12.53086915666684
N/A,9.805742967280848
Consumer Cyclical,9.082852616489768
Real Estate,2.6053776024558886
