Communication Services,650.5235418566646
Basic Materials,30.653973462667825
Industrials,26.921740264941047
Healthcare,17.900425073058912
Energy,12.334864913084633
Real Estate,10.58737840994585
Utilities,10.389736038187216
Technology,7.2627404564013665
Financial Services,5.450904349505087
N/A,3.457901830092434
Consumer Cyclical,-1.1306476417762887
Consumer Defensive,-1.5827080851927549
