Communication Services,42.34252164809767
Technology,33.77461128950784
Energy,25.61349806019919
N/A,20.156733779911203
Financial Services,19.203507387700743
Industrials,17.054037822907446
Healthcare,14.941255308106184
Utilities,13.430296165146917
Consumer Defensive,7.057879487930274
Consumer Cyclical,-5.641805767713272
Real Estate,-14.26021815188278
Basic Materials,-14.737873383081299
