Communication Services,186.18066220814822
Real Estate,101.15122564880835
Healthcare,28.136498412276588
Industrials,23.632229184502226
Technology,21.188465136762332
Basic Materials,19.81482880233792
Energy,12.570110025509829
Utilities,12.179042532117275
Financial Services,11.577616830639988
N/A,7.727372164004758
Consumer Defensive,7.5431732837411865
Consumer Cyclical,5.925986064495388
