Communication Services,22.42903709784771
Energy,12.922036941941355
Financial Services,4.492571547634963
N/A,1.1925071072810103
Basic Materials,-8.120782859678526
Utilities,-8.455553373409987
Technology,-10.12288506216747
Healthcare,-10.304700326283752
Industrials,-10.690667254461571
Consumer Defensive,-12.15273774091989
Real Estate,-14.182838418007782
Consumer Cyclical,-19.880674094114813
