Communication Services,554.6614624138518
Real Estate,293.8776648603833
Industrials,109.73507743181203
Financial Services,106.09433565198056
Utilities,74.21977117989938
Technology,60.67008797276988
Healthcare,59.781885911044675
Basic Materials,52.56403494742729
Consumer Cyclical,23.49954221771867
Energy,22.647831095293636
N/A,9.93871618459132
Consumer Defensive,5.908052028129714
