Consumer Defensive,780.7163103963427
Industrials,503.8020478432875
Consumer Cyclical,385.3450965609387
Financial Services,70.52442144351208
Technology,10.479887672869454
Utilities,8.808820522012432
Healthcare,7.778704893336907
Communication Services,4.784512834225604
Energy,3.4826173052125284
Real Estate,1.9770257736019148
N/A,1.2914498153991372
Basic Materials,-0.3325983875541413
,-45.11153520387999
