Communication Services,228.71166673391585
Real Estate,30.74770855096164
Technology,21.18921053863384
Basic Materials,14.953751155113096
Energy,10.510546839284942
Industrials,9.059389865423203
Financial Services,7.592355123610169
Utilities,6.94067517784845
Consumer Defensive,4.823256553926543
N/A,3.8952722109352607
Consumer Cyclical,3.5640543807992047
Healthcare,0.3552079296199207
