Communication Services,10.083172347554866
Technology,9.935455277732657
Industrials,8.5580726006019
Energy,6.790612082257052
Healthcare,6.221101605538752
Utilities,5.3556348245619265
Financial Services,0.9528786803920481
N/A,0.2577583666359068
Basic Materials,0.13534808166116624
Real Estate,0.001947433584462185
Consumer Cyclical,-0.6854132811051432
Consumer Defensive,-1.0836558885300034
