Communication Services,15.465325448172328
Healthcare,14.861307053178308
Technology,9.17083519313636
Consumer Defensive,6.946842806032723
Utilities,4.913200086677372
Industrials,4.9001637883437885
Consumer Cyclical,4.844707660954254
Real Estate,4.077069500392569
Financial Services,3.8926124020160455
N/A,1.3064813674567748
Energy,0.8777780612892592
Basic Materials,-2.181537632789765
