Communication Services,3636.8509874441515
Technology,335.52302616680055
Real Estate,260.82785383281504
Industrials,104.60036146438199
Utilities,75.89343297704973
Financial Services,62.57820622325207
Healthcare,57.96925146396841
Basic Materials,46.24820874039462
Energy,30.592391724921573
N/A,14.831211745084685
Consumer Cyclical,11.05944515242137
Consumer Defensive,-5.3335513988262315
