Communication Services,30.830909967731667
Industrials,30.105267296336294
Technology,18.755526142660017
Financial Services,12.517043057321088
Utilities,8.491679877810176
N/A,5.046390520518612
Energy,2.3983934333702064
Healthcare,-0.7582025619611272
Consumer Cyclical,-2.380943990231689
Real Estate,-5.329446847428912
Consumer Defensive,-7.613758975335372
Basic Materials,-14.130001301587356
