Artificial Intelligence,39.39753800784724
Basic Materials,26.920938660131455
Industrials,22.635805048519906
Consumer Defensive,8.38556623248485
Healthcare,4.703696366904454
Consumer Cyclical,4.221972998396298
Energy,-7.065546579008524
Communication Services,-7.744088158341012
Financial Services,-10.043737524228375
Technology,-11.044730794337914
Utilities,-14.648211326028862
Real Estate,-16.203990496397854
N/A,-18.864667422286647
