Artificial Intelligence,12.277445299317877
Basic Materials,9.388312395532918
Consumer Defensive,7.211007761976054
Industrials,5.264469887622943
Energy,4.830304937210406
Consumer Cyclical,2.8805383680174494
Healthcare,2.1327572846391605
N/A,1.5734078359856785
Real Estate,-0.35055928184106155
Utilities,-2.4295479044937567
Financial Services,-2.8658473239559323
Technology,-4.74153047082904
Communication Services,-7.856744321199076
