Consumer Defensive,880.7112926066
Communication Services,29.92575422229424
Financial Services,28.187545264388262
N/A,26.788123794808772
Healthcare,24.952089900271154
Basic Materials,17.081460808564064
Technology,16.53251335761919
Industrials,13.891469922971467
Energy,8.970088751377476
Utilities,6.837574764224381
Real Estate,1.2745581884412294
Consumer Cyclical,-7.825544080213169
