Consumer Defensive,5.996281719623263
Basic Materials,0.0297615869162005
Real Estate,-2.116049365410933
Industrials,-2.372498526812296
Financial Services,-3.067375622615425
N/A,-3.244587778750419
Communication Services,-3.841105435489974
Utilities,-4.824294555738135
Healthcare,-5.090826939141748
Technology,-6.360776012056159
Consumer Cyclical,-8.545086583565842
Energy,-11.294147810769308
