Consumer Defensive,3332.33490459975
Financial Services,76.97832502665982
Communication Services,24.369699545871644
Healthcare,21.52539775897494
Basic Materials,12.982705974605706
Industrials,12.420912743878006
Technology,11.818017546338279
Real Estate,5.7584445094928975
Consumer Cyclical,5.478055713963082
Energy,5.120724518613345
Utilities,3.8729890781103644
N/A,2.8204137510785445
