Financial Services,339.0953156618554
Industrials,92.92611517804771
Healthcare,20.739456158419976
N/A,18.98394792960207
Basic Materials,18.884458770359853
Utilities,16.45188586058246
Real Estate,16.159256753352764
Consumer Cyclical,10.416971676953443
Technology,2.3854369612648076
Communication Services,0.23045355773571854
Consumer Defensive,0.014913836806676795
Artificial Intelligence,0.0
Energy,-3.2943110894862637
