Communication Services,255.46460175589553
Real Estate,26.948519525962475
Energy,23.02138708162558
Technology,21.988717059153387
Industrials,18.18947370122228
Basic Materials,18.10458796024262
Healthcare,11.265813712223027
Utilities,11.031651103098488
Consumer Cyclical,9.8872164995565
Financial Services,8.391366420388291
Consumer Defensive,5.191203138306109
N/A,4.8993358339521516
