Communication Services,126.67994390622486
Real Estate,89.01452578023626
Industrials,16.490849484879863
Healthcare,15.887379063682037
Basic Materials,14.878456642058948
Technology,11.793304766410337
Energy,10.042006978357515
Utilities,8.754352375568436
Financial Services,7.748182784518221
N/A,5.990332123790402
Consumer Cyclical,4.387583261800009
Consumer Defensive,-1.8633262268571904
