Communication Services,382.8858026571921
,35.333336724175346
Real Estate,30.247124065775214
Financial Services,19.36491349307852
Technology,15.375093751272775
Industrials,11.531335975626302
Energy,9.924774166083688
Consumer Cyclical,9.311819703216006
Healthcare,4.708962469718844
N/A,3.6493279652968496
Basic Materials,2.511997747974821
Consumer Defensive,0.8838917630513663
Utilities,-2.6723910738277254
