Communication Services,235.55748385181738
Technology,34.97885124019807
Real Estate,22.42520860370461
Financial Services,16.48743098971305
Energy,15.531408237157988
Basic Materials,14.895799029670494
Industrials,10.58970356323832
Consumer Cyclical,9.072842065598971
Utilities,7.687532837294352
Healthcare,6.835007726696461
N/A,4.228026275270968
Consumer Defensive,1.727451478867833
