Communication Services,3479.3340079376535
Real Estate,41.68866997273789
Financial Services,38.76158811682483
Utilities,31.59006005752805
Technology,26.06252026360086
Basic Materials,20.802397663346476
Energy,16.824350114524634
Healthcare,13.315430848910152
Industrials,11.688141490804513
N/A,7.252994628465609
Consumer Cyclical,0.7696195149786108
Consumer Defensive,-3.227546740835176
