Communication Services,21.60931266180938
Basic Materials,5.240606265993646
Utilities,-0.6857804094872945
Real Estate,-1.0456672002768583
Consumer Defensive,-1.3523805444618686
N/A,-2.1006241328054887
Financial Services,-2.5132359033082188
Healthcare,-3.63693723330834
Industrials,-4.193485889497428
Energy,-7.342463594407209
Technology,-8.15752893905422
Consumer Cyclical,-8.884237675855333
