Consumer Defensive,3333.044778750498
Industrials,2258.7945033173237
Consumer Cyclical,1600.4750658098185
Real Estate,58.46911834331912
Healthcare,50.55100165156276
Financial Services,35.61947605999901
Basic Materials,35.32382359041034
Communication Services,27.347081909938982
Utilities,22.28567996913561
Technology,19.564692947461662
Energy,6.117472581169135
N/A,3.129895268141278
