Financial Services,71.16011321795101
Technology,69.60453045403966
Industrials,60.17514672646793
Utilities,33.27767632188009
Communication Services,26.060062277334154
Consumer Cyclical,20.970818422961962
Consumer Defensive,18.063207850042893
Energy,7.206656599689806
Healthcare,6.297778961277904
Basic Materials,6.046458308495643
N/A,2.832424880634697
Real Estate,-0.6135521425026971
