Communication Services,49.11994006626922
Consumer Defensive,45.503878378661874
Healthcare,12.850963907745147
Energy,5.4571100035876245
Consumer Cyclical,2.706903437996079
Industrials,1.5402613718385052
Technology,0.6783312122482866
Financial Services,0.016231008057555587
Real Estate,-0.26315409170726145
Utilities,-4.28580363191616
N/A,-7.514144013586948
Basic Materials,-14.996037666764536
