Consumer Defensive,756.1394378693822
Industrials,482.6262550683011
Consumer Cyclical,390.8847670138654
Financial Services,65.49255488665827
N/A,9.033860406661493
Technology,8.919929957797157
Utilities,8.808820522012432
Healthcare,7.689705129180733
Communication Services,4.6722179246506625
Real Estate,1.9770257736019146
Energy,1.0990220801460173
Basic Materials,-0.3325983875541415
,-45.11153520387999
