Consumer Cyclical,2170.5426554357
Utilities,46.68530152385576
Energy,30.30031064465705
Healthcare,20.68880050104851
Technology,16.41437226920238
Consumer Defensive,16.178255052300198
N/A,11.081488169332367
Real Estate,10.846384381016628
Basic Materials,7.601768069797248
Industrials,6.965377541373132
Communication Services,4.343782227976512
Financial Services,-1.818846842978438
