Consumer Defensive,6.701210836146688
Financial Services,0.693381142293586
Real Estate,-7.243911948744258
Technology,-7.749365226699137
Industrials,-8.62302460391027
Basic Materials,-9.177309976721952
Healthcare,-9.525041517136453
N/A,-10.695539476288769
Communication Services,-11.19465993940027
Energy,-11.79850260053006
Consumer Cyclical,-12.9341753396795
Utilities,-18.13219708189696
