Communication Services,16210.793429625612
N/A,498.29294559453086
Industrials,447.3866025826444
Technology,63.56183958991347
Financial Services,59.9109306122079
Consumer Cyclical,40.2813630711299
Energy,29.392121997076035
Utilities,20.662382077013287
Consumer Defensive,11.306288067744939
Basic Materials,3.76830857418337
Healthcare,0.2331402201396594
Real Estate,-19.6440236614427
