Financial Services,321.2162675693153
Real Estate,29.884302019830677
Utilities,27.60899036705366
Healthcare,18.39323308409332
Industrials,8.41726194037839
N/A,7.350253640005999
Communication Services,6.87532517421804
Consumer Cyclical,2.148843320913203
Technology,0.722739467558692
Energy,-0.919320508842672
Basic Materials,-2.3796488198803707
Consumer Defensive,-4.548239664836377
,-46.39999866485596
