Communication Services,148.21603396647825
Real Estate,85.89335477186718
Artificial Intelligence,36.01933999857294
Healthcare,19.47230610324033
Technology,17.41699064503649
Industrials,16.30216035001566
Basic Materials,15.113936914672243
Energy,12.74765520812305
Utilities,8.778626221625881
Financial Services,7.445596448392673
N/A,6.815182614536229
Consumer Defensive,5.3795808064779385
Consumer Cyclical,3.3134134158677124
