Financial Services,13.87317875079635
Healthcare,11.40008212432648
Consumer Defensive,10.11666309797003
Consumer Cyclical,9.999254811657798
Energy,8.436405817974098
Technology,5.706280785851631
Communication Services,1.59448030108849
Utilities,0.33432758003335
Real Estate,-0.8631044643525656
Industrials,-2.1269370203790383
N/A,-7.64919651411717
Basic Materials,-8.812607638544671
