Communication Services,9.502326229725416
Healthcare,8.644667211721325
Financial Services,8.63184280507564
Consumer Cyclical,6.464553058492236
Utilities,2.9899710719511523
Consumer Defensive,0.9246029985718142
Technology,-0.39712089251932836
N/A,-0.8686846590034394
Real Estate,-1.215730643118856
Energy,-2.744727301375202
Basic Materials,-6.674930968028812
Industrials,-6.806309617964547
