Consumer Defensive,793.1370506177728
Industrials,404.8968950403905
Technology,13.954193453659089
Healthcare,13.816646965975266
Financial Services,13.325964790941647
N/A,10.06416624782282
Energy,9.561814215192676
Basic Materials,8.062845273124188
Communication Services,7.515132733375517
Utilities,4.353400562542734
Consumer Cyclical,3.5765628356277968
Real Estate,2.019575402027639
