Communication Services,543.2046954623023
Real Estate,332.65917174089515
Industrials,131.51551380824716
Utilities,65.80239905831304
Financial Services,62.89662303398323
Healthcare,61.61458894201755
Technology,57.878373445503534
Basic Materials,43.41487258028486
Consumer Cyclical,38.06637369635719
N/A,32.5610950194819
Energy,18.72112604463201
Consumer Defensive,-1.7059896713660534
