Communication Services,5.005241075742062
Consumer Defensive,4.879902144489706
Real Estate,4.787382859897475
Healthcare,3.8511962704011453
Technology,2.0698381157307524
Financial Services,-3.2349783829322414
Consumer Cyclical,-3.6410223719974857
Basic Materials,-4.299718847590984
Energy,-5.113964366538803
Utilities,-7.899979530252628
Industrials,-12.551925187996583
N/A,-13.946166082827727
