Consumer Cyclical,395.834533712331
Industrials,8.787084107088504
Utilities,8.746265585740714
Technology,8.625263019249127
N/A,7.647728783859355
Healthcare,6.160242345269739
Communication Services,3.817379308299681
Real Estate,1.9668322111801597
Basic Materials,1.456051348854642
Financial Services,0.8482337637048402
Energy,0.7630724540872182
Consumer Defensive,0.08761112946116788
