Consumer Defensive,2778.194496693261
Real Estate,243.34520299240236
N/A,85.61376615594781
Communication Services,46.00440499539952
Healthcare,35.629359220055
Utilities,30.438900808904137
Industrials,22.72900186371089
Technology,20.676773465746127
Energy,11.297021702144482
Financial Services,11.163187518498656
Consumer Cyclical,8.059199032868628
Basic Materials,5.54697072711881
