Financial Services,63.23361672467039
Technology,63.21877991668912
Industrials,57.205311978454695
Consumer Defensive,19.996356258280912
Communication Services,19.97953532864854
Utilities,18.4230010600405
Energy,16.716213673926504
Consumer Cyclical,15.695320206136405
Healthcare,8.886977852601808
N/A,8.156734787251306
Real Estate,2.730763760329727
Basic Materials,1.7666853674385097
