Communication Services,551.0668175416183
Real Estate,261.61193878507714
Industrials,135.21909517038395
Healthcare,64.73830658307254
Financial Services,64.30740179258328
Technology,50.11516957511144
Basic Materials,37.07387600693849
Utilities,22.140674882008387
Consumer Cyclical,18.99979768478512
Energy,16.34663588116118
N/A,5.322010996928802
Consumer Defensive,4.069216528293571
