Communication Services,1331.4313368959945
Industrials,25.64511251575519
Technology,22.675711707454653
N/A,21.711788449700556
Real Estate,18.526136438641867
Financial Services,16.700090697478462
Healthcare,16.623934216392986
Basic Materials,12.529272476737146
Utilities,11.207911004871294
Energy,8.05357051103118
Consumer Cyclical,2.7206490747784695
Consumer Defensive,0.7873474831158195
Artificial Intelligence,0.0
