Communication Services,40.69603077604366
Technology,29.63230425014125
Energy,27.286351234665727
N/A,19.270635645796418
Healthcare,17.387029147533283
Space,7.780858115167104
Financial Services,-0.6580679289461872
Basic Materials,-2.2997049704946475
Industrials,-4.483150578609257
Consumer Cyclical,-4.520183747266181
Consumer Defensive,-7.776398524979979
Utilities,-13.289771850330107
Real Estate,-28.000001907348633
