Communication Services,192.4158470740288
Real Estate,39.40207584765566
Industrials,38.6696004452708
Technology,23.548634572046506
Healthcare,19.306477288716295
Financial Services,14.333483928072015
Basic Materials,11.542876034437255
Consumer Cyclical,9.10447446758243
Energy,7.120935903453436
N/A,3.884973374121792
Utilities,3.204649805215495
Consumer Defensive,0.8166327232514025
