Consumer Defensive,5.258068090092431
Communication Services,4.772785066302963
Healthcare,3.606185216486566
Real Estate,3.4683423586988327
Technology,2.3763940098903538
Financial Services,-3.0438588105033624
Consumer Cyclical,-3.7825402376057036
Basic Materials,-4.113729276610477
Utilities,-6.520913641650294
Energy,-7.814919002831118
N/A,-11.243325981114658
Industrials,-13.33561096847034
