Communication Services,633.1111993183654
Industrials,26.921740264941043
Basic Materials,19.582771887058954
Healthcare,19.522862280591443
Energy,12.44449530447189
Real Estate,10.587378409945853
Utilities,10.389736038187216
Technology,7.616716530666576
Financial Services,4.222250286535862
N/A,0.8248229356774022
Consumer Cyclical,-1.0280141404674534
Consumer Defensive,-1.5827080851927553
