Communication Services,114.93455421966165
Technology,17.140707797296276
Utilities,15.261315505633654
Financial Services,12.296910820262015
Consumer Defensive,11.837723635373846
Real Estate,10.982262911940014
Basic Materials,5.850382474859835
Industrials,5.297421604078017
N/A,3.3095676524531803
Healthcare,3.2887487110368006
Consumer Cyclical,0.4896984556430437
Energy,-7.512349989397198
