Financial Services,15.24234710578255
Consumer Defensive,6.608579433367742
Communication Services,4.148690024196797
Real Estate,3.3992581294467765
Industrials,1.5419413176911636
Healthcare,0.535287909118668
Basic Materials,-0.6035711239903675
Consumer Cyclical,-1.1557943803327073
Technology,-2.5311514388849217
Utilities,-4.353475276932753
N/A,-6.81406031849477
Energy,-8.157173957325737
