Communication Services,138.36075276089886
Real Estate,88.80634581372938
Healthcare,19.918817554745857
Technology,17.03404159337756
Industrials,16.129204189891677
Basic Materials,15.231596227566243
Energy,12.130913909594193
Utilities,9.013009642813575
Financial Services,7.608907787825479
N/A,6.170759208478738
Consumer Defensive,5.532400357686974
Consumer Cyclical,3.4196571357886176
