Communication Services,519.3951472850055
Real Estate,261.6119368552842
Industrials,138.1523076980291
Healthcare,64.50476948105042
Financial Services,61.08860215345881
Technology,50.07240476216236
Utilities,42.77615620844153
Basic Materials,37.07387600693849
Consumer Cyclical,19.97477992310675
Energy,16.34663588116118
Consumer Defensive,6.272819478344288
N/A,5.098826179629424
