Consumer Defensive,1258.547210782378
Healthcare,73.21016267101005
N/A,58.66424301514528
Communication Services,11.413530394517682
Basic Materials,5.44723631065809
Industrials,2.186306411185333
Utilities,1.8283237381520059
Energy,0.6767082065224355
Technology,-0.05874417576001062
Financial Services,-0.5509175517305744
Consumer Cyclical,-2.177434620433239
Real Estate,-3.9541929739522965
