Communication Services,15.845675040592743
Basic Materials,11.95513471875569
Financial Services,4.9971963463677245
Technology,4.8218822011546605
Healthcare,4.777803230200812
Consumer Cyclical,2.040065536604645
Industrials,1.3297215452032891
Consumer Defensive,1.0816757088936129
Utilities,1.0424846117300415
Real Estate,0.6203862274360212
Energy,-0.4748902143614944
N/A,-5.32138916619886
