Communication Services,150.95641247908003
Industrials,40.404699393794495
Real Estate,27.882053822954017
Artificial Intelligence,27.014504998929706
Healthcare,24.58102313873481
Basic Materials,19.906217230545824
Technology,13.776486383398574
N/A,10.713965767293693
Financial Services,7.353793626046907
Utilities,5.740944399883526
Consumer Cyclical,3.4262395515729076
Energy,1.4158910690631326
Consumer Defensive,0.4505843320515349
