Artificial Intelligence,115.77038100241151
Technology,16.675351915314614
Communication Services,10.506109024730728
Healthcare,4.422379786946533
Financial Services,4.132201463218115
Industrials,2.9488355494654446
Energy,2.5694714059706083
Consumer Defensive,1.4868607928473854
Consumer Cyclical,1.4300967739480688
Utilities,1.0643766411382154
N/A,-0.7296794097959053
Basic Materials,-1.2963223359784661
Real Estate,-3.327753400695286
