Consumer Defensive,-4.264382931806359
N/A,-6.233481476735891
Basic Materials,-8.673806231006814
Consumer Cyclical,-9.347503701415546
Healthcare,-9.625229974484018
Real Estate,-12.681964321194597
Financial Services,-15.447834552234891
Communication Services,-15.625052159634707
Energy,-18.064877695414317
Technology,-18.360122795820633
Industrials,-19.52147923772692
Utilities,-22.043260130997506
