Consumer Defensive,7.749549593308191
Real Estate,5.975251161240731
Healthcare,5.727122703085011
Consumer Cyclical,3.0177055322276516
Communication Services,0.23018175578249198
Energy,-2.520616268853991
N/A,-4.583824887551298
Technology,-5.9472373172376205
Utilities,-7.404783963933964
Financial Services,-11.400794803312158
Basic Materials,-13.338822935722675
Industrials,-13.54666544599045
