Communication Services,124.44987700362803
,35.333336724175346
Technology,11.331310551864776
Energy,5.6503107977374905
Healthcare,3.560494141402122
Industrials,2.962360779309417
N/A,2.9167762176396814
Financial Services,1.6891055700978785
Basic Materials,1.5970325720374519
Consumer Defensive,0.9155824090249256
Real Estate,0.6334147437539303
Consumer Cyclical,-1.2443256269988876
Utilities,-2.0409656017704885
