Communication Services,203.44943771595413
Real Estate,108.06403555343316
Industrials,25.903961024950796
Healthcare,22.62605385592213
Basic Materials,16.226255134242546
Utilities,11.161462455716686
Consumer Cyclical,7.0900166150470225
Technology,6.8950422323591445
Financial Services,5.359026921768062
N/A,4.531334271694958
Consumer Defensive,3.036349205590756
Energy,1.1612893426741333
