Communication Services,11.6530053640955
Energy,10.947121727747101
N/A,6.0848905898990875
Utilities,6.038103789665623
Healthcare,3.8998460396415178
Consumer Defensive,1.4705688805366166
Technology,1.2799641325445463
Basic Materials,-9.0948943670245
Industrials,-9.549009148233967
Consumer Cyclical,-11.14107954631429
Financial Services,-15.359493358281288
Real Estate,-26.10963175487143
