Financial Services,21.78143935808211
Basic Materials,15.030019067236543
Industrials,13.52436699725919
Technology,11.210214131824145
Communication Services,7.698415506100784
Utilities,6.766342850595774
Consumer Defensive,5.9430353728249425
Energy,5.226912846500625
Healthcare,3.9738872791559565
Real Estate,1.3463661166812781
N/A,-2.9077198795034613
Consumer Cyclical,-18.43086572473416
