Communication Services,38.39392191067374
Basic Materials,17.50211120459027
Financial Services,2.812869396924304
N/A,0.3777274256324028
Utilities,-1.532497168962199
Industrials,-2.073864508765243
Consumer Defensive,-3.7334290534464123
Real Estate,-5.610811515237169
Healthcare,-7.940054208428295
Consumer Cyclical,-9.167391081828919
Technology,-9.809214031342547
Energy,-10.158844778747435
