Financial Services,77.9142915785789
Communication Services,13.918024455248425
Consumer Cyclical,12.143141733228182
Industrials,11.617229522132801
Healthcare,8.676933176623159
Technology,6.933475094390859
Energy,6.662086866443496
Basic Materials,4.726440330647714
N/A,3.5183425722817203
Real Estate,3.369469235497299
Utilities,-0.09085538444481323
Consumer Defensive,-3.51094561800161
