Communication Services,35.73528416556517
Real Estate,24.40613314885483
Healthcare,18.016907025957128
Basic Materials,14.088702325211413
Industrials,6.4003443796639825
Energy,5.8837221609210735
Financial Services,4.293387790988464
Utilities,3.604999187927686
Consumer Cyclical,2.636329260308359
Technology,2.320123145621163
Consumer Defensive,-1.5568391525352754
N/A,-5.120007190017901
