Communication Services,121.38946199925903
Industrials,28.935053126985366
Real Estate,25.06587883928446
Technology,24.890910251858326
Basic Materials,13.965493514338513
Healthcare,11.021870271421594
Consumer Cyclical,9.640875400790534
Financial Services,9.600855924711293
Utilities,8.885356402558388
Energy,6.258130762676195
N/A,5.3418640615259205
Consumer Defensive,-0.7719472126374427
