Consumer Defensive,757.044166135167
Industrials,607.6823919774823
Consumer Cyclical,478.9942594709554
Basic Materials,19.356171730320558
Healthcare,18.034188585955473
Communication Services,11.14323879065469
Financial Services,10.024448035377267
Real Estate,9.953776862054465
Technology,7.699449649930239
Utilities,3.4446140328038073
Energy,2.839760201208896
N/A,-1.5038295575880902
