Communication Services,537.0081588984597
Real Estate,277.79004513204484
Industrials,94.83044929276497
Financial Services,70.35578048208474
Healthcare,59.17731677993289
Technology,55.1871534831468
Utilities,40.61579948958917
Basic Materials,35.43832723372833
Energy,30.332575266379617
Consumer Cyclical,18.847523270080835
N/A,6.015578731961862
Consumer Defensive,-1.2189959285941474
