Financial Services,2.988196535910393
Industrials,2.899930571854705
Real Estate,2.4085310840201632
Consumer Defensive,1.3608033947748885
Communication Services,0.8511129676644653
Technology,0.4715682035515236
Energy,0.39547778507806003
Utilities,-0.3400615742498432
Consumer Cyclical,-2.0884469980184943
Healthcare,-3.5077435582679204
Basic Materials,-5.168031530747317
N/A,-8.370458024138205
