Communication Services,27.602064019610157
Energy,26.66740320919294
Healthcare,24.315646334374645
Technology,17.795777350314342
Space,10.17085206665658
N/A,7.822056423243478
Industrials,7.627789590115641
Consumer Defensive,1.9646271371330628
Utilities,-0.5102800408095532
Basic Materials,-4.922022044005392
Consumer Cyclical,-7.00784834461064
Financial Services,-8.23000296259322
Real Estate,-26.433127669780646
