Communication Services,10237.224723955915
Industrials,113.51100280053655
Consumer Cyclical,32.09645865902395
Technology,28.093995066607935
N/A,25.28378855623377
Financial Services,21.35194492926783
Utilities,10.339856244858462
Energy,8.274222460291494
Basic Materials,5.980722413922575
Consumer Defensive,5.261842793736771
Real Estate,-0.012450943165270817
Healthcare,-0.4584113175938521
