Financial Services,6.20841324035442
Industrials,5.309840416414485
Healthcare,3.1136124171015145
Basic Materials,2.0410593967694233
Communication Services,1.3977804004378136
Energy,0.2385730912845192
Consumer Defensive,-0.6738811368307202
N/A,-0.837387613020622
Real Estate,-0.9788089762634401
Utilities,-1.3890168839487036
Technology,-1.4611100351670259
Consumer Cyclical,-5.284473053578822
