Consumer Defensive,8.400610480749501
Basic Materials,5.863291956203435
Financial Services,5.138327816055362
Real Estate,4.0443771157753545
N/A,2.856101260425168
Healthcare,1.472162031334105
Consumer Cyclical,0.04033950607524943
Utilities,-2.355107314176537
Industrials,-3.304178433661801
Technology,-3.358222298564589
Energy,-3.4548451269388765
Communication Services,-4.30046250780192
