Artificial Intelligence,115.77038100241151
Technology,30.149414425886985
Energy,16.942157091836695
Healthcare,12.648538225107412
Industrials,10.342741671369629
Consumer Defensive,8.314636582898832
Space,7.793938721122602
Utilities,5.2480162934881385
Financial Services,4.698943104265527
Communication Services,3.9970270079104653
N/A,3.5147123751797515
Consumer Cyclical,-3.9792129100923597
Real Estate,-11.798422899485928
Basic Materials,-13.959118572816639
