Consumer Defensive,436.281535360732
Industrials,311.39364301293955
Consumer Cyclical,283.763983786456
Basic Materials,21.86895065055995
Healthcare,18.98530731856967
Real Estate,14.166924722732027
Communication Services,11.346314202789038
Technology,8.905709844591923
Financial Services,7.636662448951664
Energy,1.7797315887031042
N/A,1.6131790705819746
Utilities,-0.8569784276332804
