Communication Services,31.22374393463642
Energy,27.01177456883984
Technology,25.983739473889763
Financial Services,12.7773864294525
Healthcare,10.775897666332176
Industrials,10.428450049267306
N/A,7.3718339169341975
Consumer Defensive,3.3005140116606464
Basic Materials,2.369430696660083
,0.0
Utilities,-1.20021626720922
Consumer Cyclical,-7.010761778612374
Real Estate,-26.291345547283086
