Communication Services,15254.536690011473
N/A,149.0268068009092
Industrials,135.9324226293652
Consumer Cyclical,32.87618892056642
Technology,18.60796387303882
Financial Services,14.909988456996818
Energy,12.274920041122648
Utilities,8.777885320939177
Basic Materials,7.328317766936249
Consumer Defensive,2.556332100193407
Real Estate,1.04219358097128
Healthcare,1.0207915716403753
