Communication Services,138.68862756885247
Financial Services,117.77849646690316
Healthcare,92.3822778081596
Industrials,67.41945006167505
Utilities,65.57820487103481
Basic Materials,64.171644736979
Energy,58.48430474153485
Technology,57.040130390095726
Consumer Defensive,34.44666971615778
Real Estate,18.517437437766823
N/A,13.466202402353522
Consumer Cyclical,-72.21630578496013
