Communication Services,24.02761947136315
Industrials,22.498351802630182
Healthcare,20.208674985534643
Basic Materials,20.05211721305996
Real Estate,19.546369406826233
Technology,12.545095337868428
Financial Services,7.428826755317579
Consumer Cyclical,3.7873593711355404
N/A,2.2936438466523326
Energy,2.2250557241377322
Utilities,1.8543660568107738
Consumer Defensive,-0.4624297280707012
