Communication Services,37.56796804478487
Basic Materials,27.003283830294787
Industrials,20.76348493272875
Financial Services,13.63726576926516
Healthcare,12.558193268248532
Consumer Defensive,11.013901448619553
Technology,10.974072819523688
Consumer Cyclical,4.93093813714483
Utilities,2.1194112648615477
,0.0
N/A,-0.88626062322699
Energy,-4.005830123421695
Real Estate,-6.061636019281798
