Communication Services,26.870159507039784
Basic Materials,16.995690755108598
N/A,3.851517525328506
Energy,3.3484085239227928
Industrials,-7.078429414935481
Consumer Defensive,-11.055753665906417
Real Estate,-12.56235461435074
Healthcare,-12.645465302417218
Utilities,-13.051840383039718
Financial Services,-14.605405227601299
Consumer Cyclical,-20.04018608344315
Technology,-20.381869699120696
