Consumer Defensive,3563.367095499645
Healthcare,235.70361187142157
N/A,26.448634594071088
Communication Services,26.308625532722772
Utilities,15.345038102826097
Basic Materials,14.369165727416162
Industrials,12.830737754654285
Financial Services,8.56649990645966
Technology,2.528695262149517
Energy,0.8237321090850923
Real Estate,-5.324421328606896
Consumer Cyclical,-8.59013353919665
