Communication Services,63.275735065012746
Real Estate,42.954825227330026
Healthcare,23.390917743172196
Basic Materials,19.246538261283423
Industrials,12.005059567541402
Financial Services,10.18222116770564
Technology,8.916069935935218
Energy,8.34012864021928
Utilities,7.871486089525526
Consumer Cyclical,5.636724422257958
Consumer Defensive,-0.1899456448590811
N/A,-2.6820915291088085
