Consumer Defensive,-4.756627688561872
Utilities,-6.98834254104551
Basic Materials,-8.372657687910824
Real Estate,-9.165188421182325
Consumer Cyclical,-9.586722361462828
N/A,-11.524839350116613
Financial Services,-12.352968378389269
Communication Services,-13.580646645495753
Healthcare,-13.604935426542816
Industrials,-14.014483510869054
Energy,-17.060797663742306
Technology,-18.284807075618843
