Communication Services,31.396680319465673
Basic Materials,18.148010600371876
Healthcare,15.753160977318524
Energy,5.221701992911694
Consumer Cyclical,4.591399955351004
Utilities,4.283290175683856
Real Estate,4.092062844251532
Financial Services,3.8676603811190975
Technology,3.6797840667170343
Industrials,3.4169839998807503
Consumer Defensive,1.6245069662197862
N/A,-6.2075642280140375
