Communication Services,488.16457829130314
Real Estate,417.3468461740782
Industrials,139.03622664633815
Financial Services,77.22398876217729
Utilities,73.42618417167594
Technology,65.37597551847814
Healthcare,54.216814620825524
Basic Materials,47.16850756411539
Consumer Cyclical,43.12675605864575
Energy,16.639518039364727
N/A,8.486917820957444
Consumer Defensive,1.6441719073043426
