Financial Services,339.8655503272546
Industrials,107.03497351473641
Healthcare,24.649414477713385
Utilities,17.327656487834293
Basic Materials,16.73392765172408
Consumer Cyclical,6.564303717254254
Energy,3.9713276795715515
Consumer Defensive,2.7556936971936303
Communication Services,0.5415449977263189
N/A,0.5372976426764703
Technology,-0.23309971853910674
Real Estate,-2.329139149143116
