Communication Services,29.063583176522098
Healthcare,28.080951167822324
Basic Materials,24.28681841124958
Utilities,23.66011809714021
Technology,17.859733075799827
Industrials,15.095773176662012
Consumer Defensive,12.212431024555853
Energy,10.86003683786357
Financial Services,7.108401290082053
Consumer Cyclical,6.5153173114433125
Real Estate,3.6557273615210444
N/A,0.027658887274754
