Consumer Defensive,787.9732343674367
Industrials,368.5591324183551
Financial Services,101.54483942895496
Technology,26.76378131368727
N/A,18.439465876591367
Utilities,16.050414269434736
Communication Services,15.145835391372051
Basic Materials,14.445864129888207
Energy,13.01624278486673
Healthcare,5.574058682949054
Real Estate,5.057306814776307
Consumer Cyclical,-7.093529264009254
