Communication Services,186.34257412689243
Real Estate,111.45809234141002
Healthcare,28.115787827375687
Industrials,24.120434401183726
Basic Materials,19.814828802337924
Technology,19.758364746711013
Utilities,12.42348789233962
Energy,12.081747342308324
Financial Services,12.072809518360163
N/A,8.614998826243076
Consumer Defensive,8.111038100948651
Consumer Cyclical,6.06166971022866
