Communication Services,3126.4401187879353
Healthcare,55.3803462924702
Artificial Intelligence,54.02900999785941
Industrials,37.73913144957494
Basic Materials,36.25513794525213
Technology,34.99492855102891
Financial Services,32.85223015912204
Utilities,30.84462179804425
Energy,23.818070227277722
Real Estate,15.58332779899564
Consumer Defensive,6.035078318883124
N/A,5.916173241185736
Consumer Cyclical,3.5401088274704264
