Consumer Defensive,741.7762273538711
Industrials,354.10698519298154
Financial Services,103.4704010887122
N/A,26.514891889629837
Technology,24.682327690450382
Utilities,16.050414269434736
Communication Services,15.778210913794998
Energy,14.852988578403618
Basic Materials,9.899753297070994
Healthcare,4.951718549983329
Real Estate,4.4480644827508495
Consumer Cyclical,-16.235432112170574
