Consumer Defensive,3354.47860034692
Financial Services,163.80856770230974
Energy,69.1568352863264
Communication Services,66.93506525425347
Industrials,66.27386288619316
Technology,61.21761931749952
Basic Materials,60.43798971644882
Utilities,55.7122527043233
Healthcare,35.44589463083118
Consumer Cyclical,22.589863300094507
N/A,17.217621657791426
Real Estate,2.9503692845324387
