Consumer Defensive,427.0297816546711
Industrials,356.973430534156
Consumer Cyclical,287.5051170029135
Basic Materials,15.171753659307969
Healthcare,14.908660953274868
N/A,8.509421566667289
Communication Services,8.194975067346547
Financial Services,6.8411315299380835
Real Estate,6.040951271151103
Technology,5.685774574081655
Utilities,4.858092589487346
Energy,0.7721624836631714
