Consumer Defensive,6.684040113598666
Financial Services,0.28123704732740756
Real Estate,-7.243911948744258
Technology,-7.715573337163693
Industrials,-8.618907628919123
Basic Materials,-9.195159134296867
Healthcare,-9.52001719686739
N/A,-10.78583436795656
Communication Services,-11.211382381012596
Energy,-11.79850260053006
Consumer Cyclical,-13.82785218668044
Utilities,-15.057776125150172
