Financial Services,2.619869955694127
Consumer Defensive,1.3000904936652569
N/A,0.26519464348566557
Communication Services,-3.9756834544315716
Technology,-10.29005789317108
Basic Materials,-13.260678083840522
Real Estate,-14.519802598625892
Energy,-15.722837239851227
Healthcare,-16.98518220441226
Consumer Cyclical,-18.03269490337487
Utilities,-24.32422664475953
Industrials,-24.658542131070888
