Communication Services,235.0705512332781
Industrials,36.48007627967328
Real Estate,21.919337242259715
Healthcare,19.524786347247208
Technology,17.813491860389046
Financial Services,13.246685646255116
Basic Materials,12.544046016624359
Utilities,6.766296622980667
Consumer Cyclical,5.806479951697067
N/A,3.2019801968137074
Energy,2.5598599922960945
Consumer Defensive,2.4704135206274973
