Communication Services,383.9641153408867
N/A,22.133985768525694
Industrials,21.364017206456946
Real Estate,17.56191810064896
Healthcare,17.433701190280622
Technology,15.252705202880108
Financial Services,11.012063772998507
Basic Materials,9.132158437072738
Energy,6.028310159247668
Consumer Cyclical,5.819109722304588
Consumer Defensive,3.5331876870326093
Utilities,1.0477325873924408
