Consumer Defensive,3128.73714849089
Industrials,1783.486599171811
Consumer Cyclical,1378.858161675377
Financial Services,429.8596171906265
Utilities,46.321631602599176
Healthcare,35.314616594207465
Basic Materials,31.431554912031906
Technology,29.494165295590268
Communication Services,27.025720176113328
Real Estate,25.767967726488777
N/A,23.142733014538926
Energy,21.529798484704763
Artificial Intelligence,-0.010646573977342297
