Consumer Defensive,-5.004067668325663
Utilities,-6.98834254104551
Basic Materials,-8.633395011565248
Real Estate,-9.363247411112553
Consumer Cyclical,-9.397259298075424
N/A,-9.765408649161149
Financial Services,-12.166897590375596
Communication Services,-13.530426408524313
Healthcare,-13.543732597634072
Industrials,-14.014483510869054
Energy,-17.814371111878046
Technology,-18.222254850645704
