Communication Services,4441.5138671086615
Energy,20.396917581887894
Technology,16.96477005900016
Industrials,16.53304632024446
Basic Materials,15.078215709864223
Real Estate,13.397942375400413
Consumer Defensive,10.806621184235977
N/A,9.489476981002408
Utilities,8.178214793714167
Healthcare,8.037672052876587
Consumer Cyclical,5.654465287860775
Financial Services,2.848883870394383
