Communication Services,21.3729875233737
Basic Materials,5.93400715108674
Utilities,-0.6857804094872944
Real Estate,-1.152149129233658
Consumer Defensive,-1.7198739718081282
Financial Services,-2.4732624353313923
N/A,-2.8257379992564537
Healthcare,-3.676132443347501
Industrials,-4.137509283179811
Energy,-7.2339934439735
Technology,-8.189233951856405
Consumer Cyclical,-8.200801260919595
