Communication Services,30.75212073165904
Basic Materials,16.881538806952154
Financial Services,-0.36420254828462656
Utilities,-1.532497168962199
N/A,-1.6254611569402497
Industrials,-1.7751816373897473
Consumer Defensive,-5.880260533912059
Real Estate,-7.305901005008866
Technology,-9.354753669839772
Healthcare,-9.556395953901104
Energy,-10.287399259433608
Consumer Cyclical,-11.815988684990769
