Consumer Defensive,799.1781424069519
Industrials,403.46980439146654
N/A,22.282427940024633
Healthcare,13.478864030334107
Technology,13.470101031679839
Financial Services,12.949425840771507
Energy,9.561814215192676
Communication Services,8.54301906743666
Basic Materials,8.039716264405238
Utilities,4.353400562542734
Real Estate,2.308138108949423
Consumer Cyclical,2.231699133976413
