Communication Services,132.7860677107523
Real Estate,36.21554841830367
Industrials,18.58578215928765
Technology,17.98952164048434
Healthcare,14.824311903402704
Basic Materials,12.333126843265498
Financial Services,11.564069314998722
Energy,11.089228066444257
N/A,6.992992197454877
Utilities,6.572755906230441
Consumer Cyclical,4.135859105397602
Consumer Defensive,-0.9778944799537582
