Consumer Defensive,734.6684291785094
Industrials,571.7605794363066
Consumer Cyclical,468.42731033397615
Basic Materials,20.57579846653169
Healthcare,17.064326614852607
Financial Services,11.32770947070236
Real Estate,9.86046726107324
Communication Services,9.194143449987369
N/A,8.434379781257691
Technology,7.791339995092381
Utilities,3.4982818940531244
Energy,2.8397602012088963
