Consumer Defensive,3329.705446360894
Industrials,1823.6664717778394
Consumer Cyclical,1322.979804296317
Healthcare,58.423588060518576
Financial Services,47.371261614403686
Basic Materials,40.79984729080283
Real Estate,37.32063329249142
Utilities,35.540425066234185
Technology,34.14703792443565
Communication Services,24.599088402196436
Energy,21.369076872916953
N/A,20.5782494545411
