Consumer Defensive,-5.260164026376572
Basic Materials,-7.370889488032048
Real Estate,-8.227837477834155
Utilities,-9.525455657773897
Consumer Cyclical,-10.022404504109595
N/A,-11.520391504986552
Financial Services,-12.167152171225403
Communication Services,-12.800637142689007
Healthcare,-14.273598167420435
Industrials,-14.36501709615937
Technology,-19.07025125355388
Energy,-20.48885124994684
