Communication Services,30.40215279365082
Consumer Cyclical,24.137780234912988
Healthcare,5.846920247164216
Technology,5.4906758534901945
Energy,5.008870966732305
Financial Services,2.3549903089534556
Consumer Defensive,1.8958636780309563
Utilities,1.0548054699819083
Real Estate,0.5446003810092654
N/A,-2.591103401527251
Industrials,-3.5384943158265925
Basic Materials,-4.347597114701912
