Consumer Defensive,706.3338636196936
Industrials,548.776572912389
Financial Services,68.11976872010504
Healthcare,19.00224795749334
Technology,17.613828407466716
Basic Materials,14.234929058672607
Energy,12.41986281936093
N/A,11.462223732230818
Utilities,11.419639497996476
Communication Services,7.1207808439712466
Real Estate,7.06496009108302
Consumer Cyclical,-7.370611051540261
