Financial Services,72.37373951430509
N/A,44.81361982128988
Healthcare,33.18010753175072
Communication Services,13.543598557116033
Industrials,11.744557672787698
Technology,9.269913282682332
Basic Materials,7.273418108564788
Consumer Defensive,3.7281925251141463
Energy,1.6542126156304044
Consumer Cyclical,1.434357013207212
Utilities,0.07186430437124562
Real Estate,-1.9959874293717152
