Communication Services,19.750351249670928
Basic Materials,19.509840403651307
Industrials,17.256041422648938
Real Estate,15.228745206360173
Consumer Cyclical,9.29985905329167
Healthcare,7.903619582611271
Technology,6.83125632610881
Financial Services,3.0285110663811254
Consumer Defensive,0.5115230864563581
N/A,0.4392869443567189
Utilities,-5.51880414779708
Energy,-7.1920611532765735
