Communication Services,13.669197737166355
Technology,11.79571081404541
Utilities,11.16533175378363
Financial Services,10.705049501907784
Consumer Defensive,9.981720335871564
Consumer Cyclical,8.387602022819438
Healthcare,5.728548816487259
Real Estate,4.582639763998606
Industrials,0.6906328571445839
Basic Materials,-0.8530353730135675
N/A,-2.7062251352071787
Energy,-11.253411813934658
