Consumer Defensive,762.2608616112212
Industrials,591.1704545738901
Consumer Cyclical,485.9881046766524
N/A,18.86544727883345
Real Estate,18.61869776789085
Healthcare,18.423112540980096
Basic Materials,15.075584402654231
Technology,9.986409885622164
Financial Services,9.290032501831105
Energy,9.172862823788295
Communication Services,8.889612898269469
Utilities,5.002289508312058
