Consumer Defensive,756.1948674050822
Industrials,485.7697486193288
Consumer Cyclical,387.93074914507804
Financial Services,65.49255488665827
Technology,8.885478602000969
Utilities,8.808820522012434
Healthcare,7.663154106921216
N/A,7.385303091213221
Communication Services,5.049861625107506
Real Estate,1.369958225775388
Energy,0.9163805665457327
Basic Materials,-0.3325983875541413
,-45.11153520387999
