Consumer Defensive,431.3793014072389
Industrials,335.42647271531064
Consumer Cyclical,232.99914498595675
Basic Materials,25.426555618477458
Healthcare,21.355209823522262
Financial Services,9.856190929438203
Communication Services,9.763069165947945
Technology,7.771058918298447
Utilities,6.48239634097846
N/A,5.553255508794353
Real Estate,-0.1752557184071717
Energy,-0.6674780942355679
