Consumer Defensive,6.460210083136456
Technology,5.151873776729016
Healthcare,3.367070958644616
Communication Services,3.2667931330227167
Real Estate,-2.714655514216788
Consumer Cyclical,-4.0001733861003
N/A,-4.58355120544619
Financial Services,-5.197314936196435
Basic Materials,-5.595252374024093
Utilities,-7.899979530252627
Energy,-8.212933176809868
Industrials,-14.357496363495452
