Communication Services,170.7099706120229
Industrials,41.44986351527512
Real Estate,39.65437627198418
Technology,24.73918391278924
Healthcare,19.88986565306769
Basic Materials,14.494952478549497
Utilities,12.977418355646845
Consumer Cyclical,12.621994598583955
Financial Services,11.879464499953952
Energy,10.48353532612332
N/A,6.032590164869843
Consumer Defensive,0.35288251554912653
