Communication Services,30.902513125925413
Basic Materials,17.73263742378521
Healthcare,15.68692573943573
Energy,5.221701992911694
Consumer Cyclical,4.591399955351004
Utilities,4.283290175683856
Financial Services,4.100413681364859
Real Estate,4.092062844251532
Technology,3.718618002015857
Industrials,3.4169839998807503
Consumer Defensive,1.5830862464665594
N/A,-8.425856268209126
