Financial Services,26.0695605883379
Industrials,8.759686293154324
N/A,5.921120128313839
Basic Materials,4.0804628400134195
Communication Services,-1.0521892395981824
Consumer Defensive,-6.560000690021615
Healthcare,-8.639473743146938
Energy,-12.985751893734177
Consumer Cyclical,-13.98771394178083
Real Estate,-14.049302185457762
Technology,-14.633738033967939
Utilities,-22.00901668503129
