Consumer Defensive,788.1099494102496
Financial Services,59.37624155522938
Technology,24.816263395144333
Communication Services,23.391625508934066
Basic Materials,20.802932403581412
Industrials,19.090030919822535
Healthcare,16.15243098229229
Energy,13.532234021779415
Utilities,12.53086915666684
Consumer Cyclical,9.082852616489768
N/A,8.844633709016913
Real Estate,2.5360274465024535
