Consumer Defensive,770.2257406555909
Industrials,530.3401605484873
Consumer Cyclical,480.9132256615134
Basic Materials,27.58490739518791
Healthcare,25.920989705840952
Real Estate,20.87265655496275
Communication Services,13.725864273967574
Technology,13.22028212643673
Financial Services,10.714803084529928
Energy,5.035343380517587
N/A,1.8427773210151395
Utilities,-0.7615668959693079
