Consumer Defensive,3353.99862116897
Financial Services,158.70880206740614
Industrials,66.41659404691022
Basic Materials,62.15231901326832
Communication Services,61.47150698384534
Utilities,61.26248199907183
Technology,58.75741393010697
Energy,53.53478245401053
Healthcare,35.462006283362534
Consumer Cyclical,22.658868736515988
N/A,19.556867831737655
Real Estate,6.310787612962452
