Communication Services,355.39913049498165
N/A,21.587362703680373
Industrials,20.75118024970447
Technology,15.84918888651051
Real Estate,15.842920103914118
Healthcare,15.071278831758184
Financial Services,11.061413439437528
Basic Materials,9.373279251253951
Energy,5.34146510571879
Consumer Cyclical,5.017075094827544
Consumer Defensive,3.4622493889458026
Utilities,-0.03103600964436679
