Communication Services,42.7732778692499
Consumer Defensive,31.42134013833724
Energy,18.457506244412404
Basic Materials,7.197892615220072
Industrials,0.7759226022254495
Healthcare,0.5540077790218529
Financial Services,-4.430587969789423
Real Estate,-10.227158452845885
N/A,-11.251448952307472
Utilities,-11.95451314688584
Consumer Cyclical,-12.481715072272959
Technology,-13.715540020292607
