Communication Services,26.571007704759385
Basic Materials,6.674890683649649
Real Estate,1.3360476111997492
Healthcare,-0.5176092969110326
Utilities,-0.9036861879381178
Financial Services,-1.3749008912091287
Consumer Defensive,-1.7580639499419453
Industrials,-3.9755384049000315
Energy,-4.437087820350885
N/A,-4.707899858716291
Technology,-7.451435633702681
Consumer Cyclical,-8.835651236932815
