Consumer Defensive,1239.578448311355
N/A,76.44791062701927
Healthcare,72.76161564309102
Real Estate,36.39316332525287
Communication Services,10.835382442890442
Basic Materials,4.851399873385473
Industrials,2.488387964476384
Utilities,1.8283237381520059
Energy,0.02292566262750984
Technology,-0.044159044131092874
Financial Services,-0.5659320030915496
Consumer Cyclical,-3.077648565665299
