Artificial Intelligence,11.44252368585415
Basic Materials,9.401859026015423
Energy,9.035151066027211
Industrials,8.48435063250388
Consumer Defensive,7.037845266603623
Consumer Cyclical,2.095503117384075
Utilities,0.9104866445343213
Real Estate,0.5443174937933282
Healthcare,-0.1308747148648202
Financial Services,-2.152345520042831
Communication Services,-4.95173983076445
Technology,-5.109379326075476
N/A,-11.735148056037632
