Consumer Defensive,3353.792318985261
Financial Services,143.1761953229865
Consumer Cyclical,94.60769643589099
Communication Services,70.94211286931362
Technology,67.05722740326766
Industrials,64.2862957136741
Utilities,61.26248199907184
Basic Materials,60.43798971644882
Energy,59.96497114051208
Healthcare,35.5393931388025
N/A,25.049483362625864
Real Estate,2.9503692845324383
