Communication Services,34.520936571216666
Basic Materials,13.37726325328487
Financial Services,2.040191083247744
Utilities,-1.5324971689621985
Industrials,-2.1924595110351515
N/A,-4.637237709296771
Consumer Defensive,-5.88026053391206
Real Estate,-7.305901005008866
Healthcare,-7.876347271353422
Technology,-9.80620677832996
Energy,-9.950252058304658
Consumer Cyclical,-12.204408905571219
