Communication Services,541.3928946735488
Real Estate,330.6788670623612
Industrials,133.99937643333953
Healthcare,68.15233851270044
Utilities,65.80239905831304
Financial Services,64.97023763840203
Technology,57.22288103152746
Basic Materials,42.40498242956841
Consumer Cyclical,38.75439427618841
N/A,36.66738914898957
Energy,18.72112604463201
Consumer Defensive,-2.558137312928313
