Communication Services,28.33930643074845
Basic Materials,20.33914310555108
N/A,3.6775580145300757
Energy,0.657887237872082
Industrials,-8.24216846781684
Financial Services,-11.200826662556635
Utilities,-11.209157126013986
Consumer Defensive,-11.500462119111303
Real Estate,-11.797931735865694
Healthcare,-12.869168157322376
Technology,-16.06445899441967
Consumer Cyclical,-20.423400532612188
