Financial Services,2.853368307842468
Industrials,2.298631518071093
Basic Materials,1.8772235286915042
Healthcare,1.507560772948266
Energy,-0.4798609259817146
Communication Services,-0.9552817454448119
Utilities,-1.1604614748628348
Consumer Defensive,-1.630392209314647
Real Estate,-1.6440607201214381
N/A,-1.839958084231727
Technology,-3.462429066484098
Consumer Cyclical,-5.925814489745157
