Consumer Defensive,443.1479968070608
Industrials,415.81621482294236
Financial Services,113.0687610428265
Technology,20.56192150434533
Communication Services,12.875875415147448
Utilities,12.318827454339242
Basic Materials,8.700890460760817
N/A,8.23538855390448
Energy,7.264205953585761
Real Estate,6.052338410328691
Healthcare,4.660002961676687
Consumer Cyclical,-4.641221550964897
