Consumer Defensive,3128.73714849089
Industrials,1634.4269709631808
Consumer Cyclical,1415.3605400923211
Financial Services,431.29007105901877
Utilities,53.5092218226107
Healthcare,36.13732896769679
Technology,31.458037004403845
Basic Materials,31.431554912031906
Real Estate,25.767966849597048
Communication Services,25.057270910723876
Energy,21.098514241315684
N/A,16.255628363986116
Artificial Intelligence,-0.010646573977342297
