Communication Services,209.00693529519353
Real Estate,35.352465499019516
Utilities,31.101925915452195
Basic Materials,29.550939906994113
Technology,24.118124850294528
Energy,23.033468390248057
Industrials,20.923244895248896
Consumer Cyclical,12.56451116910287
N/A,6.0082061041581865
Healthcare,4.60014500185456
Financial Services,3.2399868858744947
Consumer Defensive,1.851949172964474
