Communication Services,13.68100430965883
Utilities,12.120341127236275
Industrials,10.421284806842447
Basic Materials,6.3533447458997
Healthcare,5.41034828508357
N/A,4.306387106886498
Technology,2.433299884408265
Consumer Defensive,0.09530381150193933
Financial Services,-1.11443215775764
Real Estate,-3.1395372806732427
Consumer Cyclical,-4.233031372068418
Energy,-12.135762111952722
