Communication Services,35.64276664906672
N/A,6.949635623816707
Consumer Defensive,6.663375656403377
Healthcare,4.7162636026937665
Technology,3.7092440739893706
Real Estate,1.768496147445668
Consumer Cyclical,1.2345701983628217
Financial Services,0.3330517744491969
Utilities,-0.7086019569986873
Industrials,-1.181413913095531
Energy,-1.5679437848884519
Basic Materials,-7.62594101101715
