Financial Services,21.68903184853912
Basic Materials,17.715953057747722
Industrials,14.003543376409247
Technology,12.65304339963866
Communication Services,8.07026263379302
Utilities,6.766342850595774
Consumer Defensive,5.9399916623794216
Energy,5.226912846500624
Healthcare,4.030852470958351
Real Estate,1.3830966178702413
Software,0.013159148580493876
N/A,-3.1388733761261136
Consumer Cyclical,-18.44029559782025
