Communication Services,3861.3772752793525
Real Estate,134.09622566675674
Industrials,128.96436726849015
Basic Materials,86.97348391215424
Healthcare,68.69734414725825
Utilities,64.8122120964269
Energy,48.940653776561156
Financial Services,33.38990611783721
Technology,33.113301743658944
Consumer Cyclical,18.435486558558786
N/A,14.87321071290083
Consumer Defensive,2.137301673844376
