Communication Services,7.234137348381236
Healthcare,7.047952354472784
Consumer Defensive,3.2777952446841327
Consumer Cyclical,2.234312305696529
Energy,1.2898907254054222
Financial Services,0.945585654393458
Real Estate,-0.2493030856592681
N/A,-1.0482024485696764
Utilities,-4.894814116183254
Technology,-8.39673160579772
Basic Materials,-15.648912341605268
Industrials,-18.583101840478403
