Consumer Defensive,3854.801610110175
Industrials,2114.3553002309254
Consumer Cyclical,1692.025742833647
Real Estate,101.69949855730182
Healthcare,74.9161777160051
Basic Materials,47.9122288980962
Financial Services,33.812940601790956
Communication Services,30.25412033862453
Technology,25.678232390919227
Energy,24.619968291291393
N/A,24.424292496137372
Utilities,23.962156951160438
