Communication Services,142.06474881025468
Technology,43.12271161895327
Real Estate,26.52821227151206
Basic Materials,16.07776350856005
Healthcare,9.584255285012391
Financial Services,6.561356402228206
Industrials,6.45419475102437
Energy,5.536710641233027
N/A,4.09250750578979
Consumer Cyclical,4.090504147949245
Utilities,1.6158879590871638
Consumer Defensive,1.300425156845086
