Communication Services,4356.008596330319
Utilities,34.80258061958578
Technology,24.687173694065464
Energy,17.6279793284622
Industrials,17.142951925746498
Financial Services,15.79536906837978
Consumer Defensive,15.13339431102305
Basic Materials,13.718446409938649
Real Estate,12.414503917702305
Healthcare,8.239551248261833
N/A,7.151152641498388
Consumer Cyclical,6.693815585960489
