Communication Services,164.53501500295872
Real Estate,114.9371684542993
Technology,46.78963041221928
Healthcare,23.549557532183137
Industrials,21.262443918445832
Basic Materials,15.790021410698657
Utilities,9.847059744560314
Consumer Cyclical,7.016044007048589
N/A,6.326006988962233
Financial Services,3.5541663055065484
Consumer Defensive,2.931056844729652
Energy,0.2112838806281969
