Communication Services,12.422669088234732
Basic Materials,12.150036655499722
Industrials,7.809475232857539
Healthcare,5.204906934704117
Energy,4.3774494905236425
N/A,4.305868468861686
Consumer Defensive,2.3403410392463138
Utilities,1.8549548694433289
Technology,-0.02926604103187788
Consumer Cyclical,-0.8128439764526125
Real Estate,-0.859193202388033
Financial Services,-1.715555688933941
