Communication Services,355.3991304949816
N/A,21.498841312865213
Industrials,20.74908932491998
Healthcare,16.454992475550863
Technology,16.299126530436485
Real Estate,15.842920218609382
Financial Services,11.057195618276506
Basic Materials,9.574308894636392
Energy,5.34146510571879
Consumer Cyclical,5.026753616753025
Consumer Defensive,3.46448339428836
Utilities,-0.031036009644366667
