Artificial Intelligence,115.77038100241151
Technology,59.187086064729066
Communication Services,45.0926141002888
Healthcare,32.751301662632905
Energy,23.663911787410782
Industrials,14.861779504283856
Financial Services,11.348161015242844
Basic Materials,7.63377129644465
Consumer Defensive,7.561467952348963
Utilities,4.909594776195727
Consumer Cyclical,1.2765568066489508
N/A,0.35746879086463834
Real Estate,-26.66666997803569
