Financial Services,30.03942684378796
Technology,26.127716320458166
Energy,23.780678809068842
Healthcare,21.920337114053343
Industrials,15.031424997568633
Real Estate,9.263078626478974
Consumer Cyclical,7.561391051922802
Consumer Defensive,6.2519076345762405
Utilities,4.4518153894325465
Communication Services,1.2857168999919744
Basic Materials,0.4296030433223704
N/A,-4.8280076927669064
