Communication Services,9.039530094362727
Real Estate,8.474095232823448
Basic Materials,8.075687929340168
Consumer Defensive,2.433255467924434
N/A,1.775203575341575
Industrials,0.840810973970826
Financial Services,0.24737036993244216
Utilities,0.05820863753587627
Technology,-0.027902161974867903
Consumer Cyclical,-0.10252235258830891
Healthcare,-0.8755277055034387
Energy,-7.124799506179973
