Communication Services,128.09413450558554
Real Estate,36.38861438531858
Technology,19.207155878511905
Industrials,18.629718359097136
Healthcare,13.69559945985664
Basic Materials,12.536666258664473
Financial Services,12.39300434651193
Energy,9.819296816579653
Utilities,6.777403946393808
Consumer Cyclical,4.334200388139761
N/A,4.118738489424303
Consumer Defensive,-2.1129697093518196
