Communication Services,122.8236723425432
Technology,9.069236984970216
Hardware,6.445195427918045
N/A,6.426211420220647
Energy,6.218309159773632
Healthcare,4.608228782583235
Industrials,2.5151698543846304
Basic Materials,2.2814619921009145
Financial Services,1.5305572906625526
Consumer Defensive,0.7021391310220597
,0.0
Consumer Cyclical,-0.48619128016685725
Utilities,-0.8460737329272757
Real Estate,-2.6126838015458094
