Communication Services,159.99132527106792
Healthcare,43.09170848782679
Basic Materials,37.80172993944798
Energy,31.39471445005688
Consumer Defensive,24.113052797943265
Industrials,17.49413359875456
Financial Services,16.92294893341602
N/A,12.185208785951557
Technology,10.558385263731708
Utilities,9.951250908822914
Real Estate,8.266552165397972
Consumer Cyclical,-7.245463232059639
