Communication Services,48.62185285108348
Basic Materials,12.222773347960693
N/A,-1.7764941526580593
Healthcare,-7.743791099766067
Financial Services,-12.987410733070977
Real Estate,-14.624154668084321
Consumer Defensive,-15.814001477388821
Utilities,-17.67349172175248
Industrials,-20.210530676511752
Technology,-22.84993009232784
Energy,-28.055019457825328
Consumer Cyclical,-28.268761338682605
