Communication Services,38.39392191067375
Basic Materials,15.686282249482051
Financial Services,2.812869396924304
N/A,0.9078694242143577
Utilities,-1.5324971689621985
Industrials,-2.073864508765243
Consumer Defensive,-3.7334290534464123
Real Estate,-5.610811515237169
Healthcare,-8.638067383130185
Technology,-10.032718787816972
Energy,-10.158844778747433
Consumer Cyclical,-11.624381541684958
