Communication Services,4047.4192693056657
Real Estate,45.60516347712205
Basic Materials,32.90967103432164
Technology,24.980490221800586
Energy,24.295917783298194
Industrials,19.94895253581859
Utilities,17.529209207691096
N/A,7.213940945965516
Consumer Cyclical,6.948834860681552
Healthcare,3.65939152840573
Financial Services,2.6127271006703023
Consumer Defensive,1.0221922274847086
