Consumer Defensive,760.7474488879633
Financial Services,61.95719690986557
Communication Services,27.14792986408668
Technology,24.623179421946173
Industrials,19.601033082078516
Basic Materials,18.816213188998553
Healthcare,16.108919784743158
Energy,13.573139020025044
Utilities,12.53086915666684
Consumer Cyclical,12.119741803121423
N/A,7.656299818648769
Real Estate,2.0814502746657704
