Communication Services,49.721924549387865
Basic Materials,8.479600917049442
Healthcare,6.899635450725016
Financial Services,5.04775151062068
Technology,1.2878536393868163
Energy,0.9801240446054624
N/A,-0.6962123482220752
Consumer Cyclical,-1.5270920681943134
Consumer Defensive,-2.499585488247322
Utilities,-5.3564876669003265
Industrials,-6.281072052890431
Real Estate,-7.77015607351469
