Communication Services,146.5170830445784
Real Estate,106.80808494947563
Basic Materials,35.00865981277464
Technology,20.145940966094198
Utilities,17.060319183419622
Healthcare,16.23262606246011
Industrials,16.13304006345814
Energy,9.758549539961654
Financial Services,9.143744118045447
Consumer Cyclical,5.113730208714588
N/A,3.650818840052208
Consumer Defensive,-6.2928345604167
