Consumer Defensive,3126.575533537236
Industrials,1826.0677963851988
Consumer Cyclical,1363.562171415844
Financial Services,383.5100892660809
Utilities,57.30028955312317
Real Estate,41.8090950392518
Technology,41.678963242767274
Energy,34.7827025543608
Communication Services,33.198786074679845
Healthcare,32.86433402511309
Basic Materials,28.80535860362622
N/A,-7.1971820791593775
