Consumer Defensive,427.0718796954788
Industrials,350.2111493537492
Consumer Cyclical,286.21078999682857
Basic Materials,15.171753659307969
Healthcare,14.82379154075271
Financial Services,7.508536906291932
Communication Services,7.095481171986574
Real Estate,6.040951271151103
Technology,5.754514218521281
Utilities,4.812666100875043
Energy,0.7286535499589328
N/A,-3.6250076347375404
