Artificial Intelligence,36.01933999857294
Basic Materials,31.765989824327338
Industrials,28.027109874510046
N/A,19.669078359325542
Healthcare,17.96416793967752
Energy,12.334864913084633
Real Estate,10.501162609340467
Utilities,10.37856533536032
Technology,8.093529464221152
Financial Services,4.855519272654516
Communication Services,2.435359433014277
Consumer Cyclical,2.305468933703438
Consumer Defensive,-1.7377373339290918
