Consumer Defensive,454.2905859454391
Industrials,351.2060713010265
Consumer Cyclical,296.8480185996995
Healthcare,17.88055828597537
N/A,12.756565943733468
Real Estate,11.55919978794026
Basic Materials,10.616272186397502
Communication Services,7.172361236404395
Financial Services,6.8264273886995115
Technology,6.7928230589696295
Energy,5.669683048973803
Utilities,3.3928053368362323
