Communication Services,42.34252164809767
Technology,32.14103177769903
Energy,25.61349806019919
Healthcare,15.11970862387417
Utilities,13.430296165146917
Financial Services,12.56881176843706
Consumer Defensive,7.057879487930275
Industrials,6.632417427497447
N/A,1.7082732228521413
Consumer Cyclical,-5.48401854976068
Real Estate,-14.26021815188278
Basic Materials,-14.737873383081299
