Communication Services,128.03016801196225
Real Estate,36.613386247791574
Industrials,23.087097937816512
Technology,15.879993669748549
Healthcare,14.373969578215332
Financial Services,9.818069333793437
Basic Materials,9.561636179265324
Energy,6.101184942944137
Consumer Cyclical,4.820901502857211
N/A,3.107077486238644
Utilities,3.0020156291224933
Consumer Defensive,-0.5602144902180238
