Communication Services,5.349513999765994
Consumer Defensive,5.3390338315530945
Healthcare,4.3155859214453205
Technology,1.7392428329580834
Real Estate,-0.3613948909065859
Financial Services,-3.2349783829322405
Consumer Cyclical,-3.8839818938613733
Basic Materials,-5.605391942210075
Utilities,-7.899979530252628
Energy,-8.72780798333412
N/A,-10.823620586788746
Industrials,-14.357496363495452
