Communication Services,54.78729328413429
Basic Materials,21.369311526323376
Healthcare,20.32314008214765
Consumer Defensive,10.105866766505336
Financial Services,10.03015037104276
Technology,8.714231191520565
Industrials,7.848248890065506
N/A,7.088545596371576
Energy,6.960995034098081
Utilities,3.958654664840527
Real Estate,3.4886551774174483
Consumer Cyclical,2.287233925791277
