Communication Services,133.68715045909852
Real Estate,36.61338608305315
Industrials,23.27482770953357
Technology,15.518556782466984
Healthcare,14.505387868728205
Basic Materials,9.572587334217792
Financial Services,9.494265068849689
Energy,6.128852643817164
Utilities,5.990286867920627
Consumer Cyclical,5.057974786040355
N/A,2.8393739239071922
Consumer Defensive,0.030591838836798998
