Communication Services,19.32217655292402
Basic Materials,10.780919622403529
Industrials,8.375589757108434
Financial Services,5.615060662336418
Technology,5.082956277045118
Real Estate,4.161196272814797
Utilities,3.820111402049988
Healthcare,3.561515448365355
N/A,2.842810746586584
Consumer Defensive,1.8374567705892249
Energy,0.9245951087545815
Consumer Cyclical,0.8108385864416751
