Communication Services,38.73719376003398
Basic Materials,10.049045485837748
Healthcare,-5.923221223819518
Consumer Defensive,-7.8985205634216245
N/A,-8.150244195113519
Real Estate,-14.62415466808432
Financial Services,-19.1222672912302
Industrials,-21.324959815594674
Utilities,-22.743557616875375
Energy,-25.83744528974555
Technology,-25.944093312154873
Consumer Cyclical,-28.865677078679887
