Financial Services,17.71290312248266
Technology,17.311751579532697
Healthcare,16.577645264313826
Industrials,11.50919034001024
Basic Materials,8.911425371706125
Consumer Cyclical,8.710756517609807
N/A,4.982686130731012
Communication Services,4.0426196242011825
Consumer Defensive,0.15153205539122314
Utilities,0.027474154950253033
Real Estate,-8.721455692983334
Energy,-10.302840059019578
