Consumer Defensive,788.0615973359426
Financial Services,61.04931949137236
Consumer Cyclical,30.330242298449463
Technology,27.32588595069194
Communication Services,25.425351857491027
Basic Materials,19.487323796440965
Industrials,19.16239433406828
Healthcare,16.185670327445152
N/A,14.364433289907325
Energy,13.944356014493637
Utilities,12.53086915666684
Real Estate,2.091011677821454
