Communication Services,7.851802939710396
Utilities,1.045295881222181
Industrials,0.088479502557101
Basic Materials,-0.5830863635819018
Consumer Defensive,-0.9784464367777885
Real Estate,-1.2375179974959252
Financial Services,-1.4047444400084006
Healthcare,-1.5985999197882552
Technology,-1.6277597418699616
N/A,-1.6355775542529547
Energy,-2.0114292944654704
Consumer Cyclical,-5.290390842953416
