Communication Services,40.37393949805549
Energy,25.374825555800786
Healthcare,25.033810955045215
Technology,24.832290070779685
Industrials,13.68027253133228
Utilities,8.271301030856065
Space,7.780858115167104
Financial Services,3.8590281835081903
Consumer Defensive,1.3101251860167735
N/A,0.9032921359712516
Consumer Cyclical,-5.049678990885585
Basic Materials,-7.265804622222765
Real Estate,-7.543479548697822
