Communication Services,780.540354525799
Real Estate,193.356739537561
Industrials,129.1139174194893
Healthcare,63.65960821529229
Financial Services,50.86013426748611
Technology,42.13430086977808
Basic Materials,30.579505038981736
Utilities,29.889102971056595
Consumer Cyclical,18.27813151457073
Energy,7.866437633789255
N/A,5.812148724467804
Consumer Defensive,2.9279156002749236
