Artificial Intelligence,33.228664635334006
Basic Materials,4.255277548511787
Consumer Defensive,3.6463918667869533
Industrials,3.4621653737448925
N/A,2.893463642796308
Energy,2.541754828766607
Healthcare,2.055525070148689
Consumer Cyclical,1.1050532366961892
Financial Services,-1.6380162391536934
Communication Services,-2.118374522151225
Real Estate,-2.149814053638225
Utilities,-2.5355140464307775
Technology,-3.215448965740486
