Communication Services,1331.6725078476034
Real Estate,176.96939095702254
Industrials,119.68735620711375
Healthcare,53.64429697817
Financial Services,46.83591698929865
Technology,42.39688173978377
Energy,30.136045467364585
Basic Materials,25.055811175533115
Utilities,20.04159924450439
Consumer Cyclical,11.080052275642002
Consumer Defensive,6.342832247238987
N/A,2.139014418773258
