Communication Services,254.955274420867
Industrials,37.22055836619002
Real Estate,28.107611002293076
Healthcare,21.482439009145924
Technology,19.90503958602714
Financial Services,12.975162414808047
Basic Materials,11.040995566073876
N/A,8.071948811095083
Consumer Cyclical,7.8452348404477386
Utilities,6.007549279539834
Energy,3.029138030946799
Consumer Defensive,1.2013637305259006
