Communication Services,23.65753878825598
Industrials,9.851894907645981
Utilities,6.936779336879151
Technology,6.807434545198344
Financial Services,6.572367444581141
Healthcare,6.017156347583696
Consumer Cyclical,4.480643715734842
Basic Materials,4.301854327194989
Energy,1.8170861065846753
N/A,-0.34332658796713106
Consumer Defensive,-0.9285705648140239
Real Estate,-12.545370914665366
