Communication Services,8.55375623421964
Energy,2.6224038863624153
N/A,-0.689646927737504
Financial Services,-1.2253284147072945
Real Estate,-2.3199234500330363
Consumer Defensive,-2.9225700384501083
Technology,-5.900508133243846
Utilities,-7.328269884292944
Healthcare,-8.145239943888118
Industrials,-9.135189938615888
Basic Materials,-11.056908427169654
Consumer Cyclical,-11.615558049909305
