Communication Services,172.59705669456716
Real Estate,49.156658847631086
Industrials,37.75826200454886
Healthcare,19.76219513940161
Technology,19.516468603320423
Financial Services,13.579503012885185
Basic Materials,10.503595693733956
Utilities,6.247879863680181
Energy,6.211110559049756
Consumer Cyclical,5.471037669383178
N/A,2.520346287059385
Consumer Defensive,1.8071325947175811
