Artificial Intelligence,20.443790280044343
Basic Materials,7.565797498203308
Consumer Defensive,5.290320914697285
Industrials,4.663912465665054
Consumer Cyclical,3.517611864497645
Healthcare,1.937323924052099
N/A,1.3679714863649424
Energy,-0.06572006219576534
Real Estate,-1.6497070481908602
Financial Services,-2.768856120933108
Utilities,-4.703542486723852
Technology,-5.232181549985533
Communication Services,-8.430165814388113
