Financial Services,27.72907724915223
Industrials,24.842989329460707
Basic Materials,4.6643670744079655
Real Estate,3.256582273289329
Communication Services,-2.5454510117459974
Technology,-3.017985385721846
N/A,-3.3122008306862636
Consumer Cyclical,-3.564309054875025
Consumer Defensive,-3.809442129989475
Energy,-5.760282725542094
Utilities,-6.099402440924777
Healthcare,-12.130904016648833
