Consumer Defensive,889.1972240701327
Financial Services,44.95979739335706
Communication Services,19.10940387646326
Technology,18.838975952926308
Basic Materials,15.729115833938158
Healthcare,14.518491722402896
Industrials,14.362259122068869
Energy,10.245597871360287
Consumer Cyclical,7.840426127224131
Utilities,7.5178913323013585
N/A,6.894027411085951
Real Estate,2.6565794708903034
