Consumer Defensive,407.333580623897
Industrials,339.97444516310094
Consumer Cyclical,295.6977082785205
Healthcare,16.458448361889946
Financial Services,6.290766427428135
Communication Services,6.156725104350267
Basic Materials,5.487842206283293
Technology,4.932871664515591
Real Estate,4.336958853838414
Utilities,3.6115671084891687
Energy,1.6068720911999672
N/A,1.4477603842272282
