Financial Services,2.946111993057864
Industrials,1.968525817151936
Basic Materials,1.8772235286915044
Healthcare,1.5075607729482658
Energy,-0.5247054218127261
Utilities,-1.119065856519284
Real Estate,-1.6440607201214383
Consumer Defensive,-1.6942535881591325
Communication Services,-1.7047677354540658
Technology,-3.4336566920162745
N/A,-5.895058384867811
Consumer Cyclical,-5.925814489745157
