Communication Services,31.041414984773752
Basic Materials,15.596044974876516
Healthcare,15.395051701269308
Energy,6.180158501103723
N/A,5.658235674393388
Consumer Defensive,5.479547065601849
Financial Services,4.467290965904751
Industrials,3.8811201125947954
Technology,2.680883005537536
Utilities,2.1925074417426793
Real Estate,1.885532681692442
Consumer Cyclical,1.05961504638187
