Communication Services,486.5672590418465
Real Estate,261.61193878507714
Industrials,138.1523076980291
Healthcare,66.9124900475457
Financial Services,61.08860215345881
Technology,50.07240476216236
Utilities,42.77615620844153
Basic Materials,37.07387600693849
Consumer Cyclical,21.106534693886562
Energy,16.34663588116118
Consumer Defensive,6.272819478344288
N/A,5.322010996928802
