Communication Services,20.613989640814708
Basic Materials,5.093431406726934
Utilities,-0.6857804094872945
Real Estate,-1.152149129233658
Consumer Defensive,-1.4116598742339497
Financial Services,-2.397464890105372
Healthcare,-3.1711705099451657
Industrials,-4.2496947375804615
N/A,-4.298187450547836
Energy,-6.756904567707239
Technology,-8.048906891187816
Consumer Cyclical,-8.619109687695746
