Consumer Defensive,755.0477202104103
Industrials,518.653770842891
Consumer Cyclical,450.40031859853417
Healthcare,11.69360410937633
Basic Materials,9.28414408549789
Real Estate,8.808222739954187
Financial Services,6.408198288966669
Communication Services,6.124004681091608
Technology,3.7631097287189457
Utilities,1.8972549532153387
Energy,0.6784987771378507
N/A,0.08945937320820375
