Communication Services,145.25895714272417
Real Estate,34.26041587871176
Industrials,23.694224015025746
Technology,15.843590612201552
Healthcare,15.164646817837154
Financial Services,11.0590599083106
Basic Materials,10.343060845549159
Consumer Cyclical,7.406311657361078
Energy,5.368950936744513
N/A,4.5628018976655715
Utilities,1.8349834742061524
Consumer Defensive,0.31178918283254864
