Communication Services,17.997550187052845
Technology,11.774680457162944
Industrials,8.724627170600584
Healthcare,7.328151649466397
Consumer Cyclical,4.026574624087362
Financial Services,2.5517143322631584
Basic Materials,2.2434275121904346
Utilities,1.8089634078646977
Real Estate,-0.9277070495532149
Energy,-2.7486835623414914
Consumer Defensive,-3.575477745179814
N/A,-3.9379700181827646
