Communication Services,46.94573155574238
Basic Materials,13.608566154958856
Healthcare,-7.743791099766067
N/A,-7.924408859131796
Real Estate,-14.624154668084321
Financial Services,-15.7472023073349
Consumer Defensive,-16.744153139539947
Industrials,-19.957465649505274
Utilities,-22.733674566008258
Technology,-22.83985951782405
Consumer Cyclical,-25.30344651606818
Energy,-28.055019457825328
