Consumer Defensive,6.102865961550053
Basic Materials,2.0812482558710985
Industrials,1.09297040104145
Financial Services,-1.7424522123375412
N/A,-2.595782901482708
Technology,-2.783585279298495
Communication Services,-3.385599310165271
Real Estate,-3.507453355911987
Healthcare,-4.4770318898882895
Utilities,-6.1340544947919335
Consumer Cyclical,-9.047589503847398
Energy,-12.934607323072594
