Communication Services,168.71597661205266
Real Estate,112.03099111550314
Industrials,25.532823322253535
Healthcare,22.210658562812913
Basic Materials,18.60381414205481
Financial Services,12.13850411936247
Utilities,11.99075246883591
Technology,11.505289413975678
Energy,10.17057632732407
Consumer Cyclical,6.361487116845875
N/A,5.327034233915384
Consumer Defensive,0.14483902221731285
