Communication Services,676.1717389680106
Real Estate,203.50387230421387
Industrials,136.11131030038715
Financial Services,78.67489898825247
Technology,78.34725133766923
Healthcare,63.98221480531957
Utilities,63.34652359076252
Basic Materials,48.33139545336083
Energy,29.18076475692056
Consumer Cyclical,27.745797088463505
N/A,24.916482553625347
Consumer Defensive,0.8842173105831246
Artificial Intelligence,0.0
