Communication Services,205.72587526334237
Real Estate,106.98224953388932
Healthcare,28.714167975204965
Industrials,23.949415550654134
Technology,21.082633125692485
Basic Materials,19.81482880233792
Hardware,16.386989377249687
Financial Services,13.868467915579556
Energy,13.073571166294437
Utilities,12.374281718198347
Consumer Defensive,8.20277747199519
N/A,7.552467354647025
Consumer Cyclical,6.085877757217165
