Communication Services,44.76575983227381
Healthcare,32.1465834820319
Financial Services,29.971045007833254
Basic Materials,23.728153796999486
Technology,23.630561340485624
Industrials,21.00066346796501
N/A,17.41259399330139
Energy,14.08888330368804
Utilities,11.81432494399179
Consumer Defensive,8.387250345068022
Real Estate,2.4691615531993985
Consumer Cyclical,-18.62530537878238
