Consumer Defensive,788.2224445300814
Financial Services,65.33024891656079
Technology,25.255706821080253
Communication Services,24.82543587693359
Industrials,19.720783970658502
Basic Materials,19.487323796440965
Healthcare,16.209439131737373
Energy,14.212902183577977
Utilities,12.504337617311801
N/A,9.844528635757117
Consumer Cyclical,9.162124903175169
Real Estate,2.091011677821454
