Financial Services,16.11835615938181
Consumer Defensive,4.228257484078367
Real Estate,3.3992581294467765
N/A,2.9494138710276565
Industrials,1.790715826632101
Healthcare,1.4105974394010585
Consumer Cyclical,-1.3432885043407232
Technology,-2.3619651568913365
Basic Materials,-2.5499119798051892
Utilities,-4.353475276932753
Energy,-5.167572040159164
Communication Services,-6.4814552553846605
