Consumer Defensive,1.228225057992412
N/A,0.8845982932923055
Real Estate,-0.32024303665269016
Basic Materials,-0.7585261968884929
Financial Services,-1.4602340958765234
Utilities,-2.484213851395417
Energy,-2.9550681768707654
Technology,-3.3088520658643126
Consumer Cyclical,-4.310332500917154
Industrials,-5.614747828925636
Communication Services,-5.975552592939504
Healthcare,-6.633825877886421
