Communication Services,26.424445017341014
Basic Materials,18.110307418603778
Healthcare,16.135298992408345
Energy,5.048127044577486
Consumer Cyclical,4.491285269909236
Utilities,4.453878596825
Real Estate,4.035749063247976
Financial Services,3.8676603811190975
Technology,3.660375799526152
Industrials,3.6095910275176246
Consumer Defensive,1.7793877251544128
N/A,-3.576372150844632
