Artificial Intelligence,94.87056843789644
Basic Materials,23.028558789144085
Industrials,12.636170239664487
Healthcare,9.724012899256039
Consumer Defensive,7.800847947369255
N/A,7.642958141577585
Consumer Cyclical,5.93010410624816
Energy,-1.3835439552065527
Communication Services,-7.109821144519811
Technology,-7.50836489607891
Financial Services,-9.390764238069812
Utilities,-20.082640538212146
Real Estate,-28.613080792909663
