Communication Services,153.39148017029828
Artificial Intelligence,54.02900999785941
Healthcare,44.97245994723784
Basic Materials,39.299635260017325
Utilities,24.734381041301
Real Estate,19.79361197579046
Technology,15.68383654255483
Industrials,14.35806621352816
Energy,12.8494782731322
Financial Services,10.558148554434013
Consumer Cyclical,1.345628193141249
N/A,-6.622064255030105
Consumer Defensive,-7.903623357369685
