Communication Services,231.70101955496347
Technology,35.38090700157965
Real Estate,22.42520860370461
Basic Materials,18.574052482711778
Energy,16.56683545296852
Financial Services,15.92193679482896
Industrials,10.075969870618184
Consumer Cyclical,8.17392381693364
Utilities,7.687532837294352
Healthcare,6.228477401065852
N/A,4.23752940471616
Consumer Defensive,1.7274514788678328
Artificial Intelligence,0.0
