Communication Services,135.8992495776845
Industrials,27.700376654037584
Real Estate,23.803216918256197
Technology,21.63951190595192
Basic Materials,14.630139482647145
Healthcare,12.094883743573924
Consumer Cyclical,10.174846508332923
Utilities,8.999598683257467
Energy,8.328233290815902
Financial Services,7.359454564737028
N/A,4.7919244718933
Consumer Defensive,-1.0085209800166546
