Financial Services,42.72059512954806
Technology,36.09345466046051
Utilities,34.20385779181891
Industrials,26.72192879354636
Healthcare,23.113579084075283
Consumer Cyclical,21.347685255555163
Communication Services,20.05848072430079
Consumer Defensive,9.292833388762892
Real Estate,7.776681818285439
Energy,6.4621066519701476
Basic Materials,3.9298942303458033
N/A,-6.281831762253213
