Communication Services,29.692663369885192
Financial Services,27.274935877751627
N/A,26.53481278369693
Healthcare,24.94877206459914
Technology,17.022508391414636
Basic Materials,16.13188747310701
Industrials,14.843000176662553
Energy,8.970088751377475
Utilities,6.79702764318368
Consumer Defensive,5.404650590973401
Real Estate,1.2745581884412291
Consumer Cyclical,-9.397779381279104
