Communication Services,9.482039903329932
Energy,7.163671278796607
Industrials,5.10034350608923
Technology,4.326945165251564
Financial Services,2.6287527962727326
Real Estate,2.0757215582115527
Basic Materials,1.8707806414699437
Healthcare,1.7528177873813962
Utilities,1.5874584626963295
Consumer Cyclical,-0.022536181402293035
Consumer Defensive,-0.6251552589377436
N/A,-0.8061498072048562
