Communication Services,27.15511363724692
Technology,20.874975450474548
Industrials,8.938608684631419
Financial Services,7.689336796264003
Utilities,6.913035235673307
Consumer Defensive,3.418042164101234
Real Estate,2.6696610336219053
N/A,2.3332166070906655
Consumer Cyclical,2.1991931510686227
Energy,0.45024557859479414
Basic Materials,0.4437516421418852
Healthcare,-0.31575968920793934
