Communication Services,544.5311339645974
Real Estate,278.31501160515296
Industrials,150.25391854192245
Utilities,74.27427864617106
Healthcare,69.38300275077077
Financial Services,68.14507851577561
Technology,60.16626807982734
Basic Materials,43.41487258028486
Consumer Cyclical,39.62612549425428
Energy,21.648245970111297
N/A,6.30149082623564
Consumer Defensive,-3.9661218619170455
