Communication Services,7.618397329339298
Consumer Defensive,5.339033831553095
Technology,4.964890376052827
Healthcare,3.0701126255323414
Financial Services,-2.1241566578466475
Consumer Cyclical,-2.3374623941549713
Real Estate,-5.481417814194975
Basic Materials,-6.1579078802536795
Utilities,-7.899979530252628
Energy,-8.72780798333412
N/A,-10.92908685456047
Industrials,-13.793331465959726
