Communication Services,314.6084758258362
,35.333336724175346
Technology,27.357713489597458
Energy,27.01177456883984
Industrials,15.617569950231964
Healthcare,12.966861842671218
Financial Services,12.777385742953511
N/A,4.212172836397826
Consumer Defensive,4.194342766018219
Basic Materials,2.369430696660083
Utilities,0.3914698987449995
Consumer Cyclical,-6.295256008572657
Real Estate,-30.049241761478893
