Communication Services,3479.3340079376535
Real Estate,41.68866997273789
Financial Services,39.193835147482986
Utilities,31.59006005752805
Technology,26.758613933714745
Basic Materials,19.03769113899726
Energy,16.824350114524634
Healthcare,13.315430848910152
Industrials,12.663150044965649
N/A,4.271007543813827
Consumer Defensive,3.5764546363914067
Consumer Cyclical,-0.027944120392369598
