Consumer Defensive,122.8383215618253
Real Estate,31.343608777373216
Technology,27.860273622948068
Healthcare,25.739399253417343
Communication Services,23.787174684996234
Financial Services,18.754960496344975
Energy,15.262238166405044
Consumer Cyclical,8.83829689415591
Utilities,7.222320670817915
Industrials,-0.6003451806915051
N/A,-3.607312028609459
Basic Materials,-15.939016615425922
