Communication Services,37.77336515445932
Real Estate,24.40613314885483
Healthcare,18.36638573949034
Basic Materials,13.110332413158016
Industrials,6.921095229347893
Energy,6.050270582669202
Financial Services,3.9784842969220504
Utilities,3.604999187927686
Consumer Cyclical,2.630033016661171
Technology,1.7236957422982726
Consumer Defensive,-2.938466485623286
N/A,-5.530369836588393
