Communication Services,141.57387356661698
Real Estate,83.35056764515559
Artificial Intelligence,36.01933999857294
Healthcare,19.752505815665547
Technology,17.216241908481887
Basic Materials,16.17237875450955
Industrials,15.759216076237804
Energy,12.779623389422405
Hardware,10.841532167451204
Financial Services,9.362439942809809
Utilities,9.028577225154951
N/A,5.965530653753835
Consumer Defensive,5.5321924086041685
Consumer Cyclical,3.369620776069708
