Consumer Defensive,2.154242667175702
Industrials,-0.9806407450375008
Communication Services,-1.3160636977973537
Healthcare,-2.19049509698286
Real Estate,-2.8673737712641336
N/A,-2.915234242010736
Basic Materials,-3.004967107062866
Utilities,-3.6576360364190306
Financial Services,-4.0428657310217595
Technology,-5.718821983074103
Consumer Cyclical,-6.184579363474646
Energy,-6.563455718283709
