Communication Services,54.75919362636509
Basic Materials,22.780103094944632
N/A,22.152773332512606
Healthcare,20.530331638099085
Technology,11.546088059803846
Financial Services,7.977888110484175
Utilities,7.51620915702465
Industrials,7.148966035792789
Energy,6.2252474542519725
Consumer Cyclical,5.502384510839986
Real Estate,4.644422486373977
Consumer Defensive,1.2735709119198355
