Financial Services,74.33277431124556
Industrials,51.12031919400807
Technology,48.01092028586704
Energy,45.90949893534663
Utilities,45.85312558851501
Basic Materials,33.705319220136225
Consumer Defensive,25.688475903970886
Healthcare,15.731594450466103
N/A,12.024464749041378
Real Estate,11.503718742631214
Communication Services,8.318532172894487
Consumer Cyclical,-66.60571513250977
