Communication Services,42.51139751098708
Basic Materials,10.049045485837748
Healthcare,-6.917869867042826
N/A,-9.139965167349818
Consumer Defensive,-14.586654456520696
Real Estate,-14.62415466808432
Financial Services,-18.059862189377665
Industrials,-20.874601168436552
Technology,-22.016744588011772
Utilities,-22.733674566008258
Energy,-24.875084763058588
Consumer Cyclical,-28.785423870675036
