Financial Services,757585.9296965917
Technology,56.37614804358756
Communication Services,13.528469733324377
Industrials,12.16440221808078
Energy,3.8469604267985797
Healthcare,3.77337384084213
Consumer Defensive,2.7893815911658186
Basic Materials,2.4739112489403006
Consumer Cyclical,1.9002180030834768
Real Estate,1.2163580076773124
N/A,0.6974872156416118
Utilities,-1.9911599868656136
