Communication Services,14.69324918793948
Utilities,11.87401151459593
Technology,11.853452717679316
Financial Services,10.814244591872177
Consumer Defensive,10.553193976030625
Consumer Cyclical,7.966907819822238
Healthcare,5.684774403502014
Real Estate,4.582639763998606
N/A,0.5817982656660226
Industrials,-0.06834072264690896
Basic Materials,-1.0724706264225325
Energy,-13.31075409262265
