Communication Services,177.62786777755636
Real Estate,43.73926755917046
Industrials,27.51558764270981
Healthcare,23.501791026256655
Basic Materials,16.630544470909374
Financial Services,13.486966615414309
Utilities,13.276789913879513
Technology,12.507446882411369
Energy,10.540424706013614
N/A,5.850082790907817
Consumer Cyclical,5.624813668969403
Consumer Defensive,3.8290185548368783
