Communication Services,149.97079756534455
Real Estate,85.89335477186718
Healthcare,20.2620901212031
Technology,18.185100353868965
Industrials,15.941320027536394
Basic Materials,15.231596227566243
Energy,12.903930748692218
Hardware,10.841532167451204
Financial Services,9.355823739462867
Utilities,9.028577225154951
Consumer Defensive,5.644561158972503
N/A,5.46176423835253
Consumer Cyclical,3.3642590253320233
