Consumer Defensive,897.1118775483649
Financial Services,43.8664224974936
Communication Services,19.618386170492876
Technology,18.405279449276364
Healthcare,16.93436438230565
Industrials,15.910706098632053
Basic Materials,15.100170260046507
Energy,9.906874321388603
Consumer Cyclical,7.675236500448597
Utilities,7.5178913323013585
N/A,7.048439503114346
Real Estate,3.4350988464751686
