Consumer Defensive,2941.210393574949
Industrials,1701.717347242253
Consumer Cyclical,1256.0322704268033
Financial Services,276.8962122853617
Utilities,54.52666328030247
Technology,32.13098567151164
Healthcare,28.47201103469961
Energy,25.06772878119006
Communication Services,23.857907686917716
Real Estate,19.95217143872929
N/A,19.002413809030987
Basic Materials,8.955839938112538
,-93.299999833107
