Financial Services,8.333347271767343
Healthcare,8.098398503664173
Technology,7.42787671781583
Consumer Cyclical,5.628337168748167
Industrials,4.513414030691447
N/A,3.9319939200678977
Consumer Defensive,3.6993069312251814
Communication Services,3.5465700496353016
Basic Materials,3.5032419098652143
Energy,2.9560149573678474
Real Estate,2.9497038952654373
Utilities,2.305740406202917
