Consumer Defensive,745.7121871170793
Industrials,599.4997491547415
Consumer Cyclical,482.619897928648
Basic Materials,20.220888867094978
Healthcare,16.75765759673777
Communication Services,10.61084709123244
Financial Services,10.024448035377267
Real Estate,9.953776862054465
N/A,9.000527814946524
Technology,8.14064021964109
Utilities,3.444614032803807
Energy,2.839760201208896
