Communication Services,3.4087519444266494
N/A,2.9863810284818073
Technology,1.0659866644883478
Real Estate,0.5232478609763864
Consumer Defensive,-0.03139664973544374
Financial Services,-0.22340352285570952
Consumer Cyclical,-1.963584067750736
Healthcare,-2.111894008041197
Basic Materials,-9.594785952400379
Industrials,-11.536819830021761
Utilities,-15.42606563499709
Energy,-15.653954680956796
