Financial Services,76.93298434231764
Communication Services,28.09166754680855
Healthcare,21.002398417683967
Industrials,13.679900054995255
Technology,11.482679364558733
Basic Materials,8.688360494737218
Consumer Defensive,6.487742201588201
Energy,5.050131716911187
Real Estate,4.934576544103772
Consumer Cyclical,4.405031163872648
Utilities,3.872989078110365
N/A,3.669505757378003
