Consumer Defensive,786.1157031637828
Industrials,587.0949589662584
Consumer Cyclical,472.1579406404687
Healthcare,23.80987683440026
Real Estate,18.540461384703566
Basic Materials,15.075584402654231
Technology,10.414932794723489
Financial Services,9.608499087652788
Communication Services,9.39089575647036
Energy,8.58820826256039
N/A,6.406802292986674
Utilities,4.779029242550416
