Financial Services,61.02471425835974
Healthcare,30.852513304551785
Technology,25.681776695826695
Communication Services,25.186688661202844
Basic Materials,19.48329463451647
Industrials,19.144470550708288
Energy,14.212902183577977
Utilities,14.055803889052749
Consumer Cyclical,9.331530842807728
Consumer Defensive,8.753524831831543
N/A,7.136242382822012
Real Estate,2.091011677821454
