Communication Services,13780.384192890755
N/A,1055.4934668495544
Industrials,135.93242262936516
Consumer Cyclical,32.344481072181765
Technology,17.157858132728403
Financial Services,15.08963719592053
Energy,12.274920041122648
Utilities,7.996784571926861
Basic Materials,6.950180275132856
Consumer Defensive,2.6681145406515627
Healthcare,1.192923872503653
Real Estate,1.1873340344822723
