Communication Services,34.52093657121667
Basic Materials,13.37726325328487
Financial Services,2.0401910832477435
Utilities,-1.532497168962199
Industrials,-2.192459511035151
N/A,-4.255987628564863
Consumer Defensive,-5.88026053391206
Real Estate,-7.3059010050088675
Healthcare,-7.876347271353422
Technology,-9.80620677832996
Energy,-9.950252058304658
Consumer Cyclical,-12.204408905571219
