Artificial Intelligence,39.39753800784724
Basic Materials,31.68541405996345
Industrials,25.483179748376877
Consumer Defensive,9.370401824572216
Healthcare,9.098014287820902
Energy,4.8902724222566425
Consumer Cyclical,-0.022533234357218292
N/A,-7.846669125609584
Technology,-8.066484359450078
Utilities,-11.108124980928782
Communication Services,-12.19778267361539
Financial Services,-13.69264595288301
Real Estate,-50.999683222757994
