Communication Services,3509.6468760895577
Utilities,31.08508175495257
Basic Materials,29.996571782620403
Real Estate,28.413033272097028
Energy,24.295917783298194
Technology,23.533027533893534
Industrials,19.202699116852436
N/A,7.131868740078295
Consumer Cyclical,6.632890897011717
Healthcare,6.114714748475103
Financial Services,2.9305699394530267
Consumer Defensive,2.327273884005463
