Communication Services,1204.4297983216247
Real Estate,578.5149222635977
Basic Materials,35.56017347758235
Industrials,34.93152120264285
Healthcare,21.71301295028926
Technology,18.62451477885462
Utilities,10.686862508861095
N/A,6.561393103860646
Energy,6.151460205188271
Consumer Cyclical,2.510952194816231
Financial Services,2.301033680132691
Consumer Defensive,0.008576975975925083
