Communication Services,963.4312337019085
Industrials,40.027910200291174
Healthcare,39.530579780993584
Basic Materials,39.335345373649176
Real Estate,32.77224924526327
Technology,28.955214131497335
Artificial Intelligence,27.014504998929706
Financial Services,11.763670557807563
Utilities,8.922288791575188
Energy,7.093539780425473
N/A,6.310191436459491
Consumer Cyclical,5.3363612693324125
Consumer Defensive,2.677979433262304
