Consumer Defensive,8.400610480749501
Basic Materials,5.863291956203435
Financial Services,5.138327816055362
Real Estate,4.0443771157753545
N/A,3.0702512935632456
Healthcare,1.472162031334105
Consumer Cyclical,-0.00018217384043401404
Utilities,-2.355107314176537
Industrials,-3.3041784336618014
Technology,-3.358222298564588
Energy,-3.4548451269388765
Communication Services,-4.233726031803465
