Communication Services,1329.6649321875213
Real Estate,176.96939095702254
Industrials,121.60268125532058
Healthcare,55.06463381548687
Financial Services,45.92092513438495
Technology,42.39688173978377
Energy,30.136045467364585
Basic Materials,25.055811175533115
Utilities,20.04159924450439
Consumer Cyclical,12.894381780249981
Consumer Defensive,11.852077409166105
N/A,1.9443374802611775
