Communication Services,31.26474218716588
Basic Materials,16.72643864661518
Healthcare,-0.6037714219425417
Consumer Defensive,-6.824062914193552
N/A,-6.8812896434275
Real Estate,-8.147464813807362
Financial Services,-9.576926523222106
Utilities,-13.211397270850709
Technology,-13.765713873807403
Industrials,-15.254502367925738
Energy,-16.515774714807854
Consumer Cyclical,-18.88290477241756
