Communication Services,30.902513125925413
Basic Materials,17.880114692047574
Healthcare,16.035674167198025
N/A,12.8461430895273
Energy,5.221701992911694
Technology,4.6209078743989265
Consumer Cyclical,4.591399955351004
Utilities,4.283290175683856
Real Estate,4.092062844251532
Financial Services,3.777373937951867
Industrials,3.4673051186257213
Consumer Defensive,0.760932618180691
