Communication Services,12.18685447290583
Basic Materials,9.535823065785412
Technology,2.393345587711426
N/A,1.505030324709414
Financial Services,1.2333525603005406
Utilities,0.9838617117085343
Healthcare,0.2696783052343516
Consumer Defensive,-0.32450441138697744
Real Estate,-1.2437716460188466
Industrials,-2.1245421199869394
Consumer Cyclical,-2.44803741060193
Energy,-6.0178717264796315
