Consumer Defensive,2868.577266071069
Healthcare,14.227976145733738
Basic Materials,12.891675658013192
Communication Services,11.607289256433038
Financial Services,4.280242614464354
Industrials,1.7743184906883989
Utilities,0.4527859437903833
,0.0
Technology,-0.06556128236691107
Real Estate,-0.33193175251004586
Energy,-3.656277659994238
Consumer Cyclical,-4.246537151072658
N/A,-5.197276992819143
