Communication Services,594.8598568208408
Real Estate,191.86346534357952
Industrials,120.46865704284659
Basic Materials,55.58439692941079
Healthcare,50.9678427368776
Utilities,34.894428925025196
Technology,24.612565866182774
Consumer Cyclical,22.45724701371801
N/A,19.93682979144592
Financial Services,16.36403618089673
Energy,16.18048751325474
Consumer Defensive,-1.3863468725357617
