Communication Services,15197.891689159822
Industrials,393.2514854836038
Technology,61.673437588848564
Financial Services,56.84757373907166
Consumer Cyclical,36.12340776799202
Energy,31.141502025582565
Utilities,24.532768859300983
N/A,19.222297044027602
Consumer Defensive,15.930370234071686
Basic Materials,4.416165898688134
Healthcare,0.028909141808226017
Real Estate,-28.491363335056302
