Financial Services,45.98511561012984
Healthcare,23.28153936998848
Communication Services,20.346521669624302
Technology,19.3438878952698
Industrials,14.562292913469616
Basic Materials,13.936658035465582
Energy,10.571711897531722
Utilities,8.423433205965422
Consumer Cyclical,7.808505214546595
Consumer Defensive,6.168315951390912
N/A,5.926324136412254
Real Estate,2.2708948701598004
