Consumer Defensive,873.8641578779644
Financial Services,46.58756787034897
Communication Services,20.020906711925907
Technology,19.195013984440735
Industrials,15.143466632030796
Healthcare,14.568573379981654
Basic Materials,13.93898815320505
Energy,10.571711897531722
Consumer Cyclical,7.898645977112713
Utilities,7.5178913323013585
N/A,5.396458572382012
Real Estate,2.2708948701598004
