Communication Services,171.65076540405852
Technology,27.840739893079814
Utilities,27.691075562429567
Financial Services,27.15738054437674
N/A,22.91530620605518
Industrials,21.777310062482094
Energy,19.445736921841043
Basic Materials,18.945431141567415
Real Estate,11.426316183244738
Healthcare,11.185056247621597
Consumer Cyclical,8.513836174502304
Consumer Defensive,7.391023387391225
Artificial Intelligence,0.0
