Consumer Defensive,1177.276419999407
N/A,98.1687394820053
Healthcare,50.041640658743226
Communication Services,13.757620102506426
Industrials,7.473891814441233
Technology,6.8126242743610055
Basic Materials,4.245924372597597
Utilities,4.097257049931896
Financial Services,3.1982946935590753
Energy,2.8747183281828117
Consumer Cyclical,0.9615427136460846
Real Estate,-2.009805890315906
