Consumer Defensive,454.2905859454391
Industrials,341.8761399507131
Consumer Cyclical,292.8799577025038
Healthcare,16.98364585754173
Basic Materials,10.616272369999923
Real Estate,10.590889812356659
N/A,9.439053321539829
Communication Services,6.881189426952022
Technology,6.685711638533111
Financial Services,6.326518366089645
Energy,5.5275087329537005
Utilities,3.4760782919905533
