Consumer Defensive,2969.802750429814
Industrials,1362.5473081481125
Financial Services,417.00361906341953
Communication Services,18.750573303076443
Consumer Cyclical,16.95122760487365
Real Estate,12.012501533868445
Basic Materials,10.89724590023064
Technology,9.54890378470304
Healthcare,8.753977854760388
N/A,4.240858975944624
Energy,-0.7925002625324369
Utilities,-1.0878293866796005
