Consumer Defensive,693.0226444503401
Industrials,356.51508331401504
N/A,36.95612382030234
Technology,19.46265093568745
Healthcare,17.958292298267214
Energy,14.224463718524145
Financial Services,13.235200557792618
Basic Materials,11.4501419936765
Communication Services,9.246257395100926
Utilities,8.199743434007873
Real Estate,3.5541904818101795
Consumer Cyclical,-6.799569518131603
