Communication Services,113.17071700611307
Technology,66.60863770745358
Industrials,45.057218536307595
Financial Services,41.41050389449532
Utilities,24.646656325267116
Consumer Defensive,12.584150099791705
Consumer Cyclical,10.057344467714582
N/A,2.794269496233246
Energy,2.6044894588837995
Basic Materials,-1.6444767148277089
Healthcare,-4.182871987045727
Real Estate,-8.155883740754174
