Communication Services,1270.543861649907
Industrials,25.846009110337075
Technology,25.392382222301144
N/A,21.723397578268806
Real Estate,18.492311197223945
Consumer Cyclical,18.135870896955335
Financial Services,16.690182491871855
Healthcare,16.552404476948098
Basic Materials,12.234381340994204
Utilities,11.178327222301396
Energy,8.05357051103118
Consumer Defensive,-0.5671294920443881
