Communication Services,50.53849802603865
Healthcare,13.076801273345776
Consumer Defensive,11.243881838257062
Real Estate,3.6578045987349417
Consumer Cyclical,1.8227955054455904
Financial Services,-0.22000741517176495
Technology,-1.840429458126196
N/A,-6.059980737951146
Utilities,-6.736805324369283
Industrials,-9.510454354602325
Energy,-11.92944428538236
Basic Materials,-15.359737244736786
