Financial Services,82.92740275892223
Communication Services,28.09166754680855
Healthcare,21.501708086249394
Industrials,13.841476567539784
Technology,11.364271949490405
Basic Materials,8.688360494737218
Consumer Defensive,6.487742201588203
Energy,5.050131716911187
Real Estate,4.9345765441037726
Consumer Cyclical,4.4056625817777535
Utilities,3.9003957127760396
N/A,3.506487643592737
