Communication Services,15.306737520370728
Industrials,13.72753634122628
Financial Services,12.840836930255344
Technology,11.518991101347678
Healthcare,4.4761451386790805
Consumer Defensive,2.8436186665643235
N/A,2.676813849839595
Energy,2.418625141475269
Consumer Cyclical,2.306286349264434
Basic Materials,1.7497973811198886
Utilities,0.8394415231472457
Real Estate,0.0402477719901787
