Communication Services,44.43400430038964
Utilities,41.25337324493433
Energy,28.575473746615682
Technology,26.608576131164973
Healthcare,20.627217607092913
Industrials,11.365548481721147
N/A,5.440652876538421
Financial Services,3.5740196697400215
Consumer Defensive,2.915557221645588
Basic Materials,0.6355875124040005
Consumer Cyclical,-5.8403136249247405
Real Estate,-23.100487217912587
