Communication Services,204.41243626009873
Industrials,23.66118772355975
Real Estate,22.271768286716945
Technology,15.998432355574375
Healthcare,15.521943063314977
Basic Materials,11.129380841011514
Financial Services,10.034401751555333
Consumer Cyclical,8.380992288730017
N/A,6.5008612692335355
Energy,4.193952630608923
Utilities,3.17384138883488
Consumer Defensive,0.2676450597479567
