Communication Services,25.168240065009588
N/A,11.387206340207227
Consumer Defensive,4.893986802621768
Healthcare,4.032634069426753
Technology,1.0855095338974343
Consumer Cyclical,0.9838381936443119
Real Estate,0.8169304633303122
Financial Services,0.6846119578681882
Utilities,-0.7648291310452782
Industrials,-2.6556408346757228
Energy,-4.993901025254363
Basic Materials,-7.7424361505972685
