Consumer Defensive,19233.48282594653
Communication Services,35.91643890806692
Basic Materials,29.323701679298317
Industrials,20.33124082610401
Healthcare,13.170964536361645
Financial Services,12.957614890641969
Technology,11.075655834073393
Consumer Cyclical,5.393303139580872
Utilities,1.2285367974644776
,0.0
N/A,-0.7754216858311246
Energy,-3.682679196079332
Real Estate,-5.120215443488651
