Financial Services,44.98702121885948
Healthcare,22.999814252791225
Communication Services,20.346521669624302
Technology,18.93382207385767
Industrials,14.502029155093163
Basic Materials,13.936658035465582
Energy,10.571711897531722
Consumer Cyclical,7.808221567895841
Utilities,7.5178913323013585
N/A,6.386169915189686
Consumer Defensive,6.168315951390912
Real Estate,2.2708948701598004
