Communication Services,4.563812819681592
Basic Materials,3.2189641752675557
Financial Services,-0.09708014415544652
Utilities,-0.396658476174475
Real Estate,-0.9350964751553184
Consumer Defensive,-2.0229038887203075
Healthcare,-2.2304218761482906
Industrials,-6.180841747585961
N/A,-6.266717260980423
Technology,-7.537671511685655
Consumer Cyclical,-7.699303537698355
Energy,-9.135894794654407
