Communication Services,29.639645856419886
Energy,5.8278552272099216
Consumer Defensive,2.695000520353365
Basic Materials,1.787184761924144
Real Estate,0.6377825126055416
N/A,-2.2495025631985577
Financial Services,-3.8555482496856808
Healthcare,-5.659301656209052
Utilities,-6.810100525896082
Industrials,-7.167136532940172
Technology,-7.285997811775746
Consumer Cyclical,-10.324517761108515
