Communication Services,55.73344633242368
Utilities,43.834672473850176
Real Estate,41.687894828870995
Technology,23.726056334859134
Healthcare,17.8212607706456
Financial Services,14.39409599276118
Energy,10.086288111564967
Industrials,8.418107256367906
N/A,7.251769747351197
Basic Materials,4.22684499675869
Consumer Cyclical,-2.1827310084529983
Consumer Defensive,-10.06314492284371
