Communication Services,33.59819327886059
Basic Materials,29.323701679298317
Industrials,19.821548662584526
Financial Services,13.06796126110259
Healthcare,12.217307632034734
Technology,10.656022158373235
Consumer Defensive,9.94953136564552
Consumer Cyclical,5.347913885268263
N/A,2.5250596431854517
Utilities,2.119411264861548
,0.0
Energy,-3.8349510393699884
Real Estate,-6.061636019281797
