Communication Services,171.85969388396188
Industrials,45.53099657979632
Real Estate,39.893648447709936
Technology,25.699875134368888
Healthcare,22.625328870838253
Basic Materials,15.22705551587505
Utilities,12.972083407372283
Financial Services,12.603257270473843
Consumer Cyclical,12.54772583929339
Energy,5.573140993330741
N/A,4.714812592507877
Consumer Defensive,0.02790687575528777
