Communication Services,159.02536546978018
Industrials,40.79890412944617
Artificial Intelligence,27.014504998929706
Real Estate,26.370187571246824
Healthcare,20.109582395577227
Basic Materials,18.99568539121975
Technology,13.661994714001759
N/A,11.468977858299702
Financial Services,7.903358095360515
Utilities,5.936112024132624
Consumer Cyclical,5.772600506563853
Energy,1.6547303946473484
Consumer Defensive,0.7498281479527443
