Communication Services,28.438258300858696
Basic Materials,-2.706205183249245
N/A,-2.717609287627889
Financial Services,-5.561337291808301
Consumer Cyclical,-5.761140269451595
Technology,-6.800495413677771
Consumer Defensive,-7.95680761071295
Utilities,-8.456963612237317
Energy,-8.514971212001058
Industrials,-8.801545061000834
Healthcare,-10.109613727379747
Real Estate,-10.996592744647652
