Communication Services,32.0811246851099
Basic Materials,31.750880487344666
Industrials,21.51293075298523
N/A,15.365541429656275
Healthcare,12.589485627806667
Consumer Defensive,12.381302947156211
Technology,10.06744782604146
Financial Services,7.1546291341547885
Real Estate,6.999874243829967
Consumer Cyclical,4.924398152034103
Utilities,2.119411264861548
,0.0
Energy,-4.369996498278213
