Consumer Defensive,3592.062782039034
Industrials,2289.1864430211767
Financial Services,417.74598836000683
Utilities,72.09298535342778
Technology,55.989661618533404
Real Estate,45.24344808866108
Energy,42.83691306812216
Basic Materials,35.67512382997122
Communication Services,29.571265987950905
Healthcare,18.23024094449786
N/A,8.473173896581736
Software,0.026318297160987752
Consumer Cyclical,-55.107540470447056
