Consumer Defensive,-1.111670678677855
N/A,-8.169727232240922
Communication Services,-8.453798965010796
Healthcare,-8.800005849774768
Basic Materials,-10.923440138114945
Financial Services,-11.263508148078701
Real Estate,-13.149697358877827
Technology,-13.521485016168036
Consumer Cyclical,-13.92919755342489
Energy,-14.127766524518487
Industrials,-15.619360694375604
Utilities,-20.852790061555204
