Communication Services,34.35621676873706
Basic Materials,14.65353514170333
Healthcare,-1.1786415475438636
Consumer Defensive,-4.7882540537505
N/A,-7.941557179479884
Financial Services,-8.867035465571849
Utilities,-12.48845156920066
Real Estate,-13.402748476916344
Industrials,-13.69583340842002
Technology,-13.813155381450537
Energy,-15.770218804486651
Consumer Cyclical,-17.253295250185623
