Communication Services,28.452627007247383
Basic Materials,18.110307418603778
Healthcare,16.115925152829593
Real Estate,4.617172189187114
Consumer Cyclical,4.469665696369162
Utilities,4.453878596825
Industrials,4.266123612335712
Financial Services,3.8676603811190975
Energy,3.6520947959365477
Technology,3.63942740606789
Consumer Defensive,1.4989770277961747
N/A,-5.072632688796861
