Consumer Defensive,889.260938120303
Financial Services,50.87266781939408
Communication Services,20.204285939068093
Technology,19.343135182746597
Industrials,14.743426261153504
Healthcare,14.552696612069946
Basic Materials,13.93898815320505
Energy,10.571711897531722
N/A,8.158219892777156
Consumer Cyclical,7.898645943591992
Utilities,7.5635844288559815
Real Estate,2.2708948701598004
