Communication Services,142.70114488232613
N/A,49.32984475515924
Healthcare,45.61257862744658
Basic Materials,37.365641818314906
Utilities,25.520912530163773
Energy,24.41117844098497
Real Estate,19.79361197579046
Technology,15.268790861389672
Industrials,13.612408177823282
Financial Services,10.55814855443401
Consumer Cyclical,1.714706808520637
Consumer Defensive,-7.340434603441761
