Artificial Intelligence,54.02900999785941
Industrials,40.46269033620995
Basic Materials,36.25513794525213
Utilities,35.73256778139198
Technology,34.82879276352422
Healthcare,33.00756416481633
Financial Services,31.25812436787099
Real Estate,22.71472927728019
Energy,20.471130751108834
Communication Services,8.202783672520543
N/A,5.916173241185736
Consumer Cyclical,1.055647071253648
Consumer Defensive,-2.5071872884911377
