Communication Services,192.41584707402876
Industrials,38.66588993867384
Real Estate,38.33777429085601
Technology,23.718477073879942
Healthcare,18.86358730619291
Financial Services,14.332781177470977
Basic Materials,10.888505865182843
Consumer Cyclical,9.104618344929479
Energy,7.120935903453436
N/A,3.868872679003874
Utilities,3.204649805215495
Consumer Defensive,0.815944197964969
