Communication Services,28.081914442701112
Industrials,16.066551088520825
Financial Services,11.239658558399972
Basic Materials,4.397086987285838
Consumer Defensive,0.3864775933187168
N/A,-1.006747769251064
Healthcare,-1.8809444200484065
Technology,-3.3990598627538233
Utilities,-4.351192233217089
Consumer Cyclical,-9.008740724565216
Energy,-9.722542861049622
Real Estate,-14.86105424081872
