Consumer Defensive,735.34000457497
Industrials,539.9758692772033
Consumer Cyclical,401.4596312663521
Financial Services,74.66749427808143
Technology,14.913238640640284
Basic Materials,12.59693945613907
Utilities,10.65008810920818
Healthcare,10.229295817075506
Communication Services,9.524346632606337
Energy,7.6810618496460545
Real Estate,6.864499894876664
N/A,1.5526633105233199
