Communication Services,59.549876656516666
Real Estate,49.43285833591435
Healthcare,22.010834225122867
Basic Materials,19.599330227924018
Energy,9.545934954693664
Industrials,9.390244561771063
Financial Services,9.121776978381892
Technology,7.81280037970623
Utilities,7.411340229895578
Consumer Cyclical,6.404109820282228
Consumer Defensive,-1.0650676531425551
N/A,-1.661256276818572
