Artificial Intelligence,57.885190501205756
Healthcare,4.291172673543209
Technology,4.126208146101818
Space,3.8853356131785985
Energy,3.343707579170487
Utilities,2.882193298897625
Consumer Defensive,2.3318467719407847
Industrials,2.2814677361220577
Real Estate,2.1086580213072867
Financial Services,0.9786738416937667
Consumer Cyclical,-2.237123449211782
Communication Services,-2.491149039834043
N/A,-2.8198798660648428
Basic Materials,-6.969172267588327
