Communication Services,25.29381794513939
Financial Services,3.38641571129534
Healthcare,1.197336505335541
Basic Materials,1.1111433538250097
Energy,0.8089968866042309
Technology,0.40788936666269815
Industrials,0.3489065156481804
Consumer Defensive,-1.9526674557180226
Real Estate,-2.1474890298515383
Utilities,-2.16633280800768
Consumer Cyclical,-5.073492997280926
N/A,-6.310920285596576
