Communication Services,53502.13476866945
Industrials,452.22136149430753
Consumer Cyclical,75.62362405164518
Financial Services,20.71591649331344
Utilities,20.02721573410444
Energy,16.157620777673774
Basic Materials,13.665312728178401
Real Estate,10.510590856410245
N/A,9.01019181820114
Technology,8.326640618786913
Consumer Defensive,7.52934351972713
Healthcare,2.4770375629548202
