Consumer Defensive,3578.89982916445
Industrials,2063.5345676896063
Consumer Cyclical,1567.4638905747045
Real Estate,87.19265691711833
Healthcare,66.66505939446685
Basic Materials,43.627934669891175
Financial Services,34.871212816592326
Communication Services,31.41174460861273
Technology,27.3219030625999
Energy,22.234173835822947
Utilities,21.878842385982452
N/A,10.331825651444712
