Communication Services,27.602064019610157
Artificial Intelligence,24.238086655196668
Energy,23.143271430972728
Industrials,17.992570026266353
Technology,16.805461220949624
N/A,16.26229726186348
Healthcare,11.588001625021308
Utilities,-0.5102800408095532
Basic Materials,-2.1590675244592146
Consumer Defensive,-4.197735780221391
Consumer Cyclical,-8.416889612364503
Financial Services,-10.047489541826405
Real Estate,-17.237172167722438
