Consumer Defensive,3845.979269922453
Industrials,1777.763222149359
Consumer Cyclical,1355.9476572630701
Financial Services,337.4454108936547
Utilities,54.52666328030247
Energy,38.182087172821696
Technology,31.632967590511786
Real Estate,25.08336988754215
Communication Services,25.02630716688189
Healthcare,23.64300347604547
N/A,10.508988479925735
Basic Materials,8.955839938112538
,-93.299999833107
