Consumer Defensive,799.1781424069519
Industrials,400.5258133096482
N/A,25.015656562143295
Healthcare,15.336205062815042
Technology,13.403393759834941
Financial Services,13.386421278415142
Energy,9.561814215192676
Basic Materials,8.039716264405238
Communication Services,7.515132733375517
Utilities,4.353400562542734
Consumer Cyclical,2.1915963743221476
Real Estate,2.0316812938749247
