Consumer Defensive,748.2758090600037
Industrials,482.3840241500566
Consumer Cyclical,404.26190069729415
Financial Services,86.96460470455725
N/A,14.001656656367064
Healthcare,12.931007883185146
Basic Materials,12.222666121445556
Technology,10.06874448402934
Communication Services,6.507615762588526
Utilities,6.279171848897632
Energy,4.217351193447183
Real Estate,2.3734287469766993
