Consumer Defensive,799.1781424069519
Industrials,403.46980439146654
N/A,24.34025061494777
Technology,13.957590826744548
Healthcare,13.478864030334107
Financial Services,13.00605234838613
Energy,9.561814215192676
Communication Services,8.219078549882042
Basic Materials,8.039716264405238
Consumer Cyclical,6.6559576809658765
Utilities,4.353400562542734
Real Estate,2.019575402027639
