Communication Services,3136.9133803262926
Real Estate,268.19715980793296
Industrials,122.17139514597484
Basic Materials,102.32115537467587
Healthcare,78.92882327911302
Technology,63.663722158855286
Artificial Intelligence,54.02900999785941
Utilities,38.25237980390862
Financial Services,36.12724236315377
Energy,27.703397683279455
Consumer Cyclical,16.78838589338587
N/A,11.095427980779485
Consumer Defensive,7.876078353205739
