Financial Services,6.329495608774934
Industrials,4.466299896633105
Healthcare,3.124209694039557
Basic Materials,2.3101953426693647
Energy,0.7831810125969705
Communication Services,0.3296646175478059
Consumer Defensive,-0.38836570581892854
Real Estate,-0.793082728345497
Utilities,-1.3890168839487036
Technology,-1.590152241260604
Consumer Cyclical,-4.818170025051759
N/A,-6.251698422116798
