Consumer Defensive,3145.337876147633
Financial Services,148.31567550792343
Energy,69.1568352863264
Communication Services,68.35668238668403
Industrials,66.27386288619314
Technology,63.15464566681831
Utilities,61.26248199907184
Basic Materials,60.43798971644882
Healthcare,35.585722209774005
Consumer Cyclical,22.40237402656118
N/A,15.206786339562582
Real Estate,2.9503692845324383
