Consumer Defensive,2509.399149441627
Industrials,1231.5075746924595
Financial Services,34.4311093244173
Consumer Cyclical,26.014789203056036
Healthcare,20.380367522057213
Communication Services,14.493048776481041
N/A,13.721440926438287
Basic Materials,11.905044577514827
Technology,11.198678407732698
Energy,5.672853872692228
Real Estate,0.44783790056118417
Utilities,-3.179629164233668
