Consumer Defensive,4.576248688831259
Basic Materials,4.295111421505458
Communication Services,2.384593891926018
Real Estate,-0.001376819763661946
Industrials,-0.04785040302937297
N/A,-0.6078784060584232
Utilities,-0.757952436698862
Financial Services,-1.8026591063191024
Technology,-4.305573212382321
Healthcare,-4.766734041782955
Consumer Cyclical,-5.088736034559678
Energy,-6.168931410277522
