Financial Services,53.46679140850989
Healthcare,47.03598024982349
Technology,39.39525419009104
Utilities,24.707829066310946
Industrials,23.573097061545855
Consumer Cyclical,15.275105452195959
Communication Services,14.024803248920747
Energy,11.458837645552217
N/A,9.21885571050427
Consumer Defensive,7.380233584629164
Basic Materials,-1.9603427186638571
Real Estate,-12.12897685137744
