Financial Services,23.48037099347627
Industrials,14.596721450840267
Real Estate,10.232558019184602
Basic Materials,4.886947962199207
Consumer Defensive,-1.4908536873274345
Energy,-2.636853182283953
Healthcare,-3.4596521671151397
Technology,-3.8026550143416413
Utilities,-6.3400861522643
Communication Services,-7.000692837042618
N/A,-9.502025836898463
Consumer Cyclical,-16.972533866670105
