Consumer Defensive,3325.970750089614
Healthcare,240.96157716382174
Communication Services,30.475711862473744
N/A,23.643385205354974
Basic Materials,17.054237618418643
Utilities,15.345038102826098
Industrials,11.275996237418264
Financial Services,6.04338848120858
Technology,1.817209246044542
Energy,0.31315006605522405
Real Estate,-4.812084863425494
Consumer Cyclical,-6.540418211086502
