Communication Services,531.0232259817169
Real Estate,258.3350514887143
Industrials,131.17316407742214
Healthcare,58.004982213996335
Financial Services,52.34265205081644
Technology,45.951580316098585
Basic Materials,32.191808115173885
Utilities,20.287665422156234
Energy,18.726263734885435
Consumer Cyclical,14.921843671042767
Consumer Defensive,11.099107807005463
N/A,4.1640592239660235
