Communication Services,110.80354208370422
Artificial Intelligence,36.01933999857294
Industrials,29.95707694405451
Real Estate,29.100951242547236
Healthcare,18.956139691955673
Basic Materials,16.661948256778594
Technology,16.235230228766795
N/A,10.444119702007571
Financial Services,7.25564445162952
Utilities,5.917836784120042
Energy,3.641309467729772
Consumer Cyclical,2.1548394059644895
Consumer Defensive,-0.7402320637775008
