Communication Services,147.32101093490175
Industrials,25.816357870334162
Real Estate,25.805727073193307
Technology,20.411180825940384
Healthcare,13.767146066250326
Basic Materials,12.484627996948795
Financial Services,9.832813399111448
Energy,8.66938424868354
Consumer Cyclical,6.962330216480579
N/A,4.659425103290935
Utilities,2.131205430031541
Consumer Defensive,-0.3083017745334004
