Financial Services,14.21939506168982
Healthcare,13.728847398372542
Consumer Cyclical,9.999254811657798
Consumer Defensive,9.051874397268694
Energy,8.436405817974098
Technology,6.222258529598037
Utilities,1.9100857317189177
Industrials,0.2241108315120385
Communication Services,-0.21872227221329688
Real Estate,-0.8160766352510275
Basic Materials,-9.428558885646352
N/A,-10.773098623451487
