Financial Services,297.1407821111048
Industrials,111.40272860649023
Healthcare,26.356249516189692
Utilities,21.889225730895525
Basic Materials,18.93021636075995
Energy,5.505172109731226
Technology,4.291629063704351
N/A,3.2375275490735844
Consumer Cyclical,3.1618743101353535
Communication Services,3.1618712165576985
Consumer Defensive,-1.3990958092340906
Real Estate,-1.6321410935222938
