Communication Services,15.546344163671364
Basic Materials,11.964454568898434
Financial Services,4.886965318873023
Healthcare,4.702380716138532
Technology,4.329673314338718
Industrials,2.288493346173306
Consumer Cyclical,2.2547667652589514
Consumer Defensive,1.1073542644076775
Real Estate,0.6203862274360213
Utilities,0.5819395743396846
Energy,-0.25340334146409427
N/A,-2.514549758497804
