Communication Services,124.83082342787097
Real Estate,25.34467630420681
Industrials,17.196991726751758
Healthcare,13.695792507927434
Basic Materials,12.94776308016935
Technology,12.860454440481732
Energy,11.366271672473664
Utilities,10.955664094692983
Financial Services,6.91355616707844
N/A,5.865691100581388
Consumer Cyclical,3.4802702848503184
Consumer Defensive,0.533994874582021
