Communication Services,13930.101600509706
N/A,1387.1632194604688
Industrials,136.45915827820792
Consumer Cyclical,31.985727794052476
Technology,17.155590739783932
Financial Services,14.605341276422449
Energy,12.274920041122648
Utilities,7.996784571926861
Basic Materials,7.048554952046717
Consumer Defensive,2.3891417358728333
Healthcare,1.472938932343491
Real Estate,1.04219358097128
