Communication Services,32.0811246851099
Basic Materials,27.888554267364384
Industrials,21.03365562076061
Healthcare,12.589485627806667
Consumer Defensive,10.998111552299433
Technology,10.2527397392924
Financial Services,7.559143716142179
Real Estate,6.999874243829966
Consumer Cyclical,4.924398152034104
Utilities,2.119411264861548
N/A,0.37124491029817247
,0.0
Energy,-3.8132588755632333
