Consumer Defensive,-7.303186183130074
N/A,-8.079716570964845
Healthcare,-9.609606980383647
Technology,-9.787936867451787
Utilities,-10.182200563166589
Real Estate,-10.55445404428719
Basic Materials,-13.286472256589843
Industrials,-14.113812937773991
Financial Services,-14.377976427926324
Communication Services,-15.419678014769191
Consumer Cyclical,-15.45037480469612
Energy,-19.974989817212467
