Communication Services,49.96648718379535
Industrials,9.9557456116237
Financial Services,4.920092475586449
Basic Materials,3.669241534494516
Technology,-5.015647476630971
Utilities,-5.427172906416008
Consumer Defensive,-6.853192260920973
Healthcare,-7.612942136400804
Energy,-8.60836727716412
N/A,-11.467187041235366
Real Estate,-13.940800781961542
Consumer Cyclical,-19.738059931575535
