Communication Services,234.83617747447647
Real Estate,33.68564940745309
Basic Materials,29.473052576969543
Energy,23.02138708162558
Technology,22.12175568107918
Industrials,18.18947370122228
Healthcare,11.518607369343949
Utilities,11.095257470571187
Consumer Cyclical,9.887216499556498
Financial Services,8.391366420388291
N/A,5.227166552424775
Consumer Defensive,5.191203138306109
