Consumer Defensive,-5.713367844165225
Basic Materials,-7.809269126400062
Real Estate,-8.227837477834155
Utilities,-9.525455657773897
Consumer Cyclical,-9.938759400389197
N/A,-10.832109324292059
Financial Services,-11.712879883130666
Communication Services,-12.73457940296822
Healthcare,-14.273598167420435
Industrials,-14.36501709615937
Technology,-18.891970406428122
Energy,-22.404791328893143
