Consumer Defensive,2547.789183220287
Industrials,1271.207839373579
Utilities,48.54795564746811
Technology,46.787252989429724
Energy,46.33011332278794
Financial Services,45.3899964697226
Healthcare,36.62131972006676
Basic Materials,33.707888927888675
Communication Services,31.445360824362147
N/A,19.383670277989374
Real Estate,16.84572465661886
Consumer Cyclical,-41.097975448152404
