Communication Services,137.38571029070306
Real Estate,36.613386247791574
Industrials,23.082145068304623
Technology,15.764895697740773
Healthcare,14.373969578215332
Financial Services,9.82078599760613
Basic Materials,9.572587334217792
Energy,6.128852643817164
Consumer Cyclical,4.820901502857211
Utilities,3.0020156291224938
N/A,2.887024476647642
Consumer Defensive,-0.5602144902180239
