Communication Services,50.13280666969962
Financial Services,16.02815506577504
Utilities,15.061115067056065
Healthcare,14.268018549086664
Consumer Cyclical,14.26647459700145
Industrials,13.877592361304291
Technology,13.63745210801109
Basic Materials,3.6640329379082672
Energy,0.809329501548957
Consumer Defensive,-1.2153788146872067
Real Estate,-1.3213160144509268
N/A,-5.950809615990391
