Communication Services,626.3556732130971
Real Estate,260.63530676969646
Industrials,105.24286167767278
Utilities,75.89343297704973
Financial Services,62.610686988366865
Healthcare,54.91168519308195
Basic Materials,46.248485992850846
Technology,32.23174968457697
Energy,29.33169661771191
Consumer Cyclical,23.455691287334325
N/A,13.803114008629635
Consumer Defensive,-5.3335513988262315
