Communication Services,10646.813745194531
Industrials,116.67912735831521
Consumer Cyclical,32.08179364864493
Technology,27.74870511997138
Financial Services,24.8842676242331
N/A,23.73053429819202
Utilities,9.473889855223156
Energy,8.111618989391603
Basic Materials,5.980722413922575
Consumer Defensive,5.261842793736771
Real Estate,-0.012450943165270897
Healthcare,-0.458411317593852
