Communication Services,54.517129501697816
Basic Materials,22.71469124463053
Healthcare,20.316474037569602
Technology,9.799487149533828
Financial Services,8.05405707811291
Utilities,7.51620915702465
Industrials,7.13653996522497
Energy,6.2252474542519725
Consumer Cyclical,5.502384510839986
Real Estate,4.644422486373977
Consumer Defensive,2.0694745839162607
N/A,-5.120491461548539
