Communication Services,11.328148470222068
Technology,10.574989266500912
N/A,3.494626802619313
Healthcare,3.4871825229611533
Industrials,1.63923750466277
Financial Services,1.414885956596183
Basic Materials,1.1826873800991407
Utilities,1.1609571387158355
Consumer Defensive,1.0957143745090927
Energy,0.8711122887231153
Real Estate,0.31681644040322776
Consumer Cyclical,-1.7543766062550186
