Communication Services,49935.77562160509
Industrials,394.3050143871347
Consumer Cyclical,73.94037615347608
Financial Services,19.682076340872154
Utilities,18.647922923473907
Energy,15.077119952416025
Basic Materials,13.665312728178401
Real Estate,12.054054431576086
Consumer Defensive,8.906718321550255
Technology,8.697895983807928
N/A,3.0363514960192965
Healthcare,2.738907647223262
