Communication Services,152.69575721794894
Real Estate,70.93941944275831
Technology,19.41517823387444
Basic Materials,18.810010018070493
Energy,15.756946698888214
Utilities,14.646431884584322
Healthcare,12.481241788761455
Financial Services,10.972621849557452
Industrials,10.064494919332608
N/A,6.390400389093595
Consumer Cyclical,3.701832907869232
Consumer Defensive,3.132217890056244
