Communication Services,46.79728458833802
N/A,24.08709852814189
Basic Materials,22.106048463284342
Healthcare,20.7746172108276
Technology,9.835569904211347
Financial Services,8.05405707811291
Utilities,7.51620915702465
Industrials,7.202556553995295
Energy,6.103000009426729
Consumer Cyclical,5.9632660172581975
Real Estate,4.525025155939248
Consumer Defensive,1.832878397121125
