Communication Services,121.64848272171335
Real Estate,36.27085608705495
Technology,19.24309437079181
Industrials,19.218932523398163
Healthcare,15.692492724701825
Basic Materials,12.439163235975306
Financial Services,11.83590636461919
Energy,10.235068031137333
Utilities,6.736325647119402
N/A,5.786648106702994
Consumer Cyclical,3.761410524383248
Consumer Defensive,-1.158093339880693
