Consumer Defensive,12.68463120349004
Healthcare,11.671319058171283
Consumer Cyclical,4.583528008973528
Financial Services,3.811688737569704
Industrials,2.459488271603665
Communication Services,1.1391907196061604
Technology,0.6639415714760493
Real Estate,-0.7894725229380883
Utilities,-2.798958316777748
N/A,-2.8379926307895826
Energy,-4.146309627848555
Basic Materials,-13.123291407000586
