Consumer Defensive,3337.289362644454
Industrials,1870.4883379623093
Consumer Cyclical,1392.7014940797435
Financial Services,363.8354322960699
Utilities,53.5092218226107
Healthcare,37.43742694051963
Basic Materials,31.431554912031906
Technology,29.693157744500713
Real Estate,29.05241771127303
Energy,23.35760140381925
Communication Services,21.18678087662493
N/A,19.155711290000696
