Communication Services,2.4477551998377947
Basic Materials,-0.08004725168546395
Consumer Defensive,-0.3521563611740569
Financial Services,-0.7078865479586753
Utilities,-0.7650664588764652
N/A,-2.1553297797356703
Real Estate,-3.0697602547197373
Healthcare,-3.671011703515158
Industrials,-5.93335022949251
Technology,-8.201029580428727
Consumer Cyclical,-8.73491096714307
Energy,-11.50833908877043
