Financial Services,4.706458602302677
Energy,2.5950494776176103
Real Estate,0.650929123483718
Communication Services,0.28924165401816343
N/A,-7.393263984399216
Consumer Defensive,-7.446443989136939
Basic Materials,-8.120782859678526
Utilities,-8.441357923386805
Healthcare,-8.632357264830222
Industrials,-9.679943799830243
Technology,-11.906834198137336
Consumer Cyclical,-19.270707701956415
