Communication Services,4.703123974591766
Basic Materials,3.2177968857159813
Financial Services,-0.29625061859916246
Utilities,-0.3966584761744753
Real Estate,-0.9350962445405779
Consumer Defensive,-2.0193429356057067
Healthcare,-2.2325101449381988
Industrials,-5.084464649526248
N/A,-5.154279710198539
Technology,-7.445249902772523
Consumer Cyclical,-8.301913983675798
Energy,-9.135894794654407
