Consumer Defensive,2510.232969986574
Industrials,1286.816902810055
Financial Services,38.27535074071771
N/A,28.370364351347995
Consumer Cyclical,26.014789203056033
Healthcare,19.086016036205397
Communication Services,10.622585159414976
Technology,10.073086087525233
Basic Materials,9.11386096231801
Energy,5.4719508172987625
Real Estate,0.4478379005611841
Utilities,-3.179629164233668
