Communication Services,30.975996161388142
Financial Services,16.624768242996204
Industrials,14.534995407539556
Basic Materials,4.397086987285838
Consumer Defensive,0.3864775933187169
N/A,-1.0088364832904413
Healthcare,-1.2402361435078075
Technology,-3.394306523499518
Real Estate,-4.050878534015599
Utilities,-4.3548693138377175
Consumer Cyclical,-7.314453226938474
Energy,-9.722542861049622
