Communication Services,455.6465345741706
Real Estate,190.74282850543793
Industrials,130.37272583597252
Basic Materials,89.27760769246612
Utilities,70.34731428558692
Healthcare,66.43453314591557
Technology,33.62019850759846
Financial Services,30.32707480899643
Energy,24.50778270626105
Consumer Cyclical,18.645520035076043
N/A,11.411816903309925
Consumer Defensive,-4.579042643378355
