Communication Services,35.36061063324703
Basic Materials,15.612916910021637
Financial Services,0.8719419281413858
Utilities,-1.5324971689621985
Industrials,-2.2071939633815
N/A,-3.2856982640337695
Consumer Defensive,-6.1800210349767495
Real Estate,-7.305901005008866
Healthcare,-7.820297719073805
Technology,-9.835693189405706
Energy,-10.287399259433608
Consumer Cyclical,-12.073275010205094
