Financial Services,2.601610382551835
Technology,2.349967852157713
Energy,1.898342288073538
Industrials,0.210172448807353
Communication Services,-1.176669520367543
Basic Materials,-2.0193174755287533
Real Estate,-2.0915852893686835
Consumer Defensive,-2.454122989804511
Utilities,-2.505914069203656
Healthcare,-3.512749534532358
N/A,-4.1935547435383285
Consumer Cyclical,-6.306474882788523
