Communication Services,11.033039447605422
Basic Materials,-4.901209037573832
Consumer Defensive,-5.507015945161236
N/A,-6.26589281359078
Healthcare,-9.55834751735472
Technology,-11.396726839754601
Real Estate,-13.390191598938014
Consumer Cyclical,-13.56391331302645
Energy,-13.6561967684317
Industrials,-13.89507151346968
Utilities,-16.252686573147823
Financial Services,-16.292603403531732
