Financial Services,61.61974055034751
Healthcare,38.30441092692627
Technology,20.399362003322633
Communication Services,16.908359738516772
Industrials,15.923407472060816
Basic Materials,15.374363836222974
Energy,10.83470893082668
Consumer Cyclical,10.679001839134777
Utilities,10.316918879665042
Consumer Defensive,7.473174591329888
N/A,6.879203265339838
Real Estate,2.0590862669111836
