Consumer Defensive,430.7300248420106
Industrials,361.1498502453
Consumer Cyclical,285.00664500771774
Healthcare,16.03123953132674
Basic Materials,14.560279219307903
Communication Services,8.474771648909064
Financial Services,6.8411315299380835
Real Estate,6.040951271151103
Technology,5.605320153093448
Utilities,4.858092589487346
Energy,0.7721624836631714
N/A,-2.3317434543395468
