Communication Services,1065.5854905068722
Industrials,35.783710786649344
Healthcare,23.180250736818337
Basic Materials,20.291551454017302
Real Estate,18.91656011757093
Energy,14.139247552522548
Utilities,12.023312044696773
Technology,8.855070247039059
Financial Services,7.253483544593434
N/A,3.265514896412353
Consumer Cyclical,2.2177218652360975
Consumer Defensive,-0.49039219275546103
