Communication Services,200.0653642924238
Healthcare,44.24499467924912
Basic Materials,39.284085079938784
N/A,38.919906824691616
Utilities,25.52091253016377
Real Estate,24.77488265249188
Industrials,21.743425221702708
Energy,15.624539625833508
Technology,14.932870312053414
Financial Services,10.558148554434013
Consumer Cyclical,1.3456281931412497
Consumer Defensive,-9.03461063582277
