Communication Services,32.081124685109906
Basic Materials,29.073854304870473
Industrials,22.372877456823225
Healthcare,12.589485627806667
Consumer Defensive,12.381302947156211
Technology,10.160976954050254
Financial Services,7.431882299032516
Real Estate,6.999874243829966
N/A,5.028251282975966
Consumer Cyclical,4.924398152034103
Utilities,2.119411264861548
,0.0
Energy,-4.369996498278213
