Consumer Defensive,787.9732343674367
Industrials,368.3910836581219
Financial Services,102.85697216206225
N/A,35.876004209368425
Technology,25.92097723762577
Utilities,16.050414269434736
Energy,13.016242784866733
Communication Services,12.754119153856404
Basic Materials,12.180549237171011
Healthcare,5.357644946455719
Real Estate,5.19344478766103
Consumer Cyclical,-7.3191592624998885
