Communication Services,46.02703659478071
N/A,29.88473553871222
Technology,21.79923826102397
Healthcare,14.015463545946279
Consumer Defensive,11.03632638200498
Financial Services,4.641344895093252
Consumer Cyclical,1.2682900917233513
Industrials,0.8042356744318766
Utilities,-1.7725619592075035
Real Estate,-3.212770774430976
Basic Materials,-14.691353504358647
Energy,-15.941586284889821
