Communication Services,53.34550453385798
Financial Services,3.765643446553566
Basic Materials,3.6692415344945153
Industrials,2.4715809915683375
Energy,1.1596957546860172
Technology,-4.958000602155059
Consumer Defensive,-5.072668140932909
Utilities,-5.427172906416008
Healthcare,-8.77678237910462
N/A,-8.982503421106392
Real Estate,-13.940800781961542
Consumer Cyclical,-19.23527826357976
