Financial Services,52.07940864211973
Healthcare,48.30824989197855
Technology,25.41470405098441
Utilities,25.274808402701904
Industrials,23.287312108424835
Consumer Cyclical,15.223723840109239
Communication Services,14.826409452751985
Consumer Defensive,14.375760220112124
Energy,13.720018719739077
N/A,12.68641857961445
Basic Materials,-0.9454596805814631
Real Estate,-11.777402880820018
