Communication Services,786.0845957065699
Real Estate,171.28619616756777
Industrials,74.75947785701639
Utilities,60.21665281095722
Healthcare,58.87175164655017
Basic Materials,49.56316242397417
Consumer Cyclical,23.855530193377067
Technology,21.90631769385914
Financial Services,20.564746345327844
Consumer Defensive,9.896744818223734
N/A,7.938794113151857
Energy,3.7923624590152087
