Communication Services,64.25234577228925
Basic Materials,9.814345943590894
Technology,5.207739325729798
Healthcare,4.5137148678468835
Financial Services,1.0774284090320458
Energy,-1.151963523825009
Utilities,-1.5006869725263858
Consumer Cyclical,-4.297356185700185
Consumer Defensive,-4.498132149883354
Industrials,-5.566309329973638
N/A,-5.774629198917876
Real Estate,-7.674538501444965
