Communication Services,3.615135568068233
Real Estate,1.7255311566862215
Financial Services,1.150348350918138
Industrials,0.7477664276135475
N/A,0.382845974471378
Consumer Defensive,-0.022076159818873023
Energy,-0.34363238564178317
Technology,-0.8456939258002879
Utilities,-0.9135407485463939
Consumer Cyclical,-3.786099729523282
Healthcare,-5.442540812470709
Basic Materials,-6.617685464455204
