Artificial Intelligence,115.77038100241151
Utilities,27.06824974374937
Financial Services,26.49400334091513
Technology,20.440653834249243
Communication Services,15.855342032564218
Industrials,14.4519938149708
Healthcare,7.9386698909085185
Basic Materials,6.5385895410572274
Energy,4.909905800865111
Consumer Defensive,4.693046397839497
N/A,-1.0190541452291757
Consumer Cyclical,-1.4262849525973826
Real Estate,-6.645379509407399
