Consumer Defensive,706.3338636196936
Industrials,547.0778273772951
Financial Services,66.88008986857609
Healthcare,19.095054246696087
N/A,18.17527098201415
Technology,17.7402944884537
Basic Materials,13.753909823883196
Energy,12.773169683093673
Utilities,11.907233469963638
Communication Services,8.973374091004368
Real Estate,6.821741998729769
Consumer Cyclical,-12.303129849475892
