Financial Services,29.1303135287119
Utilities,27.06824974374937
Technology,22.126892289629826
Industrials,11.408207165479805
Communication Services,10.323256459748288
Healthcare,7.938669890908517
Basic Materials,6.5385895410572274
Consumer Defensive,5.656106654321297
Energy,4.909905800865112
Consumer Cyclical,-1.4172204310135808
N/A,-3.5196987456643782
Real Estate,-7.100671769201754
