Communication Services,9024.595976614426
Industrials,120.08302321580771
Consumer Cyclical,29.26164482866407
Technology,26.886731164562153
Financial Services,16.89896525839816
Utilities,9.473889855223156
Energy,9.207717052095374
N/A,8.975296360871768
Basic Materials,5.980722413922575
Consumer Defensive,5.261842793736771
Real Estate,-0.012450943165270805
Healthcare,-0.3609492872371402
