Communication Services,224.5715241224151
Real Estate,202.00370496975032
Healthcare,46.39186108251452
Basic Materials,34.12088674634023
Utilities,33.13843427075618
Energy,32.343208350817854
Financial Services,18.54459043570404
Industrials,13.97970585308052
Technology,9.784261532498746
Consumer Cyclical,-5.221301062308559
N/A,-8.576470572072425
Consumer Defensive,-20.56638756737476
