Consumer Defensive,8.485385442721638
Technology,3.6563442434748623
Utilities,3.3832344257406657
Communication Services,1.58148413334996
Financial Services,-0.40683772960116066
Real Estate,-0.5286695591876848
Energy,-1.9857390820105496
Basic Materials,-2.6480134352112126
Industrials,-4.949024278639439
N/A,-5.874051767994872
Consumer Cyclical,-7.198407609880363
Healthcare,-7.437296512807865
