Communication Services,1160.4646113071838
Healthcare,66.43110352641807
Real Estate,24.3029174071706
Technology,23.381092228756774
Basic Materials,17.4421787585231
Financial Services,11.753496736782568
Industrials,11.348371166499026
Consumer Cyclical,6.739637099503134
Energy,6.10965238625804
N/A,5.341415957829248
Utilities,3.048655642525458
Consumer Defensive,1.265189442839511
