Communication Services,181.8915514615116
Real Estate,36.35655737099597
Basic Materials,29.996571782620403
Utilities,26.834970756897377
Technology,22.368158937002896
Energy,22.090198661130316
Industrials,21.23555841058504
Consumer Cyclical,12.325881200761449
N/A,8.760445006168695
Healthcare,6.313719281707138
Financial Services,3.0029338384311157
Consumer Defensive,1.0924699508350129
