Consumer Defensive,2.268195254967477
Communication Services,-1.1206860027724765
Industrials,-1.4208469575603018
Healthcare,-2.9431962811664003
Basic Materials,-3.004967107062866
Real Estate,-3.2536016580381415
Utilities,-3.8088249632748683
Financial Services,-3.8682300160668657
Technology,-5.74905022242284
Energy,-6.100261488855621
Consumer Cyclical,-6.410885783234133
N/A,-7.865687842677648
