Communication Services,161.81546970659898
N/A,58.774024727903964
Healthcare,44.5014174680632
Basic Materials,39.356343859930774
Industrials,21.23222154928061
Utilities,19.03904940350545
Financial Services,14.013436630781571
Technology,12.26916844114763
Energy,11.776504843887206
Real Estate,8.535375822328152
Consumer Cyclical,1.3770070181990566
Consumer Defensive,-11.739106787300084
