Consumer Defensive,2653.847299926098
Industrials,1812.101973284089
Financial Services,286.8242639151602
Utilities,55.36790971220278
Energy,49.13701584960991
Technology,45.48055132620296
Basic Materials,37.43853980547121
Healthcare,33.65323566293939
N/A,29.47903250911814
Real Estate,26.288924400590417
Communication Services,17.730539792593326
Software,0.026318297160987752
Consumer Cyclical,-45.009120089488526
