Consumer Defensive,3570.310056724272
Financial Services,74.29210051236099
Communication Services,24.22060330727221
Healthcare,21.312738267372236
Industrials,16.517515310090797
Technology,12.012595096074039
Basic Materials,10.950723602930434
Real Estate,6.931216275881113
Consumer Cyclical,4.814748918278486
Energy,4.2116267918462365
Utilities,3.8729890781103644
N/A,2.965760372180396
