Communication Services,140.56527629545872
Industrials,29.23425785659015
Technology,24.515099034783702
Real Estate,21.205834549470275
Financial Services,17.193747080547364
Healthcare,15.283565006513134
Utilities,13.188292438695699
Basic Materials,10.643796994277324
Energy,9.46738122687077
Consumer Cyclical,6.527716446054425
N/A,5.7643501395460195
Consumer Defensive,2.4945017975562642
