Communication Services,46.57741479779158
Basic Materials,22.714753348013218
Healthcare,20.756304804276382
N/A,19.42369663848837
Technology,9.768240346544452
Financial Services,7.809308371783821
Industrials,7.538531691429602
Utilities,7.51620915702465
Consumer Cyclical,5.181770722868014
Real Estate,4.525025155939248
Energy,3.7768738364924355
Consumer Defensive,1.832878397121125
