Consumer Defensive,788.18934210846
Financial Services,60.886902694647915
Technology,24.966109831827435
Communication Services,24.85301990126639
Industrials,20.088001035798527
Basic Materials,19.487323796440965
Healthcare,15.902445902378947
Energy,13.617273197294573
Utilities,12.53086915666684
N/A,10.005610215420704
Consumer Cyclical,9.082852616489768
Real Estate,2.091011677821454
