Consumer Defensive,3123.794797415417
Financial Services,84.44241495756842
Communication Services,26.81332022323407
Healthcare,21.45106615909322
Technology,12.942173591366771
Industrials,12.891323710081211
Basic Materials,8.688360494737218
Consumer Cyclical,5.590367397701544
Energy,5.050131716911187
Real Estate,4.934576544103772
Utilities,3.872989078110364
N/A,2.6749660441842176
