Consumer Defensive,19234.09131033565
Communication Services,37.89961800736221
Basic Materials,30.35650027127642
Industrials,20.33124082610401
Financial Services,12.957614890641969
Healthcare,12.588203483954095
Technology,10.535276867363352
Consumer Cyclical,5.2053487629283115
Utilities,2.119411264861548
N/A,0.9026062166692959
,0.0
Energy,-4.369996498278213
Real Estate,-8.050702766257938
