Communication Services,495.2161421140175
Real Estate,284.26743568113005
Industrials,134.74606546719662
Healthcare,55.98987027978593
Financial Services,51.17782259573176
Technology,43.60835602618617
Basic Materials,30.803540835517605
Consumer Cyclical,22.403280033506025
Utilities,19.454368323959496
Energy,15.527037447019445
Consumer Defensive,9.507003383530845
N/A,7.244370823762027
