Communication Services,160.24898225557524
Real Estate,31.90194935612073
Utilities,26.398519124711914
Basic Materials,21.475257033720418
Technology,20.783321596790902
Energy,20.318600349308813
Consumer Defensive,15.690388390479953
Industrials,11.510723027301603
Healthcare,9.565744625948382
Consumer Cyclical,6.294144725216621
Financial Services,3.955946776196193
N/A,3.8448914499038667
