Communication Services,484.43295057969266
Real Estate,261.6119368552842
Industrials,138.1523076980291
Healthcare,65.66284150041177
Financial Services,61.08860215345881
Technology,50.39914503925193
Utilities,42.776156208441535
Basic Materials,37.073876006938484
Consumer Cyclical,19.974779923106755
Energy,16.34663588116118
Consumer Defensive,6.272819478344288
N/A,5.322010996928802
