Consumer Defensive,3332.33490459975
Financial Services,100.07100483674307
Communication Services,23.41323764785398
Healthcare,21.8310761227888
Industrials,13.45559375438915
Technology,11.838455704477894
Basic Materials,11.612911225378152
Real Estate,6.143118383069883
Energy,6.133663251892386
Consumer Cyclical,5.478055713963082
N/A,5.383036226787426
Utilities,3.872989078110364
