Communication Services,483.90110653807346
Real Estate,261.61193878507714
Industrials,139.54095243588023
Healthcare,64.73830658307254
Financial Services,64.30740179258328
Technology,50.672004792612675
Basic Materials,37.07387600693849
Utilities,22.140674882008387
Consumer Cyclical,18.999797684785122
Energy,16.34663588116118
N/A,5.68032144688991
Consumer Defensive,4.069216528293571
