Financial Services,22.90916099265659
Industrials,15.26923714621258
Basic Materials,4.8869479621992085
Real Estate,1.0334748803569866
N/A,-1.8690758223607153
Consumer Defensive,-2.3058137590476453
Technology,-3.809782974476953
Healthcare,-4.532664840864939
Energy,-5.452817088409996
Utilities,-6.955681072421729
Communication Services,-8.619749309836603
Consumer Cyclical,-17.879603191694464
