Consumer Defensive,3567.747617738975
Financial Services,78.4169703426421
N/A,44.80608694256581
Healthcare,33.180107531750714
Communication Services,14.495931252776607
Industrials,9.096995131128876
Technology,8.704449595978458
Basic Materials,6.927064865299798
Consumer Cyclical,3.0222820526556435
Energy,1.6542126156304047
Utilities,0.07186430437124562
Real Estate,-1.9959874293717152
