Communication Services,19.030058607354878
Consumer Defensive,18.216262092415764
Technology,17.678453000797663
Consumer Cyclical,15.562495778628303
Real Estate,13.896480472364315
Utilities,13.377740154009201
Financial Services,11.397594074826504
Healthcare,9.682905952581264
N/A,3.575919981758867
Basic Materials,0.12464828052319032
Industrials,-1.989840671950495
Energy,-8.541524240370943
