Communication Services,61.901497589224874
Basic Materials,59.44675158407508
Energy,37.616239655784426
Industrials,33.33260330039215
Utilities,23.891569057369235
Healthcare,21.573465064474647
Technology,20.32177564131156
Financial Services,18.43080534571063
Consumer Defensive,15.248141198222147
Real Estate,13.836969092850468
Consumer Cyclical,10.413139033700944
N/A,2.602719838320237
