Communication Services,4242.239091537316
Real Estate,203.7073721096039
Industrials,126.82241658869474
Financial Services,86.61502055502697
Healthcare,64.59670588509039
Utilities,63.34652359076252
Technology,61.49915355988031
Basic Materials,45.15381240579634
Energy,29.18076475692056
N/A,24.905777089027506
Consumer Cyclical,17.465815401169714
Consumer Defensive,4.392488282251237
Artificial Intelligence,0.0
