Communication Services,134.814253820152
Real Estate,85.01973825933197
Artificial Intelligence,36.01933999857294
Healthcare,19.752505815665547
Technology,16.636769722584795
Industrials,15.758023762291552
Basic Materials,15.231596227566243
Energy,12.916631846287725
Hardware,10.841532167451204
Financial Services,9.412025400663408
Utilities,8.961416004406741
Consumer Defensive,5.644561158972503
N/A,5.386278157561359
Consumer Cyclical,3.3584162103953488
