Communication Services,39425.85757845227
Industrials,439.3007511658987
Consumer Cyclical,67.12845301425801
Utilities,20.02721573410444
Energy,16.157620777673774
Financial Services,15.590857228210332
Basic Materials,13.665312728178401
Real Estate,12.054054431576086
Consumer Defensive,8.906718321550255
N/A,8.712654981209566
Technology,8.338335336203524
Healthcare,2.3499720110996147
