Communication Services,174.36740280113096
Real Estate,115.07930118590028
Technology,46.39697738137426
Healthcare,25.862145277618428
Industrials,22.541757030921545
Basic Materials,18.655922925480223
Utilities,11.494988832827152
Energy,8.792861933385398
Financial Services,7.352200663234189
Consumer Cyclical,7.096983885603563
N/A,5.928163568554522
Consumer Defensive,2.704093666442157
