Communication Services,180.39420552620246
Real Estate,104.9879619160855
Healthcare,28.136498412276588
Artificial Intelligence,27.014504998929706
Industrials,23.686115420607518
Basic Materials,19.81482880233792
Technology,19.109202193720456
Hardware,16.386989377249687
Financial Services,13.965290554689826
Energy,13.100392093260906
Utilities,12.179042532117274
Consumer Defensive,8.20277747199519
Consumer Cyclical,6.216492208680919
N/A,5.656012460639365
