Communication Services,169.89895144203786
Real Estate,49.3900025850401
Industrials,39.40079718148127
Healthcare,22.232208207055034
Technology,20.892552949793778
Financial Services,15.07687861150955
Basic Materials,11.588851548332775
Utilities,10.488871290774156
Consumer Cyclical,7.050018102520039
Energy,5.535906839773087
N/A,2.8715144590778285
Consumer Defensive,1.5855079198442654
