Financial Services,19.8315284839494
Healthcare,17.592551654853384
Utilities,14.128891983326746
Consumer Cyclical,14.110792440061676
Industrials,13.240855749151198
Technology,8.640055158234274
Communication Services,3.8601691349769345
Basic Materials,3.6640329379082672
Consumer Defensive,1.9690771496869865
Real Estate,1.7014945908757655
Energy,1.4831460363513138
N/A,-6.566566825696327
