Communication Services,5.3658820427874785
Consumer Defensive,4.441904584912944
Healthcare,4.111904963005801
Technology,1.3450909679976117
Real Estate,-0.36139489090658605
Consumer Cyclical,-3.2887810837338805
Financial Services,-3.403735262880188
Basic Materials,-5.4361831863723085
Energy,-7.512742416621184
Utilities,-7.899979530252627
N/A,-8.337470627965208
Industrials,-13.40570515681772
