Communication Services,47.64658414165874
Utilities,45.419988378283634
Energy,28.575473746615682
N/A,25.900143922409175
Technology,21.826644493319048
Healthcare,12.492739228664355
Industrials,12.18658032288848
Consumer Defensive,2.9155572216455887
Basic Materials,0.6355875124040005
Consumer Cyclical,-6.85021627006467
Financial Services,-10.13914659523922
Real Estate,-23.100487217912587
