Financial Services,4.707928050663091
Real Estate,3.7576345435674527
Technology,0.826166705797635
Consumer Defensive,0.06770065984200535
Energy,-0.25363818703520785
N/A,-0.6054513733770711
Utilities,-3.16206947745953
Communication Services,-4.079376246663127
Industrials,-4.347601954508777
Healthcare,-5.9668336347206665
Basic Materials,-7.777853435789962
Consumer Cyclical,-9.371238692296455
