Communication Services,323.96388677985834
Real Estate,75.53302691605998
Basic Materials,20.01135903403361
Financial Services,16.050321672610504
Consumer Cyclical,15.703725232089583
Technology,13.509373542076275
Healthcare,11.165828135730417
Industrials,10.273368587637705
Utilities,5.63596719998775
Consumer Defensive,4.852923619634326
Energy,3.4197668279920825
N/A,3.3465835691908277
