Communication Services,184.71921319106764
Real Estate,43.788461240298105
Industrials,38.6696004452708
Technology,23.742522175251388
Healthcare,19.526652387093502
Financial Services,14.333483928072015
Basic Materials,12.04128823527174
Consumer Cyclical,9.10447446758243
Energy,7.120935903453437
N/A,4.435354538205385
Utilities,3.7944827970975568
Consumer Defensive,0.8166327232514023
