Financial Services,368.7904517467148
Industrials,104.27530001037219
Healthcare,20.42984493419443
Basic Materials,18.884458770359853
Real Estate,18.267791440413678
Utilities,17.915233207134644
N/A,17.715299394604923
Consumer Cyclical,10.542963834243606
Technology,0.8637458037441145
Communication Services,0.2762005955844676
Consumer Defensive,-0.06660898084762207
Energy,-5.0862323672338094
