Consumer Defensive,3.828422397530628
Financial Services,2.1059957769877347
Real Estate,0.9493566465888392
Industrials,-0.2950654782105759
Utilities,-1.2922506894626475
Technology,-1.4808781703876384
Healthcare,-1.6646617379914015
Communication Services,-2.7473414186438245
Basic Materials,-5.508824098921472
Consumer Cyclical,-6.490972449883092
Energy,-7.711364107193745
N/A,-9.301976304735417
