Consumer Defensive,752.602652928824
Industrials,361.2697434744736
Financial Services,102.96515228938556
Technology,25.29558173574965
N/A,22.429224408336854
Utilities,16.050414269434736
Energy,13.01624278486673
Communication Services,12.191598370830066
Basic Materials,9.369508156258052
Healthcare,5.042740675603036
Real Estate,4.178244372595546
Consumer Cyclical,-15.85259560046312
