Communication Services,131.39244776989617
Industrials,28.211892031545826
Real Estate,23.803216918256194
Technology,22.33024326196702
Basic Materials,14.630139482647145
Healthcare,12.437237306408813
Consumer Cyclical,10.065539076084464
Financial Services,9.12589221438279
Utilities,8.999598683257467
Energy,8.328233290815902
N/A,6.118028969394772
Consumer Defensive,-1.0176379739761177
