Consumer Defensive,2542.162072260935
Industrials,1328.588862269414
Technology,53.23399431019752
N/A,52.56800276785868
Financial Services,51.28192155769576
Utilities,48.54795564746811
Energy,44.197554396019406
Healthcare,35.6697097815083
Basic Materials,30.29885931807141
Communication Services,29.292449006500558
Real Estate,16.84572465661886
Consumer Cyclical,-41.097975448152404
