Consumer Defensive,5.843780167424372
Communication Services,5.3658820427874785
Healthcare,3.5801117326936462
Technology,1.9757729041536993
Real Estate,-0.9088708589868861
Consumer Cyclical,-3.2011739764979974
Financial Services,-3.5245456613601513
Basic Materials,-5.595252374024094
Utilities,-7.899979530252628
Energy,-8.72780798333412
N/A,-10.869425733576266
Industrials,-14.374024820330739
