Communication Services,781.4375139542415
Real Estate,171.28619616756777
Industrials,75.75809301322633
Healthcare,58.87175164655017
Basic Materials,49.56316242397417
Utilities,28.16254991601732
Consumer Cyclical,23.35392333914963
Technology,22.148730129965735
Financial Services,18.62499369487728
Consumer Defensive,8.845600716256545
N/A,7.840341048017145
Energy,3.7923624590152087
