Communication Services,26.01606479115432
Basic Materials,7.824547029841323
Real Estate,1.4720217014197534
Healthcare,-0.5699475736522879
Utilities,-0.9036861879381181
Consumer Defensive,-1.5429815097737627
Financial Services,-1.557621157682708
N/A,-3.409975464767893
Industrials,-3.9671586146297937
Energy,-5.30092681903116
Technology,-7.345252556844757
Consumer Cyclical,-9.171367200232487
