Communication Services,21.674143378471527
Financial Services,10.888167628254608
Basic Materials,8.482217426247916
Energy,-1.4140330848321905
N/A,-2.6903279937098694
Healthcare,-5.888391783763455
Technology,-6.272866977756818
Utilities,-6.716373782964276
Real Estate,-9.234061809868276
Industrials,-9.854274991636938
Consumer Defensive,-10.383321607399607
Consumer Cyclical,-10.680619906902665
