Communication Services,718.6722927993093
Real Estate,405.6134912558218
Industrials,124.5457427162239
Financial Services,63.33957622363254
Technology,54.30930095251693
Healthcare,49.50170784895994
Basic Materials,36.042343749641375
Utilities,24.667438583752315
Consumer Cyclical,16.020298313789333
Consumer Defensive,14.104672520802959
Energy,8.273518875380354
N/A,6.851303541030025
