Consumer Defensive,-5.517137448408906
Basic Materials,-7.809269126400062
Real Estate,-8.227837477834154
Utilities,-8.764000609967301
Consumer Cyclical,-10.197812625822838
Financial Services,-11.70900359362382
Communication Services,-12.73457940296822
N/A,-13.498237580314306
Healthcare,-13.79395368962573
Industrials,-14.204977855121909
Technology,-18.887304426659174
Energy,-20.48713234915962
