Consumer Defensive,706.3338636196936
Industrials,544.1483588792925
Financial Services,68.20975173870188
Healthcare,19.22850203323339
Technology,16.853702923965358
N/A,13.605378587938397
Energy,13.406219981107936
Basic Materials,12.811320416459512
Utilities,11.372254766111265
Communication Services,7.788087153969909
Real Estate,6.519680009354532
Consumer Cyclical,-11.8269230183289
