Communication Services,27.602064019610157
Technology,26.348363232699306
Energy,23.143271430972728
N/A,11.497267879381715
Healthcare,9.546300765082101
Industrials,8.000639684575404
Consumer Defensive,0.8222935494471773
Utilities,-2.3523548200720126
Basic Materials,-3.8797201430671797
Consumer Cyclical,-6.874002679564639
Financial Services,-9.57161731374503
Real Estate,-17.237172167722438
