Consumer Defensive,6.01551299771211
Basic Materials,3.1000156538513157
Healthcare,-8.52551463357646
N/A,-8.982326180782787
Financial Services,-10.644190026395947
Real Estate,-13.417739302149855
Communication Services,-14.488713210944459
Industrials,-18.717336740367656
Technology,-19.147905429005775
Utilities,-19.977639130912618
Consumer Cyclical,-24.709408126842362
Energy,-32.6809289520982
