Communication Services,146.07956750409073
Real Estate,88.80634581372938
Healthcare,19.325270677700935
Technology,17.4950263076563
Industrials,16.195533551164306
Basic Materials,15.137280849666755
Energy,12.777512126382279
Utilities,8.841219993344879
Financial Services,7.697520560791878
Consumer Defensive,5.551293971692668
N/A,3.3568278872552106
Consumer Cyclical,3.1258002122488144
