Financial Services,34.87501498205725
Communication Services,32.35782100860489
Basic Materials,13.035280546411036
N/A,-4.327569919269379
Utilities,-4.5090760096295
Industrials,-4.650081836874709
Consumer Defensive,-4.901325638762019
Healthcare,-6.866812674456904
Real Estate,-8.642938633937465
Energy,-9.160419646709425
Consumer Cyclical,-12.413378067032772
Technology,-14.249649983605936
