Communication Services,14311.946565824263
N/A,555.6073988283948
Industrials,447.15604633976966
Technology,59.13785097003918
Financial Services,57.70273395760434
Consumer Cyclical,38.87587060456889
Energy,31.141502025582565
Utilities,21.795482634537624
Consumer Defensive,10.615875596419936
Basic Materials,4.416165898688134
Healthcare,0.24471429927486346
Real Estate,-25.67391677074989
