Communication Services,24.66074945389732
Basic Materials,7.657265463873155
Real Estate,1.3360476111997492
Healthcare,-0.08215119332895401
Utilities,-0.9036861879381182
Financial Services,-1.262746884393657
Consumer Defensive,-1.6579321583638391
Industrials,-4.020128788676342
Energy,-4.335176358854287
N/A,-4.345083922595846
Technology,-7.13711486879353
Consumer Cyclical,-8.941918144577498
