Communication Services,1259.090476675937
Industrials,26.558297739639766
Real Estate,23.803216918256194
Technology,20.946010636796323
Healthcare,13.769865904881541
Basic Materials,12.515857128064715
N/A,12.080159951472504
Energy,11.233261360376384
Utilities,8.999598683257467
Financial Services,7.398723642693196
Consumer Cyclical,6.921336585973683
Consumer Defensive,-1.0188573436495965
