Financial Services,54.614133753698
Utilities,34.72185736642675
Healthcare,33.79872273381881
Technology,31.735664199405146
Industrials,26.532672469748753
Consumer Cyclical,22.4633075625783
Consumer Defensive,21.08468475956668
Communication Services,18.01302492745205
N/A,14.071904829582703
Basic Materials,1.7808241738456982
Energy,0.5672776861926062
Real Estate,-4.31341171850148
