Consumer Defensive,-5.373165643281244
Utilities,-6.98834254104551
Basic Materials,-8.372657687910824
Real Estate,-9.363247320368545
Consumer Cyclical,-10.320516888317488
Financial Services,-12.253207346776373
Healthcare,-13.604935426542816
Communication Services,-13.705454004490802
Industrials,-14.014483510869052
N/A,-14.396838006322309
Energy,-17.830615757029364
Technology,-18.028852281284905
