Communication Services,13.341424473744542
Consumer Defensive,11.835448632841906
Technology,11.48918602802409
Utilities,10.357437707385477
Financial Services,10.152146382660852
Consumer Cyclical,8.671172758201548
Healthcare,5.943651101321045
Real Estate,4.582639763998606
Industrials,0.5342529559163083
Basic Materials,-1.0724706264225323
N/A,-4.500543965833105
Energy,-12.55972054286392
