Communication Services,46.778501344410586
Financial Services,30.246537918181428
N/A,25.20921316561448
Technology,24.57861733873605
Basic Materials,23.728153796999486
Industrials,20.086262807156032
Healthcare,17.312157813852178
Energy,14.08888330368804
Utilities,11.81463408657528
Consumer Defensive,8.38695936423374
Real Estate,2.4691615531993985
Consumer Cyclical,-18.505874685661
