Communication Services,5.3658820427874785
Consumer Defensive,5.3390338315530945
Healthcare,3.053370034280593
Technology,1.31667834503746
Consumer Cyclical,-2.004318635574057
Real Estate,-2.263676784978952
N/A,-3.5442968562510937
Financial Services,-3.991258150320003
Basic Materials,-4.733814007289066
Utilities,-7.899979530252627
Energy,-9.288114256757558
Industrials,-13.72310516224541
