Communication Services,37.628631419199465
Technology,22.216945243764638
N/A,17.310949724675957
Basic Materials,13.014374257607829
Industrials,10.951249514688662
Financial Services,9.731154424849409
Healthcare,9.18891373525491
Real Estate,7.407400139656377
Energy,4.100647167519549
Consumer Cyclical,1.223496081559264
Consumer Defensive,1.1670594525967222
Utilities,0.9085070776798261
