Consumer Defensive,786.7126387074932
Industrials,403.8788234759401
N/A,15.699512169415478
Healthcare,14.041157838270061
Technology,13.504356767328325
Financial Services,13.124039897704144
Basic Materials,9.45961656636593
Energy,9.173733212345828
Communication Services,8.301777970086798
Utilities,4.353400562542734
Real Estate,2.155473030367789
Consumer Cyclical,2.0912394438278805
