Communication Services,323.95869188683986
Real Estate,60.65295912964903
Basic Materials,20.01135903403361
Financial Services,16.050321672610504
Consumer Cyclical,15.106473761156543
Technology,12.99472137808423
Healthcare,11.162355871887542
Industrials,10.219442566456236
Utilities,5.63596719998775
Consumer Defensive,4.852923619634325
Energy,3.419766827992082
N/A,2.996936157679565
