Consumer Defensive,1.961660594438433
Basic Materials,1.0963918132852835
Real Estate,-1.3836375224516455
Communication Services,-2.2877166808029594
Industrials,-2.850594452294041
N/A,-3.0058819952811113
Utilities,-3.862371758822714
Financial Services,-4.708455732912352
Healthcare,-5.530421549546424
Energy,-6.919542728393064
Consumer Cyclical,-7.2544717999910135
Technology,-7.831292425647083
