Consumer Defensive,24.37180215932187
N/A,18.00838401297094
Technology,14.323338571746673
Healthcare,12.161082257214984
Communication Services,9.02855512212001
Financial Services,7.776919902073554
Consumer Cyclical,3.11879978793877
Industrials,2.3856495074478707
Energy,0.9461420468191247
Real Estate,0.9165276981165891
Utilities,0.0747070044012157
Basic Materials,-0.4274409356167405
