Communication Services,-4.352441884187855
Basic Materials,-5.15251119959583
Real Estate,-5.212766668658834
Consumer Defensive,-10.62671031208895
Healthcare,-11.56034425823387
N/A,-12.344885561876412
Energy,-13.633484573680008
Financial Services,-13.812079406252051
Consumer Cyclical,-15.349417588966608
Technology,-17.190431807491905
Industrials,-18.841407939755996
Utilities,-21.279013175350972
