Artificial Intelligence,13.132512669282413
Energy,9.683296937201407
Basic Materials,7.684201002205673
Industrials,5.096045456566559
Consumer Defensive,4.66029321429677
Utilities,4.390353421648705
Healthcare,4.050101475735389
Consumer Cyclical,2.312977785005312
Real Estate,0.21181911371191486
Communication Services,-0.6842085115580127
Financial Services,-3.257397264815821
Technology,-3.371122018172748
N/A,-5.303485854200172
