Communication Services,60.257884977403585
Real Estate,40.69174507446681
Healthcare,23.027578579476575
Basic Materials,21.216117911787954
Industrials,10.439924203966935
Financial Services,10.299207870616646
Technology,8.923595238750442
Energy,8.039801232015916
Utilities,7.871486089525526
Consumer Cyclical,5.519646711906819
Consumer Defensive,-0.18994564485908128
N/A,-2.1244440536015876
