Financial Services,143.9696210952496
Healthcare,80.26617513332499
Communication Services,71.88078891277355
Energy,69.1568352863264
Utilities,63.64196920433259
Industrials,63.331530338387296
Technology,61.7635598817373
Basic Materials,60.42311281088144
Consumer Defensive,31.298649637812296
Consumer Cyclical,23.501091219367275
N/A,12.70147050894003
Real Estate,2.9503692845324387
