Communication Services,50.43033890908722
Real Estate,44.05811655496239
Healthcare,17.991460752406258
Basic Materials,10.199287237928178
Industrials,5.759025631689529
Technology,5.72495454538259
Energy,4.707756018831283
Consumer Cyclical,3.3481878037294917
Financial Services,2.4291049576495274
Utilities,0.7607485151824259
N/A,0.34178116907979034
Consumer Defensive,-1.16336949570431
