Communication Services,1397.9375974222448
Technology,23.224925203383645
Industrials,21.380094413774668
Real Estate,18.950742964455067
Healthcare,15.66516318627696
Utilities,11.926301079658721
Basic Materials,9.7259789674247
Financial Services,9.719905822228736
Energy,9.24557991726084
N/A,5.5537524215928125
Consumer Cyclical,3.3912893786552867
Consumer Defensive,2.7999268843075376
