Communication Services,1293.145372253071
Real Estate,204.951789280388
Industrials,129.26258125419753
Healthcare,67.86320803137238
Financial Services,46.908587648565145
Technology,43.086884299230924
Utilities,28.756494513867064
Energy,27.695311363837458
Basic Materials,23.68457516835932
Consumer Cyclical,14.775390558855708
Consumer Defensive,7.108894718741542
N/A,2.0398173670825224
