Consumer Defensive,881.5325703574786
Financial Services,46.691963158238174
Communication Services,20.17072027047908
Technology,19.653033157110695
Industrials,14.743426261153504
Healthcare,14.580179963793194
Basic Materials,13.93898815320505
Energy,10.571711897531722
Consumer Cyclical,7.936826729694409
Utilities,7.5178913323013585
N/A,6.404971689851274
Real Estate,2.2708948701598004
