Consumer Defensive,2933.457101351668
Real Estate,267.26996983506524
Healthcare,240.96157716382174
Communication Services,27.33520182549443
N/A,26.102242357954637
Basic Materials,17.054237618418643
Utilities,15.345038102826098
Industrials,11.22839810608274
Financial Services,6.848031277352551
Technology,2.361509199615797
Energy,-1.2316870190945914
Consumer Cyclical,-9.299913374969893
