Communication Services,140.21960902845618
Healthcare,44.53442503102347
Basic Materials,39.299635260017325
Utilities,24.734381041301
Real Estate,21.538090871575562
Industrials,16.0171097953211
Technology,15.268790704865369
Energy,10.637587862681631
Financial Services,10.558148554434013
Consumer Cyclical,0.8111296764320562
N/A,-7.319328054876518
Consumer Defensive,-7.375756077619542
