Communication Services,5018.989853522874
Basic Materials,155.82100679872198
Real Estate,121.96982347283534
Utilities,104.52459106928063
Industrials,70.59140245348073
Healthcare,56.5709578184164
Financial Services,55.911969998711676
Technology,48.590864936781585
Energy,42.65372278407645
Consumer Cyclical,15.285436700129484
Consumer Defensive,4.375585252725709
N/A,-2.5133140923297708
