Communication Services,12.193973433372303
Technology,10.551865497892184
Healthcare,4.5096984798944675
Energy,2.611739634256363
Industrials,2.1082124881815205
Financial Services,0.8102426190572151
Utilities,0.6733154904177394
Consumer Cyclical,0.3945592319890095
Basic Materials,0.10977405836040285
Consumer Defensive,-0.2626956085632805
Real Estate,-1.2077874052499376
N/A,-4.517797675472803
