Communication Services,7.060446444482531
Technology,2.6864065516386186
N/A,2.677222357848912
Consumer Defensive,1.4849965171345831
Real Estate,1.0666957475723409
Utilities,0.4737533268350584
Financial Services,0.09297041307742178
Healthcare,-0.15850817520472865
Industrials,-0.7717726729698187
Consumer Cyclical,-2.0053830989035735
Energy,-2.627915100170049
Basic Materials,-6.233794720941957
