Communication Services,51.78891989980585
N/A,47.538864701026576
Utilities,14.533426594089814
Basic Materials,14.38988185078702
Industrials,12.237414449538567
Real Estate,7.652818866218089
Technology,4.846833977604473
Financial Services,4.587490800730722
Energy,4.038763015546651
Consumer Defensive,3.4889598505905224
Healthcare,-1.8191642597089361
Consumer Cyclical,-2.806325935336025
