Communication Services,14.830549364418541
Basic Materials,11.750348614807484
Healthcare,4.988730979533134
Financial Services,4.902722034792746
Technology,4.713934643534619
Consumer Cyclical,1.7360460136328109
Industrials,1.5337182140081518
Consumer Defensive,1.4152227056298736
Utilities,1.3056172953573375
Real Estate,1.1508592705162213
Energy,0.06570457326798185
N/A,-5.0070188769932304
