Communication Services,134.2068494022825
Industrials,27.676917485928286
Real Estate,23.803216918256194
Technology,20.923847211271628
Basic Materials,14.722384141896462
Healthcare,12.323011265277641
Energy,11.233261360376384
Consumer Cyclical,9.49305639875812
Utilities,8.999598683257465
Financial Services,7.359454564737028
N/A,5.639908732444328
Consumer Defensive,-0.899500579468289
