Communication Services,29.541566664709283
Energy,27.19283730798244
Utilities,21.527907394938836
Industrials,20.43933943683442
Healthcare,16.651179534247788
Technology,15.312373418659199
Financial Services,9.237752291097772
Basic Materials,8.848732781607813
Consumer Defensive,6.246141725517075
Consumer Cyclical,4.675225380470771
Real Estate,4.510251768476353
N/A,3.9189647454909755
