Consumer Defensive,708.2215173387883
Industrials,530.2150540045168
Consumer Cyclical,459.8675977487566
N/A,19.364212461601454
Healthcare,16.99800613477494
Basic Materials,15.926496401975028
Real Estate,14.901385294556885
Communication Services,14.533238147811113
Technology,11.787070183727396
Financial Services,7.364474360802935
Energy,5.552443022746449
Utilities,3.357523959018108
