Communication Services,1189.7684277430737
Industrials,40.26685246387632
Real Estate,36.925102195173054
Technology,28.112852158700036
Healthcare,24.322370033679842
Financial Services,20.068576923698004
Utilities,14.415914365431455
Basic Materials,14.000483684990417
Consumer Cyclical,6.021237770307871
Energy,4.959908477540741
N/A,4.4330642891187635
Consumer Defensive,1.8787876260008056
