Artificial Intelligence,47.43528421894822
Industrials,2.2572580036920247
N/A,2.203459692888275
Basic Materials,2.0771595164105654
Healthcare,1.9154380816917922
Consumer Cyclical,1.5398223615300453
Consumer Defensive,1.3687661435244443
Energy,-0.21310478866755905
Financial Services,-0.8841512528204004
Communication Services,-1.5825352558348385
Real Estate,-3.47121787472981
Utilities,-4.604952080786267
Technology,-4.615024220433153
