Communication Services,128.39099766454933
Real Estate,36.613386247791574
Industrials,23.27482770953357
Technology,15.657041178148505
Healthcare,14.586838669721171
Basic Materials,9.572587334217792
Financial Services,9.494265068849689
Energy,6.128852643817164
Utilities,5.990286867920628
Consumer Cyclical,5.057974786040355
N/A,3.121620889652321
Consumer Defensive,0.030591838836799015
