Communication Services,110.34831885293097
Consumer Cyclical,92.07932229494274
Healthcare,25.581571197995963
Real Estate,24.7113845994115
Financial Services,18.58922322771154
Technology,18.10480889257296
Energy,13.187457096625955
Consumer Defensive,8.450845295314384
Utilities,7.532266865457226
Industrials,-2.464457766617371
N/A,-4.267720153315439
Basic Materials,-11.49486375481598
