Financial Services,14.25902202921407
Utilities,8.883573418761603
Energy,8.121253962164607
Healthcare,3.006003698257519
Real Estate,-0.07012566988817308
N/A,-1.4385334986875158
Technology,-4.313890413286242
Industrials,-4.544726021139495
Communication Services,-6.128319881514784
Consumer Cyclical,-7.011388700200451
Consumer Defensive,-8.761147234869508
Basic Materials,-15.65718771122247
