Communication Services,12.704888043141056
Technology,6.258776483915453
Real Estate,3.7355152012574764
Industrials,3.70664209852905
Energy,2.5643347144142616
Financial Services,1.461540541340543
Basic Materials,1.2548172135484725
N/A,1.06770376645108
Utilities,0.9785287573792633
Healthcare,0.9403133084379272
Consumer Defensive,0.3099340698220277
Consumer Cyclical,-1.430042952246856
