Communication Services,53502.49408804784
Industrials,415.32920791497025
Consumer Cyclical,73.91587533147354
Financial Services,24.079125031556067
Utilities,20.02721573410444
Energy,13.939931037181402
Basic Materials,13.665312728178401
Real Estate,12.054054431576086
Consumer Defensive,8.906718321550255
Technology,8.522258331898941
Healthcare,2.7389076472232627
N/A,2.1102919908321294
