Consumer Defensive,3332.114215574196
Financial Services,80.58655975063434
Communication Services,28.09166754680855
Healthcare,21.09003064368321
Industrials,13.184960769940002
Technology,13.072103635927965
Basic Materials,8.688360494737218
N/A,7.193462873820001
Energy,5.050131716911187
Real Estate,4.934576544103772
Utilities,3.8729890781103644
Consumer Cyclical,3.2070599256787764
