Consumer Defensive,-4.286926197238052
Consumer Cyclical,-5.138627389012397
N/A,-5.250343992683167
Utilities,-6.98834254104551
Real Estate,-8.508497649140061
Basic Materials,-8.577967903765442
Financial Services,-11.513121412354927
Communication Services,-12.412532337990058
Healthcare,-13.582884503831602
Industrials,-14.0713842275795
Energy,-16.528152282357127
Technology,-17.40474834744854
