Communication Services,18.22081607369346
Basic Materials,-2.8354780612488972
N/A,-7.13615586337561
Technology,-9.194990051679868
Financial Services,-11.837887682831564
Consumer Defensive,-13.062428945409701
Healthcare,-14.794628567924647
Real Estate,-14.854933210509431
Consumer Cyclical,-18.173290689645295
Utilities,-18.485328352027935
Industrials,-24.768723811963433
Energy,-25.57348105884705
