Communication Services,187.03136647516865
Real Estate,98.68299396997047
Energy,15.547536865665032
Basic Materials,12.995230472594733
Technology,11.090732795105007
Utilities,8.395137099161776
Healthcare,5.48846904462075
Consumer Cyclical,4.813031681662277
Financial Services,4.673684036787184
Industrials,4.062896339280522
Consumer Defensive,3.605093300531389
N/A,3.0741321324058037
