Consumer Defensive,2.702817812770816
Industrials,2.2970981995842883
Basic Materials,1.733651178400646
Utilities,0.26800435621238916
Real Estate,-0.6700819515694076
Financial Services,-1.649251548881523
Technology,-1.9902182940895286
Healthcare,-2.003759733476925
Communication Services,-2.5049407015255025
N/A,-3.326113582509858
Consumer Cyclical,-4.72424339016171
Energy,-9.334638718896374
