Financial Services,56.90366711871573
Healthcare,40.37359274369755
Utilities,40.29625106706164
Industrials,31.551987159206462
Technology,30.77861568935109
Consumer Cyclical,18.9036653527491
Consumer Defensive,17.54341302067824
Energy,12.76410660060354
Communication Services,9.011971861184321
N/A,1.4370047914398927
Basic Materials,1.0650057155763575
Real Estate,-3.7055943901376303
