Consumer Defensive,144.8907760392568
Healthcare,13.485864735592438
Communication Services,9.36220302978159
Consumer Cyclical,7.932365578030337
Financial Services,4.753404287970873
Real Estate,4.712305636066542
Utilities,4.381674738555233
N/A,1.8679382114355192
Technology,-0.013411089057151401
Energy,-0.3760868819369505
Industrials,-5.04852479473499
Basic Materials,-10.231621275723798
