Communication Services,24.785058961646886
Energy,17.835551578758352
N/A,15.846636389781816
Technology,15.070729778863114
Utilities,9.135484263484347
Consumer Defensive,5.937643170733137
Healthcare,5.118940462721269
Industrials,3.4346644042902312
Basic Materials,-0.05091964287537413
Financial Services,-8.915602775666217
Consumer Cyclical,-10.336576755074832
Real Estate,-39.65631509675561
