Consumer Defensive,2772.708582919099
Industrials,2079.30923441282
Consumer Cyclical,1470.325194696269
Basic Materials,58.20653508292293
Financial Services,45.45595283564782
Healthcare,40.54816452160503
Real Estate,38.94376829322853
Energy,37.82427759405332
Utilities,23.01752418420967
Communication Services,22.395740250187757
Technology,17.052692640924292
N/A,10.3405582512165
