Communication Services,145.14406449695042
Real Estate,83.26399052615706
Healthcare,20.501215137830076
Technology,18.60920932981069
Industrials,16.493737370176923
Basic Materials,15.682551035450915
Energy,12.903930748692218
Utilities,9.013009642813575
N/A,8.283018747700838
Financial Services,7.074882959199166
Consumer Defensive,5.644561158972503
Consumer Cyclical,3.902623602179734
