Financial Services,76.28392309052951
Communication Services,15.510944031531974
Industrials,11.11791519274503
Consumer Cyclical,11.005776971852091
Energy,7.23421849022151
Technology,6.814468545157889
Healthcare,6.317198723480835
Basic Materials,4.495741762951424
N/A,3.866447977719172
Real Estate,3.4538385537333456
Utilities,-0.17368214418168687
Consumer Defensive,-3.7676139348899134
