Communication Services,21.99553366702307
Basic Materials,4.54207169633516
Utilities,-0.6857804094872944
Real Estate,-1.152149129233658
Consumer Defensive,-1.4664273128068581
Financial Services,-2.422775176767197
Healthcare,-3.5832436728340844
Industrials,-4.196577852275164
N/A,-4.417887237414233
Energy,-6.853583153450484
Technology,-8.237416381859358
Consumer Cyclical,-8.75866295354339
