Communication Services,171.01576301462262
Real Estate,29.988193144957425
Technology,25.548222883558502
Industrials,23.96901550425493
Basic Materials,10.4156493282236
Healthcare,9.167287077777647
Financial Services,8.023816628265223
Energy,6.024419940367237
Consumer Cyclical,3.265506245314799
N/A,2.6920139473057065
Utilities,1.775613186323809
Consumer Defensive,0.7580982384534944
