Financial Services,16.11835615938181
N/A,6.523032532350328
Consumer Defensive,4.627023586848987
Real Estate,3.3992581294467765
Industrials,1.6382740658784953
Healthcare,1.4105974394010583
Communication Services,0.42474197868969876
Consumer Cyclical,-0.8569236876658537
Basic Materials,-1.3613700989983433
Technology,-2.361965156891336
Utilities,-4.353475276932753
Energy,-8.461192692049226
