Communication Services,5.3293478604094435
Energy,5.001395781702459
Financial Services,2.9624247823299896
Real Estate,1.5557779330594599
Industrials,0.9450015836085947
Utilities,0.13776211772893715
Healthcare,-0.26797236041412115
Basic Materials,-0.8226055664252258
Consumer Defensive,-0.8390987263943958
Technology,-1.0228875167072409
N/A,-3.2969696133702566
Consumer Cyclical,-3.4720672685236056
