Consumer Defensive,2801.447954868845
Industrials,1806.2312882638853
Financial Services,285.8288314054611
Utilities,64.61825137379172
Technology,43.87921160240067
Basic Materials,42.68451981462489
Real Estate,36.82555082383486
Energy,34.37885725507131
N/A,32.87535799026294
Healthcare,31.13982525192727
Communication Services,19.49279537585997
Consumer Cyclical,-46.01000607459501
