Communication Services,442.4773488353948
Industrials,34.10340723437868
Real Estate,22.58640921001627
Healthcare,20.25060770298329
Technology,19.027818032297194
Financial Services,13.833643648207417
N/A,9.747421921344671
Basic Materials,9.140845238681168
Energy,5.915825790582125
Consumer Defensive,4.516670094772673
Consumer Cyclical,4.1610394766932135
Utilities,2.3137881686341415
