Communication Services,23.119626949634903
Real Estate,20.65885444943935
Industrials,16.25995252535004
Healthcare,15.00337247434425
Basic Materials,14.636562838063556
Consumer Cyclical,8.966964679890669
Technology,6.7481396312864
Financial Services,4.952335844831338
Consumer Defensive,1.7903927110659665
N/A,0.7398658009544858
Energy,-1.5146482360261564
Utilities,-5.518804147797081
