Communication Services,7.234137348381236
Healthcare,6.932855571765503
Consumer Defensive,3.0534988694081546
Consumer Cyclical,2.2570947566123105
N/A,1.2262298899248902
Financial Services,0.813996988991994
Energy,-2.908706484560561
Real Estate,-5.149598913547306
Technology,-7.506097343804464
Utilities,-10.252272974845381
Basic Materials,-15.648912341605268
Industrials,-20.055692417904115
