Communication Services,51.236341571420006
Technology,20.939161955556354
Industrials,14.624352477666097
Basic Materials,12.928852942097734
Healthcare,8.747607422686473
Financial Services,8.00663794883654
Real Estate,7.407400139656377
Energy,3.032162405500088
N/A,2.504504967579142
Consumer Cyclical,1.533685379879171
Consumer Defensive,1.0988187371431577
Utilities,0.9085070776798261
