Communication Services,41.91862740159353
Basic Materials,10.049045485837748
N/A,-4.026845162315547
Healthcare,-7.812092149886338
Consumer Defensive,-8.936635927693487
Real Estate,-14.624154668084321
Financial Services,-16.68284314372343
Industrials,-20.756926432665505
Technology,-23.28150995499626
Consumer Cyclical,-25.569612635388108
Energy,-25.83744528974555
Utilities,-26.14995569885272
