Financial Services,369.958966841568
Industrials,99.03149407462608
Healthcare,18.9732840956131
N/A,18.418087342891546
Utilities,16.45188586058246
Real Estate,16.15925675335276
Basic Materials,14.672111148930307
Consumer Cyclical,10.823564647269906
Technology,2.3850045911575806
Communication Services,0.5850035940510762
Consumer Defensive,0.014913836806676573
Artificial Intelligence,0.0
Energy,-0.7146625099508471
