Communication Services,213.7735813173867
Technology,80.55133537341601
Industrials,40.59566462666626
Real Estate,37.74401374323793
Healthcare,19.702061909621282
Financial Services,18.611067909233185
Basic Materials,11.129940106369034
Consumer Cyclical,8.563696258618133
Energy,4.858610513031672
N/A,4.305861259206285
Utilities,3.5629217302271194
Consumer Defensive,0.9284276114457255
