Financial Services,40.50338407446475
Technology,28.148142956194928
Healthcare,23.955919937314277
Real Estate,18.950327107124895
Industrials,17.900803637865277
Communication Services,16.473217554823815
Energy,9.15359610792327
Consumer Cyclical,8.04563951802371
Basic Materials,7.288143519798556
Utilities,3.7165757390834067
N/A,2.5530433810608697
Consumer Defensive,-2.439483434889793
